{
"obd": {
	"fastinit": true, 
	"funcname": "ABS", 
	"kw1": "D0", 
	"kw2": "8F", 
	"protocol": "KWP2000", 
	"funcaddr": "01"
}, 
"devices": [
	{
	"dtc": 20511, 
	"devicedata": {}, 
	"dtctype": 0, 
	"name": "Capteur vitesse roue AVG"
	}, 
	{
	"dtc": 20684, 
	"devicedata": {}, 
	"dtctype": 0, 
	"name": "Alimentation calculateur"
	}, 
	{
	"dtc": 20495, 
	"devicedata": {}, 
	"dtctype": 0, 
	"name": "Capteur vitesse roue AVD"
	}, 
	{
	"dtc": 20678, 
	"devicedata": {}, 
	"dtctype": 0, 
	"name": "Capteur p\u00e9dale de frein"
	}, 
	{
	"dtc": 20675, 
	"devicedata": {}, 
	"dtctype": 2, 
	"name": "Calculateur"
	}, 
	{
	"dtc": 20543, 
	"devicedata": {}, 
	"dtctype": 0, 
	"name": "Capteur vitesse roue ARG"
	}, 
	{
	"dtc": 20527, 
	"devicedata": {}, 
	"dtctype": 0, 
	"name": "Capteur vitesse roue ARD"
	}, 
	{
	"dtc": 20550, 
	"devicedata": {}, 
	"dtctype": 0, 
	"name": "G\u00e9n\u00e9rique capteur vitesse roue"
	}
], 
"ecuname": "ABS8 v1.7", 
"autoidents": [
	{
	"diagversion": "28", 
	"supplier": "037", 
	"version": "0101", 
	"soft": "EF9E"
	}, 
	{
	"diagversion": "28", 
	"supplier": "037", 
	"version": "0101", 
	"soft": "FCB0"
	}, 
	{
	"diagversion": "24", 
	"supplier": "037", 
	"version": "1000", 
	"soft": "6FB8"
	}, 
	{
	"diagversion": "24", 
	"supplier": "037", 
	"version": "1100", 
	"soft": "8EFE"
	}, 
	{
	"diagversion": "24", 
	"supplier": "037", 
	"version": "1205", 
	"soft": "6F7C"
	}, 
	{
	"diagversion": "24", 
	"supplier": "037", 
	"version": "0100", 
	"soft": "F233"
	}, 
	{
	"diagversion": "24", 
	"supplier": "037", 
	"version": "0101", 
	"soft": "ED6B"
	}
], 
"endian": "Big", 
"requests": [
	{
	"receivebyte_dataitems": {
		"Mois APV": {
		"firstbyte": 7
		}, 
		"Ann\u00e9e ECU": {
		"firstbyte": 3
		}, 
		"Ann\u00e9e APV": {
		"firstbyte": 6
		}, 
		"Jour ECU": {
		"firstbyte": 5
		}, 
		"Mois ECU": {
		"firstbyte": 4
		}, 
		"Jour APV": {
		"firstbyte": 8
		}
	}, 
	"deny_sds": [
		"plant", 
		"aftersales", 
		"engineering", 
		"supplier"
	], 
	"minbytes": 8, 
	"sentbytes": "21B0", 
	"name": "RDBLI_Dates"
	}, 
	{
	"sendbyte_dataitems": {
		"Status remplissage": {
		"firstbyte": 3
		}
	}, 
	"deny_sds": [
		"plant", 
		"aftersales", 
		"engineering", 
		"supplier"
	], 
	"minbytes": 2, 
	"sentbytes": "3BE000", 
	"name": "WDBLI_Process_byte"
	}, 
	{
	"sendbyte_dataitems": {
		"VIN_CRC": {
		"firstbyte": 20
		}, 
		"VIN": {
		"firstbyte": 3
		}
	}, 
	"deny_sds": [
		"plant", 
		"aftersales", 
		"engineering", 
		"supplier"
	], 
	"minbytes": 2, 
	"sentbytes": "3B8100000000000000000000000000000000000000", 
	"name": "WDBLI_VIN"
	}, 
	{
	"receivebyte_dataitems": {
		"Etat fonction REF": {
		"bitoffset": 2, 
		"firstbyte": 4
		}, 
		"Etat contact feux de stop": {
		"firstbyte": 4
		}, 
		"Etat fonction ABS": {
		"bitoffset": 1, 
		"firstbyte": 4
		}, 
		"Tension d alimentation": {
		"firstbyte": 3
		}
	}, 
	"deny_sds": [], 
	"minbytes": 4, 
	"sentbytes": "21C2", 
	"name": "RDBLI_System_status"
	}, 
	{
	"receivebyte_dataitems": {
		"Vitesse v\u00e9hicule": {
		"firstbyte": 11
		}, 
		"Vitesse ARD": {
		"firstbyte": 9
		}, 
		"Vitesse ARG": {
		"firstbyte": 7
		}, 
		"Vitesse AVD": {
		"firstbyte": 5
		}, 
		"Vitesse AVG": {
		"firstbyte": 3
		}
	}, 
	"deny_sds": [], 
	"minbytes": 12, 
	"sentbytes": "21C0", 
	"name": "RDBLI_Speed"
	}, 
	{
	"name": "StartRoutine - BleedingProcedure Part1", 
	"deny_sds": [], 
	"manualsend": true, 
	"receivebyte_dataitems": {
		"Etat de la routine": {
		"firstbyte": 3
		}, 
		"Phase de la purge apr\u00e8s vente": {
		"firstbyte": 4
		}
	}, 
	"minbytes": 4, 
	"sentbytes": "3105200100"
	}, 
	{
	"name": "StartRoutine - BleedingProcedure Part3", 
	"deny_sds": [], 
	"manualsend": true, 
	"receivebyte_dataitems": {
		"Etat de la routine": {
		"firstbyte": 3
		}, 
		"Phase de la purge apr\u00e8s vente": {
		"firstbyte": 4
		}
	}, 
	"minbytes": 4, 
	"sentbytes": "3105200304"
	}, 
	{
	"name": "StartRoutine - BleedingProcedure Part2", 
	"deny_sds": [], 
	"manualsend": true, 
	"receivebyte_dataitems": {
		"Etat de la routine": {
		"firstbyte": 3
		}, 
		"Phase de la purge apr\u00e8s vente": {
		"firstbyte": 4
		}
	}, 
	"minbytes": 4, 
	"sentbytes": "3105200200"
	}, 
	{
	"name": "StartRoutine - BleedingProcedure Part4", 
	"deny_sds": [], 
	"manualsend": true, 
	"receivebyte_dataitems": {
		"Etat de la routine": {
		"firstbyte": 3
		}, 
		"Phase de la purge apr\u00e8s vente": {
		"firstbyte": 4
		}
	}, 
	"minbytes": 4, 
	"sentbytes": "3105200404"
	}, 
	{
	"sentbytes": "31032002", 
	"deny_sds": [], 
	"minbytes": 1, 
	"manualsend": true, 
	"name": "StartRoutine - Hydraulic_test_AVD"
	}, 
	{
	"name": "StartRoutine - StartPolesCounting_RR", 
	"deny_sds": [], 
	"manualsend": true, 
	"receivebyte_dataitems": {
		"Nom de la roue choisie": {
		"firstbyte": 4
		}, 
		"Etat de la routine": {
		"firstbyte": 3
		}
	}, 
	"minbytes": 4, 
	"sentbytes": "31010004"
	}, 
	{
	"receivebyte_dataitems": {
		"VIN_CRC": {
		"firstbyte": 20
		}, 
		"VIN": {
		"firstbyte": 3
		}
	}, 
	"deny_sds": [], 
	"minbytes": 21, 
	"sentbytes": "2181", 
	"name": "RDBLI_VIN"
	}, 
	{
	"name": "Read Freeze Frame", 
	"deny_sds": [], 
	"receivebyte_dataitems": {
		"Regulateur REF": {
		"bitoffset": 2, 
		"firstbyte": 9
		}, 
		"Vitesse ARG FF": {
		"firstbyte": 6
		}, 
		"Vitesse AVD FF": {
		"firstbyte": 5
		}, 
		"Tension d alimentation": {
		"firstbyte": 8
		}, 
		"Etat contact feux de stop": {
		"firstbyte": 9
		}, 
		"Vitesse ARD FF": {
		"firstbyte": 7
		}, 
		"FF_counter": {
		"firstbyte": 3
		}, 
		"Regulateur ABS": {
		"bitoffset": 1, 
		"firstbyte": 9
		}, 
		"Vitesse AVG FF": {
		"firstbyte": 4
		}
	}, 
	"sendbyte_dataitems": {
		"FirstDTC": {
		"firstbyte": 4
		}
	}, 
	"minbytes": 12, 
	"sentbytes": "1200040000"
	}, 
	{
	"receivebyte_dataitems": {
		"Nom de la roue choisie": {
		"firstbyte": 4
		}, 
		"Etat de la routine": {
		"firstbyte": 3
		}
	}, 
	"deny_sds": [], 
	"minbytes": 4, 
	"sentbytes": "31030101", 
	"name": "StartRoutine - HybraulicCircuitTest Status"
	}, 
	{
	"name": "IO Control - ABS valves & Pump", 
	"deny_sds": [], 
	"manualsend": true, 
	"receivebyte_dataitems": {
		"Etat du processus d'activation": {
		"firstbyte": 3
		}
	}, 
	"sendbyte_dataitems": {
		"Echappement avant gauche": {
		"bitoffset": 6, 
		"firstbyte": 4
		}, 
		"Admission arri\u00e8re droite": {
		"bitoffset": 1, 
		"firstbyte": 4
		}, 
		"Echappement arri\u00e8re gauche": {
		"bitoffset": 2, 
		"firstbyte": 4
		}, 
		"Echappement arri\u00e8re droite": {
		"firstbyte": 4
		}, 
		"Admission avant droite": {
		"bitoffset": 5, 
		"firstbyte": 4
		}, 
		"Choix du temps d'activation (Xx20ms) (Min:1s/Max5s)": {
		"firstbyte": 6
		}, 
		"Admission avant gauche": {
		"bitoffset": 7, 
		"firstbyte": 4
		}, 
		"Admission arri\u00e8re gauche": {
		"bitoffset": 3, 
		"firstbyte": 4
		}, 
		"Activation de la pompe": {
		"bitoffset": 1, 
		"firstbyte": 5
		}, 
		"Echappement avant droite": {
		"bitoffset": 4, 
		"firstbyte": 4
		}
	}, 
	"minbytes": 3, 
	"sentbytes": "308000FFFFFA01F41601F401F4"
	}, 
	{
	"receivebyte_dataitems": {
		"Etat de la routine": {
		"firstbyte": 3
		}
	}, 
	"deny_sds": [], 
	"minbytes": 3, 
	"sentbytes": "3104010A", 
	"name": "StartRoutine - Evac&FillProcedure Status"
	}, 
	{
	"sentbytes": "31032001", 
	"deny_sds": [], 
	"minbytes": 1, 
	"manualsend": true, 
	"name": "StartRoutine - Hydraulic_test_AVG"
	}, 
	{
	"name": "StartRoutine - StopPolesCounting", 
	"deny_sds": [], 
	"manualsend": true, 
	"receivebyte_dataitems": {
		"Nombre de dents": {
		"firstbyte": 4
		}, 
		"Etat de la routine": {
		"firstbyte": 3
		}
	}, 
	"minbytes": 4, 
	"sentbytes": "310200"
	}, 
	{
	"name": "StopRoutine - Evac&FillProcedure", 
	"deny_sds": [], 
	"manualsend": true, 
	"receivebyte_dataitems": {
		"Etat de la routine": {
		"firstbyte": 3
		}
	}, 
	"minbytes": 3, 
	"sentbytes": "320480"
	}, 
	{
	"name": "StartRoutine - StartPolesCounting Status", 
	"deny_sds": [], 
	"receivebyte_dataitems": {
		"Nom de la roue choisie": {
		"firstbyte": 4
		}, 
		"Etat de la routine": {
		"firstbyte": 3
		}
	}, 
	"sendbyte_dataitems": {
		"Choix de la roue": {
		"firstbyte": 4
		}
	}, 
	"minbytes": 4, 
	"sentbytes": "31010101"
	}, 
	{
	"name": "StopRoutine - HybraulicCircuitTest", 
	"deny_sds": [], 
	"manualsend": true, 
	"receivebyte_dataitems": {
		"Etat de la routine": {
		"firstbyte": 3
		}
	}, 
	"minbytes": 3, 
	"sentbytes": "320380"
	}, 
	{
	"name": "StartRoutine - StartPolesCounting_FR", 
	"deny_sds": [], 
	"manualsend": true, 
	"receivebyte_dataitems": {
		"Nom de la roue choisie": {
		"firstbyte": 4
		}, 
		"Etat de la routine": {
		"firstbyte": 3
		}
	}, 
	"minbytes": 4, 
	"sentbytes": "31010002"
	}, 
	{
	"name": "StopRoutine - BleedingProcedure", 
	"deny_sds": [], 
	"manualsend": true, 
	"receivebyte_dataitems": {
		"Etat de la routine": {
		"firstbyte": 3
		}
	}, 
	"sendbyte_dataitems": {
		"Choix du type d'arr\u00eat": {
		"firstbyte": 3
		}
	}, 
	"minbytes": 3, 
	"sentbytes": "320580"
	}, 
	{
	"sentbytes": "31032004", 
	"deny_sds": [], 
	"minbytes": 1, 
	"manualsend": true, 
	"name": "StartRoutine - Hydraulic_test_ARD"
	}, 
	{
	"receivebyte_dataitems": {
		"Etat de la routine": {
		"firstbyte": 3
		}, 
		"Phase de la purge apr\u00e8s vente": {
		"firstbyte": 4
		}
	}, 
	"deny_sds": [], 
	"minbytes": 4, 
	"sentbytes": "3105010100", 
	"name": "StartRoutine - BleedingProcedure Status"
	}, 
	{
	"sendbyte_dataitems": {
		"Jour APV": {
		"firstbyte": 5
		}, 
		"Ann\u00e9e APV": {
		"firstbyte": 3
		}, 
		"Mois APV": {
		"firstbyte": 4
		}
	}, 
	"deny_sds": [
		"plant", 
		"aftersales", 
		"engineering", 
		"supplier"
	], 
	"minbytes": 2, 
	"sentbytes": "3BB0000000", 
	"name": "WDBLI_AfterSale_date"
	}, 
	{
	"name": "IO Control - WheelSpeedOutput", 
	"deny_sds": [], 
	"manualsend": true, 
	"receivebyte_dataitems": {
		"Etat du processus d'activation": {
		"firstbyte": 3
		}
	}, 
	"sendbyte_dataitems": {
		"Choix du temps d'activation (Xx80ms) (Min5s/Max20s)": {
		"firstbyte": 4
		}
	}, 
	"minbytes": 3, 
	"sentbytes": "300400FA"
	}, 
	{
	"name": "StartRoutine - Evac&FillProcedure", 
	"deny_sds": [], 
	"manualsend": true, 
	"receivebyte_dataitems": {
		"Etat de la routine": {
		"firstbyte": 3
		}
	}, 
	"minbytes": 3, 
	"sentbytes": "3104005A"
	}, 
	{
	"receivebyte_dataitems": {
		"S\u00e9lection v\u00e9hicule": {
		"firstbyte": 3
		}
	}, 
	"deny_sds": [
		"plant", 
		"aftersales", 
		"engineering", 
		"supplier"
	], 
	"minbytes": 3, 
	"sentbytes": "21D1", 
	"name": "RDBLI_Vehicle_configuration"
	}, 
	{
	"receivebyte_dataitems": {
		"Etat du processus d'activation": {
		"firstbyte": 3
		}
	}, 
	"deny_sds": [], 
	"minbytes": 3, 
	"sentbytes": "308001FFFF0501F41601F401F4", 
	"name": "IO Control - ABS valves & Pump Status"
	}, 
	{
	"name": "StartRoutine - StartPolesCounting_FL", 
	"deny_sds": [], 
	"manualsend": true, 
	"receivebyte_dataitems": {
		"Nom de la roue choisie": {
		"firstbyte": 4
		}, 
		"Etat de la routine": {
		"firstbyte": 3
		}
	}, 
	"minbytes": 4, 
	"sentbytes": "31010001"
	}, 
	{
	"receivebyte_dataitems": {
		"Etat du processus d'activation": {
		"firstbyte": 3
		}
	}, 
	"deny_sds": [], 
	"minbytes": 3, 
	"sentbytes": "30040105", 
	"name": "IO Control - WheelSpeedOutput Status"
	}, 
	{
	"receivebyte_dataitems": {
		"Circonference Pneu Maximum": {
		"firstbyte": 7
		}, 
		"Circonference pneu": {
		"firstbyte": 3
		}, 
		"Dimension du pneumatique": {
		"firstbyte": 9
		}, 
		"Circonference Pneu Minimum": {
		"firstbyte": 5
		}
	}, 
	"deny_sds": [], 
	"minbytes": 9, 
	"sentbytes": "2102", 
	"name": "RDBLI_OdometerFrame"
	}, 
	{
	"receivebyte_dataitems": {
		"Code APV": {
		"firstbyte": 8
		}, 
		"Version soft SS": {
		"firstbyte": 25
		}, 
		"Semaine": {
		"firstbyte": 12
		}, 
		"Jour": {
		"firstbyte": 15
		}, 
		"Code MPR": {
		"firstbyte": 3
		}, 
		"Usine": {
		"firstbyte": 14
		}, 
		"Ligne": {
		"bitoffset": 3, 
		"firstbyte": 14
		}, 
		"Code ITG": {
		"firstbyte": 9
		}, 
		"Num\u00e9ro soft SS": {
		"firstbyte": 23
		}, 
		"N\u00b0 pi\u00e8ce": {
		"bitoffset": 3, 
		"firstbyte": 15
		}, 
		"Ann\u00e9e": {
		"firstbyte": 13
		}, 
		"Equipe": {
		"bitoffset": 6, 
		"firstbyte": 14
		}, 
		"Version soft AS": {
		"firstbyte": 19
		}, 
		"Num\u00e9ro soft AS": {
		"firstbyte": 17
		}
	}, 
	"deny_sds": [
		"plant", 
		"aftersales", 
		"engineering", 
		"supplier"
	], 
	"minbytes": 26, 
	"sentbytes": "2180", 
	"name": "RDBLI_Identification"
	}, 
	{
	"sentbytes": "31032003", 
	"deny_sds": [], 
	"minbytes": 1, 
	"manualsend": true, 
	"name": "StartRoutine - Hydraulic_test_ARG"
	}, 
	{
	"receivebyte_dataitems": {
		"Status remplissage": {
		"firstbyte": 3
		}
	}, 
	"deny_sds": [], 
	"minbytes": 3, 
	"sentbytes": "21E0", 
	"name": "RDBLI_Process_byte"
	}, 
	{
	"name": "StartRoutine - StartPolesCounting_RL", 
	"deny_sds": [], 
	"manualsend": true, 
	"receivebyte_dataitems": {
		"Nom de la roue choisie": {
		"firstbyte": 4
		}, 
		"Etat de la routine": {
		"firstbyte": 3
		}
	}, 
	"minbytes": 4, 
	"sentbytes": "31010003"
	}, 
	{
	"name": "ReadDTC", 
	"deny_sds": [], 
	"manualsend": true, 
	"receivebyte_dataitems": {
		"Type Of Fault": {
		"firstbyte": 5
		}, 
		"NDTC": {
		"firstbyte": 2
		}, 
		"Historical Failure": {
		"bitoffset": 1, 
		"firstbyte": 5
		}, 
		"Current Failure": {
		"bitoffset": 2, 
		"firstbyte": 5
		}, 
		"FirstDTC": {
		"firstbyte": 3
		}, 
		"Specific Fault": {
		"bitoffset": 3, 
		"firstbyte": 5
		}, 
		"Standard Fault": {
		"bitoffset": 3, 
		"firstbyte": 5
		}
	}, 
	"minbytes": 2, 
	"sentbytes": "17FF00", 
	"shiftbytescount": 3
	}, 
	{
	"sendbyte_dataitems": {
		"S\u00e9lection v\u00e9hicule": {
		"firstbyte": 3
		}
	}, 
	"deny_sds": [
		"plant", 
		"aftersales", 
		"engineering", 
		"supplier"
	], 
	"minbytes": 1, 
	"sentbytes": "3BD100", 
	"name": "WDBLI_Vehicle_configuration"
	}, 
	{
	"name": "Write - IndexTachy", 
	"deny_sds": [], 
	"manualsend": true, 
	"sendbyte_dataitems": {
		"Dimension du pneumatique": {
		"firstbyte": 3
		}
	}, 
	"minbytes": 2, 
	"sentbytes": "3B0200"
	}
], 
"data": {
	"Semaine": {
	"byte": true
	}, 
	"Jour": {
	"bitscount": 3, 
	"lists": {
		"1": "lundi", 
		"2": "mardi", 
		"3": "mercredi", 
		"4": "jeudi", 
		"5": "vendredi", 
		"6": "samedi", 
		"7": "dimanche"
	}
	}, 
	"Vitesse ARG FF": {
	"scaled": true, 
	"comment": "FreezeFrame - vitesse ARG", 
	"unit": "km/h"
	}, 
	"Circonference Pneu Minimum": {
	"scaled": true, 
	"bytescount": 2, 
	"bitscount": 16, 
	"unit": "mm", 
	"format": "000000"
	}, 
	"S\u00e9lection v\u00e9hicule": {
	"comment": "S\u00e9lection du v\u00e9hicule", 
	"lists": {
		"1": "L90/B90 (44 paires de p\u00f4les)", 
		"2": "K90/F90 Gros frein diam\u00e8tre 54 (44 paires de p\u00f4les)", 
		"3": "K90/F90 Petit frein diam\u00e8tre 48 (44 paires de p\u00f4les)", 
		"4": "L90/B90 /SAUF EQTSUV (48 paires de p\u00f4les)", 
		"5": "K90/F90/U90 Gros frein diam\u00e8tre 54 (48 paires de p\u00f4les)", 
		"6": "K90/F90 Petit frein diam\u00e8tre 48 (48 paires de p\u00f4les)", 
		"7": "BCROSS  Bresil", 
		"8": "BCROSS EUROPE", 
		"255": "Absence configuration"
	}
	}, 
	"Etat fonction REF": {
	"comment": "Etat de la fonction EBV", 
	"bitscount": 1, 
	"lists": {
		"0": "en d\u00e9faut", 
		"1": "OK"
	}
	}, 
	"Vitesse ARD": {
	"comment": "Vitesse roue ARD", 
	"divideby": 100.0, 
	"bitscount": 16, 
	"format": "0.00", 
	"scaled": true, 
	"bytescount": 2, 
	"unit": "km/h"
	}, 
	"Vitesse ARG": {
	"comment": "Vitesse roue ARG", 
	"divideby": 100.0, 
	"bitscount": 16, 
	"format": "0.00", 
	"scaled": true, 
	"bytescount": 2, 
	"unit": "km/h"
	}, 
	"Admission arri\u00e8re gauche": {
	"bitscount": 1, 
	"lists": {
		"0": "Active", 
		"1": "Repos"
	}
	}, 
	"Echappement arri\u00e8re droite": {
	"bitscount": 1, 
	"lists": {
		"0": "Active", 
		"1": "Repos"
	}
	}, 
	"Vitesse v\u00e9hicule": {
	"comment": "Vitesse v\u00e9hicule", 
	"divideby": 100.0, 
	"bitscount": 16, 
	"format": "0.00", 
	"scaled": true, 
	"bytescount": 2, 
	"unit": "km/h"
	}, 
	"Echappement avant gauche": {
	"bitscount": 1, 
	"lists": {
		"0": "Active", 
		"1": "Repos"
	}
	}, 
	"Equipe": {
	"scaled": true, 
	"bitscount": 2
	}, 
	"Regulateur ABS": {
	"comment": "FreezeFrame - Etat de l'ABS lors d'une r\u00e9gulation", 
	"bitscount": 1, 
	"lists": {
		"0": "inactif", 
		"1": "en r\u00e9gulation"
	}
	}, 
	"Jour ECU": {
	"scaled": true, 
	"comment": "Jour de fabrication de l'ECU", 
	"format": "00"
	}, 
	"Vitesse AVD": {
	"comment": "Vitesse roue AVD", 
	"divideby": 100.0, 
	"bitscount": 16, 
	"format": "0.00", 
	"scaled": true, 
	"bytescount": 2, 
	"unit": "km/h"
	}, 
	"Vitesse AVG": {
	"comment": "Vitesse roue AVG", 
	"divideby": 100.0, 
	"bitscount": 16, 
	"format": "0.00", 
	"scaled": true, 
	"bytescount": 2, 
	"unit": "km/h"
	}, 
	"Choix du type d'arr\u00eat": {
	"lists": {
		"128": "Maintenant"
	}
	}, 
	"Code APV": {
	"comment": "Code APV diagnostic", 
	"byte": true
	}, 
	"Regulateur REF": {
	"comment": "FreezeFrame - Etat de l'EBV lors d'une r\u00e9gulation", 
	"bitscount": 1, 
	"lists": {
		"0": "inactif", 
		"1": "en r\u00e9gulation"
	}
	}, 
	"Type de d\u00e9faut": {
	"comment": "Type de d\u00e9faut (pr\u00e9sent / m\u00e9moris\u00e9)", 
	"bitscount": 2, 
	"lists": {
		"2": "M\u00e9moris\u00e9", 
		"3": "Pr\u00e9sent et m\u00e9moris\u00e9"
	}
	}, 
	"Mois APV": {
	"scaled": true, 
	"comment": "Mois de la derni\u00e8re intervention APV", 
	"format": "00"
	}, 
	"Ligne": {
	"scaled": true, 
	"bitscount": 3
	}, 
	"Nom de la roue choisie": {
	"lists": {
		"1": "Roue avant gauche", 
		"2": "Roue avant droite", 
		"3": "Roue arri\u00e8re gauche", 
		"4": "Roue arri\u00e8re droite"
	}
	}, 
	"Echappement avant droite": {
	"bitscount": 1, 
	"lists": {
		"0": "Active", 
		"1": "Repos"
	}
	}, 
	"Historical Failure": {
	"bitscount": 1, 
	"lists": {
		"0": "No", 
		"1": "Yes"
	}
	}, 
	"Choix de la roue": {
	"lists": {
		"1": "Roue avant gauche", 
		"2": "Roue avant droite", 
		"3": "Roue arri\u00e8re gauche", 
		"4": "Roue arri\u00e8re droite"
	}
	}, 
	"Current Failure": {
	"bitscount": 1, 
	"lists": {
		"0": "No", 
		"1": "Yes"
	}
	}, 
	"Dimension du pneumatique": {
	"comment": "A coder", 
	"lists": {
		"79": "185/70 R14", 
		"255": "Valeur invalide (FFh)", 
		"152": "195/60 R 16", 
		"91": "165/80 R14 et 195/55 R16", 
		"94": "185/65 R15", 
		"95": "Tire 185/65 R 15 88&92T CR ETRTO 1895 mm"
	}
	}, 
	"Status remplissage": {
	"comment": "Octet de status du remplissage hydraulique", 
	"lists": {
		"0": "Remplissage OK", 
		"1": "D\u00e9faut lors du remplissage", 
		"255": "Calculateur neuf"
	}
	}, 
	"Phase de la purge apr\u00e8s vente": {
	"lists": {
		"1": "Phase 1", 
		"2": "Phase 2", 
		"3": "Phase 3", 
		"4": "Phase 4"
	}
	}, 
	"Admission arri\u00e8re droite": {
	"bitscount": 1, 
	"lists": {
		"0": "Active", 
		"1": "Repos"
	}
	}, 
	"Activation de la pompe": {
	"bitscount": 1, 
	"lists": {
		"0": "Active", 
		"1": "Repos"
	}
	}, 
	"Usine": {
	"scaled": true, 
	"bitscount": 3
	}, 
	"Etat de la routine": {
	"lists": {
		"0": "Routine non active", 
		"1": "Routine en cours", 
		"2": "Routine termin\u00e9e Ok", 
		"4": "Routine termin\u00e9e non Ok", 
		"8": "Routine termin\u00e9e et probl\u00e8me global", 
		"128": "Test pr\u00eat", 
		"16": "Erreur d'\u00e9criture", 
		"144": "Routine interrompue par l'outils de diagnostic", 
		"132": "Choix du roue invalide"
	}
	}, 
	"Version soft SS": {
	"comment": "Version SS software BOSCH", 
	"bytescount": 2, 
	"byte": true, 
	"bitscount": 16
	}, 
	"Jour APV": {
	"scaled": true, 
	"comment": "Jour de la derni\u00e8re intervention APV", 
	"format": "00"
	}, 
	"Code MPR": {
	"comment": "Code MPR", 
	"bytescount": 5, 
	"byte": true, 
	"bitscount": 40
	}, 
	"Echappement arri\u00e8re gauche": {
	"bitscount": 1, 
	"lists": {
		"0": "Active", 
		"1": "Repos"
	}
	}, 
	"Etat fonction ABS": {
	"comment": "Etat de la fonction ABS", 
	"bitscount": 1, 
	"lists": {
		"0": "en d\u00e9faut", 
		"1": "OK"
	}
	}, 
	"Ann\u00e9e": {
	"lists": {
		"2": "2002", 
		"3": "2003", 
		"4": "2004", 
		"5": "2005", 
		"6": "2006", 
		"7": "2007", 
		"8": "2008", 
		"9": "2009", 
		"16": "2010", 
		"17": "2011", 
		"18": "2012", 
		"19": "2013", 
		"20": "2014"
	}
	}, 
	"Num\u00e9ro soft SS": {
	"comment": "Num\u00e9ro SS software BOSCH", 
	"bytescount": 2, 
	"byte": true, 
	"bitscount": 16
	}, 
	"N\u00b0 pi\u00e8ce": {
	"scaled": true, 
	"bytescount": 2, 
	"bitscount": 13
	}, 
	"VIN_CRC": {
	"comment": "Checksum du code VIN", 
	"bytescount": 2, 
	"byte": true, 
	"bitscount": 16
	}, 
	"Vitesse ARD FF": {
	"scaled": true, 
	"comment": "FreezeFrame - vitesse ARD", 
	"unit": "km/h"
	}, 
	"FirstDTC": {
	"comment": "Premier code DTC", 
	"bytescount": 2, 
	"bitscount": 16, 
	"lists": {
		"20675": "Calculateur", 
		"20678": "Capteur p\u00e9dale de frein", 
		"20550": "G\u00e9n\u00e9rique capteur vitesse roue", 
		"20543": "Capteur vitesse roue ARG", 
		"20684": "Alimentation calculateur", 
		"20527": "Capteur vitesse roue ARD", 
		"20495": "Capteur vitesse roue AVD", 
		"20511": "Capteur vitesse roue AVG"
	}
	}, 
	"Admission avant gauche": {
	"bitscount": 1, 
	"lists": {
		"0": "Active", 
		"1": "Repos"
	}
	}, 
	"Etat du processus d'activation": {
	"lists": {
		"128": "Probl\u00e8me en cours d'activation", 
		"1": "Activation en cours", 
		"2": "Activation termin\u00e9e", 
		"129": "Activation interrompue", 
		"130": "Activation disponible", 
		"17": "Activation arr\u00eat\u00e9e"
	}
	}, 
	"Vitesse AVG FF": {
	"scaled": true, 
	"comment": "FreezeFrame - vitesse AVG", 
	"unit": "km/h"
	}, 
	"Circonference pneu": {
	"scaled": true, 
	"bytescount": 2, 
	"bitscount": 16, 
	"unit": "mm", 
	"format": "0000"
	}, 
	"NDTC": {
	"scaled": true, 
	"comment": "Nombre de code d\u00e9faut DTC"
	}, 
	"FFN": {
	"scaled": true, 
	"comment": "Num\u00e9ro de FreezeFrame"
	}, 
	"Type Of Fault": {
	"bitscount": 1, 
	"lists": {
		"0": "Standard", 
		"1": "Specific"
	}
	}, 
	"Version soft AS": {
	"comment": "Version AS software BOSCH", 
	"bytescount": 2, 
	"byte": true, 
	"bitscount": 16
	}, 
	"FF_counter": {
	"scaled": true, 
	"comment": "FreezeFrame - compteur"
	}, 
	"Ann\u00e9e ECU": {
	"scaled": true, 
	"comment": "Ann\u00e9e de fabrication de l'ECU", 
	"format": "00"
	}, 
	"Vitesse AVD FF": {
	"scaled": true, 
	"comment": "FreezeFrame - vitesse AVD", 
	"unit": "km/h"
	}, 
	"Num\u00e9ro soft AS": {
	"scaled": true, 
	"bytescount": 2, 
	"bitscount": 16, 
	"comment": "Num\u00e9ro AS software BOSCH"
	}, 
	"VIN": {
	"bytesascii": true, 
	"bytescount": 17, 
	"byte": true, 
	"bitscount": 136, 
	"comment": "Num\u00e9ro d'identification v\u00e9hicule"
	}, 
	"Code ITG": {
	"bytesascii": true, 
	"bytescount": 3, 
	"byte": true, 
	"bitscount": 24, 
	"comment": "Code ITG"
	}, 
	"Admission avant droite": {
	"bitscount": 1, 
	"lists": {
		"0": "Active", 
		"1": "Repos"
	}
	}, 
	"Nombre de dents": {
	"scaled": true, 
	"format": "00"
	}, 
	"Etat contact feux de stop": {
	"comment": "Etat du contact feux de stop", 
	"bitscount": 1, 
	"lists": {
		"0": "P\u00e9dale rel\u00e2ch\u00e9e", 
		"1": "P\u00e9dale appuy\u00e9e"
	}
	}, 
	"Choix du temps d'activation (Xx20ms) (Min:1s/Max5s)": {
	"lists": {
		"200": "4s", 
		"50": "1s", 
		"100": "2s", 
		"250": "5s", 
		"150": "3s"
	}
	}, 
	"Ann\u00e9e APV": {
	"scaled": true, 
	"comment": "Ann\u00e9e de la derni\u00e8re intervention APV", 
	"format": "00"
	}, 
	"Tension d alimentation": {
	"scaled": true, 
	"comment": "Tension d'alimentation", 
	"step": 0.08, 
	"unit": "V", 
	"format": "0.00"
	}, 
	"Circonference Pneu Maximum": {
	"scaled": true, 
	"bytescount": 2, 
	"bitscount": 16, 
	"unit": "mm", 
	"format": "000000"
	}, 
	"Mois ECU": {
	"scaled": true, 
	"comment": "Mois de fabrication de l'ECU", 
	"format": "00"
	}, 
	"Specific Fault": {
	"bitscount": 5, 
	"lists": {
		"4": "Interf\u00e9rence entre une ou plusieurs roues (4h)", 
		"12": "Index pneu non s\u00e9lectionn\u00e9 (Ch)", 
		"5": "Config v\u00e9hicule non programm\u00e9 (5h)", 
		"6": "Config v\u00e9hicule non valide (6h)", 
		"13": "Pb M\u00e9canique ou Magn\u00e9tique sur la cible (Dh)"
	}
	}, 
	"Standard Fault": {
	"bitscount": 5, 
	"lists": {
		"0": "non utilis\u00e9", 
		"1": "Circuit ouvert (1h)", 
		"2": "Court-circuit \u00e0 la masse (2h)", 
		"3": "Court-circuit au +bat (3h)", 
		"4": "Param \u00e0 la limite basse (4h)", 
		"5": "Param \u00e0 la limite haute (5h)", 
		"6": "Incoh\u00e9rence, impossible (6h)", 
		"7": "Pas de signal (7h)", 
		"8": "En dessous du seuil bas (8h)", 
		"9": "Au dessus du seuil haut (9h)", 
		"10": "Niveau bas permanent (Ah)", 
		"11": "Niveau haut permanent (Bh)", 
		"12": "Lignes en court-circuit (Ch)", 
		"13": "Anomalie \u00e9l\u00e9ctronique interne (Dh)", 
		"14": "Anomaly du r\u00e9seau (Eh)", 
		"15": "Diagnostique erron\u00e9 (Fh)", 
		"16": "Communication perturb\u00e9e (10h)", 
		"17": "Microcoupures (11h)", 
		"18": "Tension anormale (12h)", 
		"19": "Valeur en dehors de la plage (13h)", 
		"20": "Circuit ouvert ou court-circuit \u00e0 la masse (14h)", 
		"21": "Circuit ouvert ou court-circuit au +Bat(15h)", 
		"22": "Init / config non valide (16h)", 
		"23": "Init non valide(17h)", 
		"24": "Anomalie (18h)"
	}
	}, 
	"Choix du temps d'activation (Xx80ms) (Min5s/Max20s)": {
	"lists": {
		"250": "20s", 
		"187": "15s", 
		"125": "10s", 
		"62": "5s"
	}
	}
}
}