{
"obd": {
	"fastinit": true, 
	"funcname": "ABS-ESC", 
	"kw1": "D0", 
	"kw2": "8F", 
	"protocol": "KWP2000", 
	"funcaddr": "01"
}, 
"devices": [
	{
	"dtc": 20527, 
	"devicedata": {}, 
	"dtctype": 0, 
	"name": "Czujnik predkosci kola PT"
	}, 
	{
	"dtc": 20550, 
	"devicedata": {}, 
	"dtctype": 0, 
	"name": "Ogolny/generator czujnik predkosci kola"
	}, 
	{
	"dtc": 20495, 
	"devicedata": {}, 
	"dtctype": 0, 
	"name": "Czujnik predkosci kola PP"
	}, 
	{
	"dtc": 20543, 
	"devicedata": {}, 
	"dtctype": 0, 
	"name": "Czujnik predkosci kola LT"
	}, 
	{
	"dtc": 20511, 
	"devicedata": {}, 
	"dtctype": 0, 
	"name": "Czujnik predkosci kola LP"
	}, 
	{
	"dtc": 20678, 
	"devicedata": {}, 
	"dtctype": 0, 
	"name": "Czujnik pedalu hamulca"
	}, 
	{
	"dtc": 20675, 
	"devicedata": {}, 
	"dtctype": 2, 
	"name": "komputer"
	}, 
	{
	"dtc": 20684, 
	"devicedata": {}, 
	"dtctype": 0, 
	"name": "Zasilanie komputera"
	}
], 
"ecuname": "Polski ABS8", 
"autoidents": [], 
"endian": "Big", 
"requests": [
	{
	"receivebyte_dataitems": {
		"Dzien APV": {
		"firstbyte": 8
		}, 
		"Rok APV": {
		"firstbyte": 6
		}, 
		"miesiac ECU": {
		"firstbyte": 4
		}, 
		"Dzien ECU": {
		"firstbyte": 5
		}, 
		"Rok ECU": {
		"firstbyte": 3
		}, 
		"miesiac APV": {
		"firstbyte": 7
		}
	}, 
	"deny_sds": [
		"plant", 
		"aftersales", 
		"engineering", 
		"supplier"
	], 
	"minbytes": 8, 
	"sentbytes": "21B0", 
	"name": "RDBLI_Dates"
	}, 
	{
	"sendbyte_dataitems": {
		"Status napelniania": {
		"firstbyte": 3
		}
	}, 
	"deny_sds": [
		"plant", 
		"aftersales", 
		"engineering", 
		"supplier"
	], 
	"minbytes": 2, 
	"sentbytes": "3BE000", 
	"name": "WDBLI_Process_byte"
	}, 
	{
	"sendbyte_dataitems": {
		"VIN_CRC": {
		"firstbyte": 20
		}, 
		"VIN": {
		"firstbyte": 3
		}
	}, 
	"deny_sds": [
		"plant", 
		"aftersales", 
		"engineering", 
		"supplier"
	], 
	"minbytes": 2, 
	"sentbytes": "3B8100000000000000000000000000000000000000", 
	"name": "WDBLI_VIN"
	}, 
	{
	"receivebyte_dataitems": {
		"Napiecie": {
		"firstbyte": 3
		}, 
		"Stan REF": {
		"bitoffset": 2, 
		"firstbyte": 4
		}, 
		"Stan ABS": {
		"bitoffset": 1, 
		"firstbyte": 4
		}, 
		"Stan pedalu hamulca": {
		"firstbyte": 4
		}
	}, 
	"deny_sds": [], 
	"minbytes": 4, 
	"sentbytes": "21C2", 
	"name": "RDBLI_System_status"
	}, 
	{
	"receivebyte_dataitems": {
		"Predkosc PT": {
		"firstbyte": 9
		}, 
		"Predkosc LP": {
		"firstbyte": 3
		}, 
		"Predkosc LT": {
		"firstbyte": 7
		}, 
		"Predkosc PP": {
		"firstbyte": 5
		}, 
		"Predkosc auta": {
		"firstbyte": 11
		}
	}, 
	"deny_sds": [], 
	"minbytes": 12, 
	"sentbytes": "21C0", 
	"name": "RDBLI_Speed"
	}, 
	{
	"name": "StartRoutine - BleedingProcedure Part1", 
	"deny_sds": [], 
	"manualsend": true, 
	"receivebyte_dataitems": {
		"Stan procedury": {
		"firstbyte": 3
		}, 
		"Faza czyszczenia po sprzedazy": {
		"firstbyte": 4
		}
	}, 
	"minbytes": 4, 
	"sentbytes": "3105200100"
	}, 
	{
	"name": "StartRoutine - BleedingProcedure Part3", 
	"deny_sds": [], 
	"manualsend": true, 
	"receivebyte_dataitems": {
		"Stan procedury": {
		"firstbyte": 3
		}, 
		"Faza czyszczenia po sprzedazy": {
		"firstbyte": 4
		}
	}, 
	"minbytes": 4, 
	"sentbytes": "3105200304"
	}, 
	{
	"name": "StartRoutine - BleedingProcedure Part2", 
	"deny_sds": [], 
	"manualsend": true, 
	"receivebyte_dataitems": {
		"Stan procedury": {
		"firstbyte": 3
		}, 
		"Faza czyszczenia po sprzedazy": {
		"firstbyte": 4
		}
	}, 
	"minbytes": 4, 
	"sentbytes": "3105200200"
	}, 
	{
	"name": "StartRoutine - BleedingProcedure Part4", 
	"deny_sds": [], 
	"manualsend": true, 
	"receivebyte_dataitems": {
		"Stan procedury": {
		"firstbyte": 3
		}, 
		"Faza czyszczenia po sprzedazy": {
		"firstbyte": 4
		}
	}, 
	"minbytes": 4, 
	"sentbytes": "3105200404"
	}, 
	{
	"sentbytes": "31032002", 
	"deny_sds": [], 
	"minbytes": 1, 
	"manualsend": true, 
	"name": "StartRoutine - Hydraulic_test_AVD"
	}, 
	{
	"name": "StartRoutine - StartPolesCounting_RR", 
	"deny_sds": [], 
	"manualsend": true, 
	"receivebyte_dataitems": {
		"Stan procedury": {
		"firstbyte": 3
		}, 
		"Nom de la roue choisie": {
		"firstbyte": 4
		}
	}, 
	"minbytes": 4, 
	"sentbytes": "31010004"
	}, 
	{
	"receivebyte_dataitems": {
		"VIN_CRC": {
		"firstbyte": 20
		}, 
		"VIN": {
		"firstbyte": 3
		}
	}, 
	"deny_sds": [], 
	"minbytes": 21, 
	"sentbytes": "2181", 
	"name": "RDBLI_VIN"
	}, 
	{
	"name": "Read Freeze Frame", 
	"deny_sds": [], 
	"receivebyte_dataitems": {
		"Napiecie": {
		"firstbyte": 8
		}, 
		"FF_Licznik": {
		"firstbyte": 3
		}, 
		"Vitesse ARG FF": {
		"firstbyte": 6
		}, 
		"Stan pedalu hamulca": {
		"firstbyte": 9
		}, 
		"Vitesse AVD FF": {
		"firstbyte": 5
		}, 
		"Vitesse ARD FF": {
		"firstbyte": 7
		}, 
		"Regulator ABS": {
		"bitoffset": 1, 
		"firstbyte": 9
		}, 
		"Vitesse AVG FF": {
		"firstbyte": 4
		}, 
		"Regulator REF": {
		"bitoffset": 2, 
		"firstbyte": 9
		}
	}, 
	"sendbyte_dataitems": {
		"FirstDTC": {
		"firstbyte": 4
		}
	}, 
	"minbytes": 12, 
	"sentbytes": "1200040000"
	}, 
	{
	"receivebyte_dataitems": {
		"Stan procedury": {
		"firstbyte": 3
		}, 
		"Nom de la roue choisie": {
		"firstbyte": 4
		}
	}, 
	"deny_sds": [], 
	"minbytes": 4, 
	"sentbytes": "31030101", 
	"name": "StartRoutine - HybraulicCircuitTest Status"
	}, 
	{
	"name": "IO Control - ABS valves & Pump", 
	"deny_sds": [], 
	"manualsend": true, 
	"receivebyte_dataitems": {
		"Stan procesu aktywacji": {
		"firstbyte": 3
		}
	}, 
	"sendbyte_dataitems": {
		"Doplyw lewy tyl": {
		"bitoffset": 3, 
		"firstbyte": 4
		}, 
		"Wylot prawy tyl": {
		"firstbyte": 4
		}, 
		"Wylot lewy tyl": {
		"bitoffset": 2, 
		"firstbyte": 4
		}, 
		"Wybor czasu aktywacji (Xx20ms) (Min:1s/Max5s)": {
		"firstbyte": 6
		}, 
		"Wylot prawy przod": {
		"bitoffset": 4, 
		"firstbyte": 4
		}, 
		"Doplyw lewy przod": {
		"bitoffset": 7, 
		"firstbyte": 4
		}, 
		"Wylot lewy przod": {
		"bitoffset": 6, 
		"firstbyte": 4
		}, 
		"Doplyw prawy tyl": {
		"bitoffset": 1, 
		"firstbyte": 4
		}, 
		"Doplyw prawy przod": {
		"bitoffset": 5, 
		"firstbyte": 4
		}, 
		"Aktywacja pompy": {
		"bitoffset": 1, 
		"firstbyte": 5
		}
	}, 
	"minbytes": 3, 
	"sentbytes": "308000FFFFFA01F41601F401F4"
	}, 
	{
	"receivebyte_dataitems": {
		"Stan procedury": {
		"firstbyte": 3
		}
	}, 
	"deny_sds": [], 
	"minbytes": 3, 
	"sentbytes": "3104010A", 
	"name": "StartRoutine - Evac&FillProcedure Status"
	}, 
	{
	"sentbytes": "31032001", 
	"deny_sds": [], 
	"minbytes": 1, 
	"manualsend": true, 
	"name": "StartRoutine - Hydraulic_test_AVG"
	}, 
	{
	"name": "StartRoutine - StopPolesCounting", 
	"deny_sds": [], 
	"manualsend": true, 
	"receivebyte_dataitems": {
		"Stan procedury": {
		"firstbyte": 3
		}, 
		"Liczba zabkow": {
		"firstbyte": 4
		}
	}, 
	"minbytes": 4, 
	"sentbytes": "310200"
	}, 
	{
	"name": "StopRoutine - Evac&FillProcedure", 
	"deny_sds": [], 
	"manualsend": true, 
	"receivebyte_dataitems": {
		"Stan procedury": {
		"firstbyte": 3
		}
	}, 
	"minbytes": 3, 
	"sentbytes": "320480"
	}, 
	{
	"name": "StartRoutine - StartPolesCounting Status", 
	"deny_sds": [], 
	"receivebyte_dataitems": {
		"Stan procedury": {
		"firstbyte": 3
		}, 
		"Nom de la roue choisie": {
		"firstbyte": 4
		}
	}, 
	"sendbyte_dataitems": {
		"Wybor kola": {
		"firstbyte": 4
		}
	}, 
	"minbytes": 4, 
	"sentbytes": "31010101"
	}, 
	{
	"name": "StopRoutine - HybraulicCircuitTest", 
	"deny_sds": [], 
	"manualsend": true, 
	"receivebyte_dataitems": {
		"Stan procedury": {
		"firstbyte": 3
		}
	}, 
	"minbytes": 3, 
	"sentbytes": "320380"
	}, 
	{
	"name": "StartRoutine - StartPolesCounting_FR", 
	"deny_sds": [], 
	"manualsend": true, 
	"receivebyte_dataitems": {
		"Stan procedury": {
		"firstbyte": 3
		}, 
		"Nom de la roue choisie": {
		"firstbyte": 4
		}
	}, 
	"minbytes": 4, 
	"sentbytes": "31010002"
	}, 
	{
	"name": "StopRoutine - BleedingProcedure", 
	"deny_sds": [], 
	"manualsend": true, 
	"receivebyte_dataitems": {
		"Stan procedury": {
		"firstbyte": 3
		}
	}, 
	"sendbyte_dataitems": {
		"Wybor typu stopu": {
		"firstbyte": 3
		}
	}, 
	"minbytes": 3, 
	"sentbytes": "320580"
	}, 
	{
	"name": "StartRoutine - Hydraulic_test_ARD", 
	"deny_sds": [], 
	"manualsend": true, 
	"receivebyte_dataitems": {
		"Stan procedury": {
		"firstbyte": 3
		}
	}, 
	"minbytes": 1, 
	"sentbytes": "31032004"
	}, 
	{
	"receivebyte_dataitems": {
		"Stan procedury": {
		"firstbyte": 3
		}, 
		"Faza czyszczenia po sprzedazy": {
		"firstbyte": 4
		}
	}, 
	"deny_sds": [], 
	"minbytes": 4, 
	"sentbytes": "3105010100", 
	"name": "StartRoutine - BleedingProcedure Status"
	}, 
	{
	"sendbyte_dataitems": {
		"Rok APV": {
		"firstbyte": 3
		}, 
		"Dzien APV": {
		"firstbyte": 5
		}, 
		"miesiac APV": {
		"firstbyte": 4
		}
	}, 
	"deny_sds": [
		"plant", 
		"aftersales", 
		"engineering", 
		"supplier"
	], 
	"minbytes": 2, 
	"sentbytes": "3BB0000000", 
	"name": "WDBLI_AfterSale_date"
	}, 
	{
	"name": "IO Control - WheelSpeedOutput", 
	"deny_sds": [], 
	"manualsend": true, 
	"receivebyte_dataitems": {
		"Stan procesu aktywacji": {
		"firstbyte": 3
		}
	}, 
	"sendbyte_dataitems": {
		"Wybor czasu aktywacji(Xx80ms) (Min5s/Max20s)": {
		"firstbyte": 4
		}
	}, 
	"minbytes": 3, 
	"sentbytes": "300400FA"
	}, 
	{
	"name": "StartRoutine - Evac&FillProcedure", 
	"deny_sds": [], 
	"manualsend": true, 
	"receivebyte_dataitems": {
		"Stan procedury": {
		"firstbyte": 3
		}
	}, 
	"minbytes": 3, 
	"sentbytes": "3104005A"
	}, 
	{
	"receivebyte_dataitems": {
		"Wybor pojazdu": {
		"firstbyte": 3
		}
	}, 
	"deny_sds": [
		"plant", 
		"aftersales", 
		"engineering", 
		"supplier"
	], 
	"minbytes": 3, 
	"sentbytes": "21D1", 
	"name": "RDBLI_Vehicle_configuration"
	}, 
	{
	"receivebyte_dataitems": {
		"Stan procesu aktywacji": {
		"firstbyte": 3
		}
	}, 
	"deny_sds": [], 
	"minbytes": 3, 
	"sentbytes": "308001FFFF0501F41601F401F4", 
	"name": "IO Control - ABS valves & Pump Status"
	}, 
	{
	"name": "StartRoutine - StartPolesCounting_FL", 
	"deny_sds": [], 
	"manualsend": true, 
	"receivebyte_dataitems": {
		"Stan procedury": {
		"firstbyte": 3
		}, 
		"Nom de la roue choisie": {
		"firstbyte": 4
		}
	}, 
	"minbytes": 4, 
	"sentbytes": "31010001"
	}, 
	{
	"receivebyte_dataitems": {
		"Stan procesu aktywacji": {
		"firstbyte": 3
		}
	}, 
	"deny_sds": [], 
	"minbytes": 3, 
	"sentbytes": "30040105", 
	"name": "IO Control - WheelSpeedOutput Status"
	}, 
	{
	"receivebyte_dataitems": {
		"Obwod opony Maximum": {
		"firstbyte": 7
		}, 
		"Obwod opony": {
		"firstbyte": 3
		}, 
		"Rozmiar kol": {
		"firstbyte": 9
		}, 
		"Obwod opony Minimum": {
		"firstbyte": 5
		}
	}, 
	"deny_sds": [], 
	"minbytes": 9, 
	"sentbytes": "2102", 
	"name": "RDBLI_OdometerFrame"
	}, 
	{
	"receivebyte_dataitems": {
		"Version soft SS": {
		"firstbyte": 25
		}, 
		"Rok": {
		"firstbyte": 13
		}, 
		"Dzien": {
		"firstbyte": 15
		}, 
		"urzadzenie": {
		"firstbyte": 14
		}, 
		"Ligne": {
		"bitoffset": 3, 
		"firstbyte": 14
		}, 
		"Kod MPR": {
		"firstbyte": 3
		}, 
		"Zespol": {
		"bitoffset": 6, 
		"firstbyte": 14
		}, 
		"Num\u00e9ro soft SS": {
		"firstbyte": 23
		}, 
		"N\u00b0 pi\u00e8ce": {
		"bitoffset": 3, 
		"firstbyte": 15
		}, 
		"Kod ITG": {
		"firstbyte": 9
		}, 
		"Tydzien": {
		"firstbyte": 12
		}, 
		"Kod APV": {
		"firstbyte": 8
		}, 
		"Version soft AS": {
		"firstbyte": 19
		}, 
		"Num\u00e9ro soft AS": {
		"firstbyte": 17
		}
	}, 
	"deny_sds": [
		"plant", 
		"aftersales", 
		"engineering", 
		"supplier"
	], 
	"minbytes": 26, 
	"sentbytes": "2180", 
	"name": "RDBLI_Identification"
	}, 
	{
	"sentbytes": "31032003", 
	"deny_sds": [], 
	"minbytes": 1, 
	"manualsend": true, 
	"name": "StartRoutine - Hydraulic_test_ARG"
	}, 
	{
	"receivebyte_dataitems": {
		"Status napelniania": {
		"firstbyte": 3
		}
	}, 
	"deny_sds": [], 
	"minbytes": 3, 
	"sentbytes": "21E0", 
	"name": "RDBLI_Process_byte"
	}, 
	{
	"name": "StartRoutine - StartPolesCounting_RL", 
	"deny_sds": [], 
	"manualsend": true, 
	"receivebyte_dataitems": {
		"Stan procedury": {
		"firstbyte": 3
		}, 
		"Nom de la roue choisie": {
		"firstbyte": 4
		}
	}, 
	"minbytes": 4, 
	"sentbytes": "31010003"
	}, 
	{
	"name": "ReadDTC", 
	"deny_sds": [], 
	"manualsend": true, 
	"receivebyte_dataitems": {
		"Type Of Fault": {
		"firstbyte": 5
		}, 
		"Aktualny blad": {
		"bitoffset": 2, 
		"firstbyte": 5
		}, 
		"Historical Failure": {
		"bitoffset": 1, 
		"firstbyte": 5
		}, 
		"FirstDTC": {
		"firstbyte": 3
		}, 
		"Specific Fault": {
		"bitoffset": 3, 
		"firstbyte": 5
		}, 
		"Standardowy blad": {
		"bitoffset": 3, 
		"firstbyte": 5
		}, 
		"NDTC": {
		"firstbyte": 2
		}
	}, 
	"minbytes": 2, 
	"sentbytes": "17FF00", 
	"shiftbytescount": 3
	}, 
	{
	"sendbyte_dataitems": {
		"Wybor pojazdu": {
		"firstbyte": 3
		}
	}, 
	"deny_sds": [
		"plant", 
		"aftersales", 
		"engineering", 
		"supplier"
	], 
	"minbytes": 1, 
	"sentbytes": "3BD100", 
	"name": "WDBLI_Vehicle_configuration"
	}, 
	{
	"name": "Write - IndexTachy", 
	"deny_sds": [], 
	"manualsend": true, 
	"sendbyte_dataitems": {
		"Rozmiar kol": {
		"firstbyte": 3
		}
	}, 
	"minbytes": 2, 
	"sentbytes": "3B0200"
	}
], 
"data": {
	"Napiecie": {
	"scaled": true, 
	"comment": "Tension d'alimentation", 
	"step": 0.08, 
	"unit": "V", 
	"format": "0.00"
	}, 
	"Faza czyszczenia po sprzedazy": {
	"lists": {
		"1": "Phase 1", 
		"2": "Phase 2", 
		"3": "Phase 3", 
		"4": "Phase 4"
	}
	}, 
	"Vitesse ARG FF": {
	"scaled": true, 
	"comment": "FreezeFrame - vitesse ARG", 
	"unit": "km/h"
	}, 
	"FFN": {
	"scaled": true, 
	"comment": "Num\u00e9ro de FreezeFrame"
	}, 
	"Obwod opony Maximum": {
	"scaled": true, 
	"bytescount": 2, 
	"bitscount": 16, 
	"unit": "mm", 
	"format": "000000"
	}, 
	"Dzien ECU": {
	"scaled": true, 
	"comment": "Jour de fabrication de l'ECU", 
	"format": "00"
	}, 
	"Wybor czasu aktywacji (Xx20ms) (Min:1s/Max5s)": {
	"lists": {
		"200": "4s", 
		"50": "1s", 
		"100": "2s", 
		"250": "5s", 
		"150": "3s"
	}
	}, 
	"Wylot lewy przod": {
	"bitscount": 1, 
	"lists": {
		"0": "Active", 
		"1": "nieaktywny"
	}
	}, 
	"Kod MPR": {
	"comment": "Code MPR", 
	"bytescount": 5, 
	"byte": true, 
	"bitscount": 40
	}, 
	"Doplyw prawy przod": {
	"bitscount": 1, 
	"lists": {
		"0": "Active", 
		"1": "nieaktywny"
	}
	}, 
	"Aktywacja pompy": {
	"bitscount": 1, 
	"lists": {
		"0": "Active", 
		"1": "nieaktywna"
	}
	}, 
	"Wybor czasu aktywacji(Xx80ms) (Min5s/Max20s)": {
	"lists": {
		"250": "20s", 
		"187": "15s", 
		"125": "10s", 
		"62": "5s"
	}
	}, 
	"Historical Failure": {
	"bitscount": 1, 
	"lists": {
		"0": "No", 
		"1": "Yes"
	}
	}, 
	"Wylot prawy przod": {
	"bitscount": 1, 
	"lists": {
		"0": "Active", 
		"1": "nieaktywny"
	}
	}, 
	"VIN_CRC": {
	"comment": "Checksum du code VIN", 
	"bytescount": 2, 
	"byte": true, 
	"bitscount": 16
	}, 
	"Type de d\u00e9faut": {
	"comment": "Type de d\u00e9faut (pr\u00e9sent / m\u00e9moris\u00e9)", 
	"bitscount": 2, 
	"lists": {
		"2": "M\u00e9moris\u00e9", 
		"3": "Pr\u00e9sent et m\u00e9moris\u00e9"
	}
	}, 
	"Dzien": {
	"bitscount": 3, 
	"lists": {
		"1": "lundi", 
		"2": "mardi", 
		"3": "mercredi", 
		"4": "jeudi", 
		"5": "vendredi", 
		"6": "samedi", 
		"7": "dimanche"
	}
	}, 
	"Predkosc LP": {
	"comment": "Vitesse roue AVG", 
	"divideby": 100.0, 
	"bitscount": 16, 
	"format": "0.00", 
	"scaled": true, 
	"bytescount": 2, 
	"unit": "km/h"
	}, 
	"Wybor kola": {
	"lists": {
		"1": "kolo lewe przednie", 
		"2": "Kolo prawe przednie", 
		"3": "Kolo tylne lewe", 
		"4": "Kolo tylne prawe"
	}
	}, 
	"Nom de la roue choisie": {
	"lists": {
		"1": "Roue avant gauche", 
		"2": "Roue avant droite", 
		"3": "Roue arri\u00e8re gauche", 
		"4": "Roue arri\u00e8re droite"
	}
	}, 
	"Predkosc LT": {
	"comment": "Vitesse roue ARG", 
	"divideby": 100.0, 
	"bitscount": 16, 
	"format": "0.00", 
	"scaled": true, 
	"bytescount": 2, 
	"unit": "km/h"
	}, 
	"Tydzien": {
	"byte": true
	}, 
	"Aktualny blad": {
	"bitscount": 1, 
	"lists": {
		"0": "No", 
		"1": "Yes"
	}
	}, 
	"Doplyw lewy tyl": {
	"bitscount": 1, 
	"lists": {
		"0": "Active", 
		"1": "nieaktywny"
	}
	}, 
	"Rok APV": {
	"scaled": true, 
	"comment": "Ann\u00e9e de la derni\u00e8re intervention APV", 
	"format": "00"
	}, 
	"Kod ITG": {
	"bytesascii": true, 
	"bytescount": 3, 
	"byte": true, 
	"bitscount": 24, 
	"comment": "Code ITG"
	}, 
	"Kod APV": {
	"comment": "Code APV diagnostic", 
	"byte": true
	}, 
	"Predkosc auta": {
	"comment": "Vitesse v\u00e9hicule", 
	"divideby": 100.0, 
	"bitscount": 16, 
	"format": "0.00", 
	"scaled": true, 
	"bytescount": 2, 
	"unit": "km/h"
	}, 
	"Stan procesu aktywacji": {
	"lists": {
		"128": "Problem aktywacji", 
		"1": "Aktywacja w trakcie", 
		"2": "Aktywacja zakonczona", 
		"129": "Aktywacja przerwana", 
		"130": "Aktywacja dostepna", 
		"17": "Aktywacja zatrzymana"
	}
	}, 
	"Standardowy blad": {
	"bitscount": 5, 
	"lists": {
		"0": "non utilis\u00e9", 
		"1": "Circuit ouvert (1h)", 
		"2": "Court-circuit \u00e0 la masse (2h)", 
		"3": "Court-circuit au +bat (3h)", 
		"4": "Param \u00e0 la limite basse (4h)", 
		"5": "Param \u00e0 la limite haute (5h)", 
		"6": "Incoh\u00e9rence, impossible (6h)", 
		"7": "Pas de signal (7h)", 
		"8": "En dessous du seuil bas (8h)", 
		"9": "Au dessus du seuil haut (9h)", 
		"10": "Niveau bas permanent (Ah)", 
		"11": "Niveau haut permanent (Bh)", 
		"12": "Lignes en court-circuit (Ch)", 
		"13": "Anomalie \u00e9l\u00e9ctronique interne (Dh)", 
		"14": "Anomaly du r\u00e9seau (Eh)", 
		"15": "Diagnostique erron\u00e9 (Fh)", 
		"16": "Communication perturb\u00e9e (10h)", 
		"17": "Microcoupures (11h)", 
		"18": "Tension anormale (12h)", 
		"19": "Valeur en dehors de la plage (13h)", 
		"20": "Circuit ouvert ou court-circuit \u00e0 la masse (14h)", 
		"21": "Circuit ouvert ou court-circuit au +Bat(15h)", 
		"22": "Init / config non valide (16h)", 
		"23": "Init non valide(17h)", 
		"24": "Anomalie (18h)"
	}
	}, 
	"Predkosc PP": {
	"comment": "Vitesse roue AVD", 
	"divideby": 100.0, 
	"bitscount": 16, 
	"format": "0.00", 
	"scaled": true, 
	"bytescount": 2, 
	"unit": "km/h"
	}, 
	"Regulator REF": {
	"comment": "FreezeFrame - Etat de l'EBV lors d'une r\u00e9gulation", 
	"bitscount": 1, 
	"lists": {
		"0": "inactif", 
		"1": "en r\u00e9gulation"
	}
	}, 
	"Version soft SS": {
	"comment": "Version SS software BOSCH", 
	"bytescount": 2, 
	"byte": true, 
	"bitscount": 16
	}, 
	"Stan ABS": {
	"comment": "Etat de la fonction ABS", 
	"bitscount": 1, 
	"lists": {
		"0": "z bledem", 
		"1": "OK"
	}
	}, 
	"Rok ECU": {
	"scaled": true, 
	"comment": "Ann\u00e9e de fabrication de l'ECU", 
	"format": "00"
	}, 
	"Stan REF": {
	"comment": "Etat de la fonction EBV", 
	"bitscount": 1, 
	"lists": {
		"0": "z bledem", 
		"1": "OK"
	}
	}, 
	"urzadzenie": {
	"scaled": true, 
	"bitscount": 3
	}, 
	"Predkosc PT": {
	"comment": "Vitesse roue ARD", 
	"divideby": 100.0, 
	"bitscount": 16, 
	"format": "0.00", 
	"scaled": true, 
	"bytescount": 2, 
	"unit": "km/h"
	}, 
	"miesiac ECU": {
	"scaled": true, 
	"comment": "Mois de fabrication de l'ECU", 
	"format": "00"
	}, 
	"Num\u00e9ro soft SS": {
	"comment": "Num\u00e9ro SS software BOSCH", 
	"bytescount": 2, 
	"byte": true, 
	"bitscount": 16
	}, 
	"Version soft AS": {
	"comment": "Version AS software BOSCH", 
	"bytescount": 2, 
	"byte": true, 
	"bitscount": 16
	}, 
	"Wybor typu stopu": {
	"lists": {
		"128": "Teraz"
	}
	}, 
	"Rozmiar kol": {
	"comment": "A coder", 
	"lists": {
		"241": "165/80 R14", 
		"244": "185/65 R15", 
		"229": "185/70 R14", 
		"255": "Valeur invalide (FFh)"
	}
	}, 
	"Vitesse ARD FF": {
	"scaled": true, 
	"comment": "FreezeFrame - vitesse ARD", 
	"unit": "km/h"
	}, 
	"FirstDTC": {
	"comment": "Premier code DTC", 
	"bytescount": 2, 
	"bitscount": 16, 
	"lists": {
		"20675": "Calculateur", 
		"20678": "Capteur p\u00e9dale de frein", 
		"20550": "G\u00e9n\u00e9rique capteur vitesse roue", 
		"20543": "Capteur vitesse roue ARG", 
		"20684": "Alimentation calculateur", 
		"20527": "Capteur vitesse roue ARD", 
		"20495": "Capteur vitesse roue AVD", 
		"20511": "Capteur vitesse roue AVG"
	}
	}, 
	"FF_Licznik": {
	"scaled": true, 
	"comment": "FreezeFrame - compteur"
	}, 
	"Regulator ABS": {
	"comment": "FreezeFrame - Etat de l'ABS lors d'une r\u00e9gulation", 
	"bitscount": 1, 
	"lists": {
		"0": "inactif", 
		"1": "en r\u00e9gulation"
	}
	}, 
	"Vitesse AVG FF": {
	"scaled": true, 
	"comment": "FreezeFrame - vitesse AVG", 
	"unit": "km/h"
	}, 
	"Wylot lewy tyl": {
	"bitscount": 1, 
	"lists": {
		"0": "Active", 
		"1": "nieaktywny"
	}
	}, 
	"NDTC": {
	"scaled": true, 
	"comment": "Nombre de code d\u00e9faut DTC"
	}, 
	"Wylot prawy tyl": {
	"bitscount": 1, 
	"lists": {
		"0": "Active", 
		"1": "nieaktywny"
	}
	}, 
	"Doplyw lewy przod": {
	"bitscount": 1, 
	"lists": {
		"0": "Active", 
		"1": "nieaktywny"
	}
	}, 
	"Stan procedury": {
	"lists": {
		"0": "test nieaktywny", 
		"1": "Test w trakcie", 
		"2": "Test zakonczony OK", 
		"4": "Test zakonczony blednie", 
		"8": "Test zakonczony z globalnym problemem", 
		"128": "Test gotowy", 
		"16": "Blad zapisu", 
		"144": "Test przerwany przez narzedzie giagnostyczne", 
		"132": "Wybor kola niepoprawny"
	}
	}, 
	"Rok": {
	"lists": {
		"2": "2002", 
		"3": "2003", 
		"4": "2004", 
		"5": "2005", 
		"6": "2006", 
		"7": "2007", 
		"8": "2008"
	}
	}, 
	"Dzien APV": {
	"scaled": true, 
	"comment": "Jour de la derni\u00e8re intervention APV", 
	"format": "00"
	}, 
	"Obwod opony Minimum": {
	"scaled": true, 
	"bytescount": 2, 
	"bitscount": 16, 
	"unit": "mm", 
	"format": "000000"
	}, 
	"Liczba zabkow": {
	"scaled": true, 
	"format": "00"
	}, 
	"Vitesse AVD FF": {
	"scaled": true, 
	"comment": "FreezeFrame - vitesse AVD", 
	"unit": "km/h"
	}, 
	"Type Of Fault": {
	"bitscount": 1, 
	"lists": {
		"0": "Standard", 
		"1": "Specific"
	}
	}, 
	"Num\u00e9ro soft AS": {
	"scaled": true, 
	"bytescount": 2, 
	"bitscount": 16, 
	"comment": "Num\u00e9ro AS software BOSCH"
	}, 
	"Stan pedalu hamulca": {
	"comment": "Etat du contact feux de stop", 
	"bitscount": 1, 
	"lists": {
		"0": "Hamulec zwolniony", 
		"1": "Hamulec wcisniety"
	}
	}, 
	"VIN": {
	"bytesascii": true, 
	"bytescount": 17, 
	"byte": true, 
	"bitscount": 136, 
	"comment": "Num\u00e9ro d'identification v\u00e9hicule"
	}, 
	"Zespol": {
	"scaled": true, 
	"bitscount": 2
	}, 
	"Obwod opony": {
	"scaled": true, 
	"bytescount": 2, 
	"bitscount": 16, 
	"unit": "mm", 
	"format": "0000"
	}, 
	"Status napelniania": {
	"comment": "Octet de status du remplissage hydraulique", 
	"lists": {
		"0": "napelnianie OK", 
		"1": "Blad podczas napelniania", 
		"255": "komputer nieznany"
	}
	}, 
	"Wybor pojazdu": {
	"comment": "S\u00e9lection du v\u00e9hicule", 
	"lists": {
		"1": "L90 lub B90 (44 pary biegunow)", 
		"2": "K/F90 duza srednica hamulcow 54 (44 pary biegunow)", 
		"3": "K/F90 mala srednica hamulcow 48 (44 pary biegunow)", 
		"4": "L90 lub B90 (48 par biegunow)", 
		"5": "K/F90 duza srednica hamulcow 54 (48 par biegunow)", 
		"6": "K/F90 mala srednica hamulca 48 (48 par biegunow)", 
		"255": "Absence configuration"
	}
	}, 
	"N\u00b0 pi\u00e8ce": {
	"scaled": true, 
	"bytescount": 2, 
	"bitscount": 13
	}, 
	"Doplyw prawy tyl": {
	"bitscount": 1, 
	"lists": {
		"0": "Active", 
		"1": "nieaktywny"
	}
	}, 
	"Specific Fault": {
	"bitscount": 5, 
	"lists": {
		"4": "Interf\u00e9rence entre une ou plusieurs roues (4h)", 
		"12": "Index pneu non s\u00e9lectionn\u00e9 (Ch)", 
		"5": "Config v\u00e9hicule non programm\u00e9 (5h)", 
		"6": "Config v\u00e9hicule non valide (6h)", 
		"13": "Pb M\u00e9canique ou Magn\u00e9tique sur la cible (Dh)"
	}
	}, 
	"miesiac APV": {
	"scaled": true, 
	"comment": "Mois de la derni\u00e8re intervention APV", 
	"format": "00"
	}, 
	"Ligne": {
	"scaled": true, 
	"bitscount": 3
	}
}
}