{
"obd": {
	"baudrate": 500000, 
	"protocol": "CAN", 
	"recv_id": "760", 
	"funcname": "ABS-VDC - ABS-ESP", 
	"funcaddr": "01", 
	"send_id": "740"
}, 
"devices": [
	{
	"dtc": 16405, 
	"devicedata": {}, 
	"dtctype": 2, 
	"name": "Outlet valve FR"
	}, 
	{
	"dtc": 49472, 
	"devicedata": {}, 
	"dtctype": 0, 
	"name": "Lost Communication with BCM"
	}, 
	{
	"dtc": 49445, 
	"devicedata": {}, 
	"dtctype": 0, 
	"name": "Lost Communication with Cluster Sensor"
	}, 
	{
	"dtc": 16385, 
	"devicedata": {}, 
	"dtctype": 2, 
	"name": "Isolating valve FR/RL axis"
	}, 
	{
	"dtc": 20820, 
	"devicedata": {}, 
	"dtctype": 2, 
	"name": "Invalid wheel circumference parameter"
	}, 
	{
	"dtc": 20818, 
	"devicedata": {}, 
	"dtctype": 2, 
	"name": "Invalid gearbox parameter"
	}, 
	{
	"dtc": 16400, 
	"devicedata": {}, 
	"dtctype": 2, 
	"name": "Inlet valve FL"
	}, 
	{
	"dtc": 0, 
	"devicedata": {
		"Longitudinal acceleration offset": "0"
	}, 
	"dtctype": 4, 
	"name": "DataRead.Longitudinal acceleration offset"
	}, 
	{
	"dtc": 16491, 
	"devicedata": {}, 
	"dtctype": 4, 
	"name": "Stability system active too long"
	}, 
	{
	"dtc": 49408, 
	"devicedata": {}, 
	"dtctype": 0, 
	"name": "Lost Communication with ECM"
	}, 
	{
	"dtc": 49153, 
	"devicedata": {}, 
	"dtctype": 0, 
	"name": "Vehicle CAN - no transmission"
	}, 
	{
	"dtc": 49206, 
	"devicedata": {}, 
	"dtctype": 0, 
	"name": "Private CAN - Busoff"
	}, 
	{
	"dtc": 16404, 
	"devicedata": {}, 
	"dtctype": 2, 
	"name": "Inlet valve FR"
	}, 
	{
	"dtc": 61443, 
	"devicedata": {}, 
	"dtctype": 0, 
	"name": "Supply Voltage"
	}, 
	{
	"dtc": 16452, 
	"devicedata": {}, 
	"dtctype": 2, 
	"name": "Master cylinder pressure sensor"
	}, 
	{
	"dtc": 16441, 
	"devicedata": {}, 
	"dtctype": 0, 
	"name": "Rear right tone wheel"
	}, 
	{
	"dtc": 16401, 
	"devicedata": {}, 
	"dtctype": 2, 
	"name": "Outlet valve FL"
	}, 
	{
	"dtc": 50199, 
	"devicedata": {}, 
	"dtctype": 0, 
	"name": "Invalid Data Received From APB"
	}, 
	{
	"dtc": 49448, 
	"devicedata": {}, 
	"dtctype": 0, 
	"name": "Lost Cummunication with APB"
	}, 
	{
	"dtc": 16388, 
	"devicedata": {}, 
	"dtctype": 2, 
	"name": "Electric shuttle valve FL/RR axis"
	}, 
	{
	"dtc": 16490, 
	"devicedata": {}, 
	"dtctype": 2, 
	"name": "Sensor cluster"
	}, 
	{
	"dtc": 49446, 
	"devicedata": {}, 
	"dtctype": 0, 
	"name": "Lost Communication with SWAS"
	}, 
	{
	"dtc": 16448, 
	"devicedata": {}, 
	"dtctype": 0, 
	"name": "Brake pedal switch \"A\""
	}, 
	{
	"dtc": 20855, 
	"devicedata": {}, 
	"dtctype": 2, 
	"name": "Important function deactivated"
	}, 
	{
	"dtc": 50177, 
	"devicedata": {}, 
	"dtctype": 0, 
	"name": "Invalid Data Received From ECM"
	}, 
	{
	"dtc": 16387, 
	"devicedata": {}, 
	"dtctype": 2, 
	"name": "Electric shuttle valve FR/RL axis"
	}, 
	{
	"dtc": 20819, 
	"devicedata": {}, 
	"dtctype": 2, 
	"name": "Invalid parking brake parameter"
	}, 
	{
	"dtc": 16439, 
	"devicedata": {}, 
	"dtctype": 0, 
	"name": "Rear left wheel speed sensor"
	}, 
	{
	"dtc": 16433, 
	"devicedata": {}, 
	"dtctype": 0, 
	"name": "Front left wheel speed sensor"
	}, 
	{
	"dtc": 50210, 
	"devicedata": {}, 
	"dtctype": 0, 
	"name": "Invalid Data Received From BCM"
	}, 
	{
	"dtc": 16483, 
	"devicedata": {}, 
	"dtctype": 2, 
	"name": "Yaw rate sensor"
	}, 
	{
	"dtc": 50178, 
	"devicedata": {}, 
	"dtctype": 0, 
	"name": "Invalid Data Received From Transmission Control Module (AT)"
	}, 
	{
	"dtc": 20560, 
	"devicedata": {}, 
	"dtctype": 2, 
	"name": "ECU ABS or ESC"
	}, 
	{
	"dtc": 16435, 
	"devicedata": {}, 
	"dtctype": 0, 
	"name": "Front right tone wheel"
	}, 
	{
	"dtc": 16481, 
	"devicedata": {}, 
	"dtctype": 2, 
	"name": "Lateral acceleration sensor"
	}, 
	{
	"dtc": 50216, 
	"devicedata": {}, 
	"dtctype": 0, 
	"name": "Invalid Data Received From SWAS"
	}, 
	{
	"dtc": 20817, 
	"devicedata": {}, 
	"dtctype": 2, 
	"name": "Invalid ABS or ESC calibration parameter"
	}, 
	{
	"dtc": 61445, 
	"devicedata": {}, 
	"dtctype": 0, 
	"name": "Battery Energy Saved"
	}, 
	{
	"dtc": 16386, 
	"devicedata": {}, 
	"dtctype": 2, 
	"name": "Isolating valve FL/RR axis"
	}, 
	{
	"dtc": 49267, 
	"devicedata": {}, 
	"dtctype": 0, 
	"name": "Vehicle CAN - Busoff"
	}, 
	{
	"dtc": 16442, 
	"devicedata": {}, 
	"dtctype": 0, 
	"name": "Rear right wheel speed sensor"
	}, 
	{
	"dtc": 16482, 
	"devicedata": {}, 
	"dtctype": 2, 
	"name": "Longitudinal acceleration sensor"
	}, 
	{
	"dtc": 16521, 
	"devicedata": {}, 
	"dtctype": 0, 
	"name": "Activation switch"
	}, 
	{
	"dtc": 16432, 
	"devicedata": {}, 
	"dtctype": 0, 
	"name": "Front left tone wheel"
	}, 
	{
	"dtc": 16409, 
	"devicedata": {}, 
	"dtctype": 2, 
	"name": "Outlet valve RL"
	}, 
	{
	"dtc": 20821, 
	"devicedata": {}, 
	"dtctype": 2, 
	"name": "EEPROM calibration valve data"
	}, 
	{
	"dtc": 49192, 
	"devicedata": {}, 
	"dtctype": 0, 
	"name": "Private CAN - no transmission"
	}, 
	{
	"dtc": 20856, 
	"devicedata": {}, 
	"dtctype": 2, 
	"name": "Secondary function deactivated"
	}, 
	{
	"dtc": 16408, 
	"devicedata": {}, 
	"dtctype": 2, 
	"name": "Inlet valve RL"
	}, 
	{
	"dtc": 16416, 
	"devicedata": {}, 
	"dtctype": 2, 
	"name": "Pump motor control"
	}, 
	{
	"dtc": 49409, 
	"devicedata": {}, 
	"dtctype": 0, 
	"name": "Lost Communication with Transmission Control Module (AT)"
	}, 
	{
	"dtc": 16438, 
	"devicedata": {}, 
	"dtctype": 0, 
	"name": "Rear left tone wheel"
	}, 
	{
	"dtc": 16436, 
	"devicedata": {}, 
	"dtctype": 0, 
	"name": "Front right wheel speed sensor"
	}, 
	{
	"dtc": 16412, 
	"devicedata": {}, 
	"dtctype": 2, 
	"name": "Inlet valve RR"
	}, 
	{
	"dtc": 20822, 
	"devicedata": {}, 
	"dtctype": 2, 
	"name": "Invalid ESC orientation parameter"
	}, 
	{
	"dtc": 16465, 
	"devicedata": {}, 
	"dtctype": 0, 
	"name": "Steering wheel position sensor"
	}, 
	{
	"dtc": 16413, 
	"devicedata": {}, 
	"dtctype": 2, 
	"name": "Outlet valve RR"
	}, 
	{
	"dtc": 50226, 
	"devicedata": {}, 
	"dtctype": 0, 
	"name": "Invalid Data Received From Cluster Sensor"
	}
], 
"ecuname": "ABS ESC v2.0", 
"autoidents": [
	{
	"diagversion": "20", 
	"supplier": "368", 
	"version": "0000", 
	"soft": "0000"
	}, 
	{
	"diagversion": "24", 
	"supplier": "368", 
	"version": "0000", 
	"soft": "0000"
	}, 
	{
	"diagversion": "20", 
	"supplier": "368", 
	"version": "5027", 
	"soft": "6160"
	}, 
	{
	"diagversion": "24", 
	"supplier": "368", 
	"version": "6017", 
	"soft": "6160"
	}, 
	{
	"diagversion": "20", 
	"supplier": "368", 
	"version": "4009", 
	"soft": "7160"
	}
], 
"endian": "Big", 
"requests": [
	{
	"name": "IOControl.Hydraulic valves and pump.Normally Closed EV and Pump", 
	"replybytes": "700100", 
	"deny_sds": [
		"nosds"
	], 
	"manualsend": true, 
	"minbytes": 3, 
	"sentbytes": "30010055B3"
	}, 
	{
	"name": "IOControl.Brake lights.status request", 
	"replybytes": "700400", 
	"deny_sds": [
		"nosds"
	], 
	"receivebyte_dataitems": {
		"IOControl.Output command status": {
		"firstbyte": 3
		}
	}, 
	"minbytes": 3, 
	"sentbytes": "300401"
	}, 
	{
	"name": "DataRead.Identification.RenaultR2", 
	"replybytes": "6180", 
	"deny_sds": [], 
	"receivebyte_dataitems": {
		"HardwareNumber.BasicPartList": {
		"firstbyte": 24
		}, 
		"DiagnosticIdentificationCode": {
		"firstbyte": 8
		}, 
		"CalibrationNumber": {
		"firstbyte": 21
		}, 
		"SupplierNumber.ITG": {
		"firstbyte": 9
		}, 
		"HardwareNumber.LowerPart": {
		"firstbyte": 12
		}, 
		"PartNumber.BasicPartList": {
		"firstbyte": 23
		}, 
		"ManufacturerIdentificationCode": {
		"firstbyte": 26
		}, 
		"ApprovalNumber.BasicPartList": {
		"firstbyte": 25
		}, 
		"EditionNumber": {
		"firstbyte": 19
		}, 
		"PartNumber.LowerPart": {
		"firstbyte": 3
		}, 
		"SoftwareNumber": {
		"firstbyte": 17
		}
	}, 
	"minbytes": 26, 
	"sentbytes": "2180"
	}, 
	{
	"name": "DataRead.VehicleIdentificationNumber", 
	"replybytes": "6181", 
	"deny_sds": [], 
	"receivebyte_dataitems": {
		"Vehicle Identification Number": {
		"firstbyte": 3
		}, 
		"Vehicle Identification Number CRC": {
		"firstbyte": 20
		}
	}, 
	"minbytes": 21, 
	"sentbytes": "2181"
	}, 
	{
	"name": "OutputControl.Start.Vehicle speed wire generation", 
	"replybytes": "700200", 
	"deny_sds": [], 
	"receivebyte_dataitems": {
		"OutputControlStatus": {
		"firstbyte": 3
		}
	}, 
	"sendbyte_dataitems": {
		"OutputControlCommand": {
		"firstbyte": 3
		}, 
		"Vehicle speed wire generation": {
		"firstbyte": 4
		}, 
		"OutputTemporaryControlList": {
		"firstbyte": 2
		}
	}, 
	"minbytes": 3, 
	"sentbytes": "30020000"
	}, 
	{
	"name": "DataRead.Brake light activation request", 
	"replybytes": "624B10", 
	"deny_sds": [], 
	"receivebyte_dataitems": {
		"Brake light activation request": {
		"ref": true, 
		"firstbyte": 4
		}
	}, 
	"minbytes": 4, 
	"sentbytes": "224B10"
	}, 
	{
	"name": "DataWrite.Internal odometer", 
	"replybytes": "6E4B06", 
	"deny_sds": [], 
	"manualsend": true, 
	"sendbyte_dataitems": {
		"Internal odometer.Internal odometer": {
		"bitoffset": 4, 
		"firstbyte": 4
		}, 
		"Internal odometer.Reserved": {
		"firstbyte": 4
		}
	}, 
	"minbytes": 3, 
	"sentbytes": "2E4B0600000000"
	}, 
	{
	"name": "DataRead.EBP function activation deactivation", 
	"replybytes": "624B2C", 
	"deny_sds": [], 
	"receivebyte_dataitems": {
		"EBP function activation deactivation": {
		"ref": true, 
		"firstbyte": 4
		}
	}, 
	"minbytes": 4, 
	"sentbytes": "224B2C"
	}, 
	{
	"name": "IOControl.Hydraulic valves and pump.Electric Shuttle FRRL Isolating EV and Pump", 
	"replybytes": "700100", 
	"deny_sds": [
		"nosds"
	], 
	"manualsend": true, 
	"minbytes": 3, 
	"sentbytes": "300100FFB2"
	}, 
	{
	"name": "DataRead.Initial system identification", 
	"replybytes": "61F0", 
	"deny_sds": [], 
	"receivebyte_dataitems": {
		"HardwareNumber.BasicPartList": {
		"firstbyte": 24
		}, 
		"DiagnosticIdentificationCode": {
		"firstbyte": 8
		}, 
		"CalibrationNumber": {
		"firstbyte": 21
		}, 
		"SupplierNumber.ITG": {
		"firstbyte": 9
		}, 
		"HardwareNumber.LowerPart": {
		"firstbyte": 12
		}, 
		"PartNumber.BasicPartList": {
		"firstbyte": 23
		}, 
		"ManufacturerIdentificationCode": {
		"firstbyte": 26
		}, 
		"ApprovalNumber.BasicPartList": {
		"firstbyte": 25
		}, 
		"EditionNumber": {
		"firstbyte": 19
		}, 
		"PartNumber.LowerPart": {
		"firstbyte": 3
		}, 
		"SoftwareNumber": {
		"firstbyte": 17
		}
	}, 
	"minbytes": 26, 
	"sentbytes": "21F0"
	}, 
	{
	"name": "DataWrite.AYC function activation deactivation", 
	"replybytes": "6E4B28", 
	"deny_sds": [
		"nosds"
	], 
	"manualsend": true, 
	"sendbyte_dataitems": {
		"AYC function activation deactivation": {
		"firstbyte": 4
		}
	}, 
	"minbytes": 3, 
	"sentbytes": "2E4B2800"
	}, 
	{
	"name": "IOControl.Hydraulic valves and pump.none", 
	"replybytes": "700100", 
	"deny_sds": [
		"nosds"
	], 
	"manualsend": true, 
	"receivebyte_dataitems": {
		"IOControl.Output command status": {
		"firstbyte": 3
		}
	}, 
	"minbytes": 3, 
	"sentbytes": "300100FFFF"
	}, 
	{
	"name": "Start Programming Session", 
	"replybytes": "5085", 
	"deny_sds": [], 
	"manualsend": true, 
	"minbytes": 2, 
	"sentbytes": "1085"
	}, 
	{
	"name": "DataRead.Internal odometer", 
	"replybytes": "624B06", 
	"deny_sds": [], 
	"receivebyte_dataitems": {
		"Internal odometer.Internal odometer": {
		"bitoffset": 4, 
		"ref": true, 
		"firstbyte": 4
		}, 
		"Internal odometer.Reserved": {
		"ref": true, 
		"firstbyte": 4
		}
	}, 
	"minbytes": 7, 
	"sentbytes": "224B06"
	}, 
	{
	"name": "ClearDiagnosticInformation.All", 
	"replybytes": "54", 
	"deny_sds": [], 
	"manualsend": true, 
	"minbytes": 1, 
	"sentbytes": "14FFFFFF"
	}, 
	{
	"name": "IOControl.Hydraulic control.inlet RL", 
	"replybytes": "700100", 
	"deny_sds": [
		"nosds"
	], 
	"manualsend": true, 
	"minbytes": 3, 
	"sentbytes": "300100EFFF"
	}, 
	{
	"name": "DataWrite.AfterSale date", 
	"replybytes": "6E4B18", 
	"deny_sds": [
		"nosds"
	], 
	"manualsend": true, 
	"sendbyte_dataitems": {
		"AfterSale date.Month": {
		"firstbyte": 5
		}, 
		"AfterSale date.Day": {
		"firstbyte": 4
		}, 
		"AfterSale date.Year": {
		"firstbyte": 6
		}
	}, 
	"minbytes": 3, 
	"sentbytes": "2E4B18000000"
	}, 
	{
	"name": "IOControl.Brake lights.stop", 
	"replybytes": "700400", 
	"deny_sds": [
		"nosds"
	], 
	"manualsend": true, 
	"receivebyte_dataitems": {
		"IOControl.Output command status": {
		"firstbyte": 3
		}
	}, 
	"minbytes": 3, 
	"sentbytes": "300411"
	}, 
	{
	"name": "DataRead.Steering Wheel Angle", 
	"replybytes": "6201000000", 
	"deny_sds": [], 
	"receivebyte_dataitems": {
		"Steering Wheel Angle": {
		"ref": true, 
		"firstbyte": 4
		}
	}, 
	"minbytes": 5, 
	"sentbytes": "220100"
	}, 
	{
	"name": "DataWrite.ESC Orientation", 
	"replybytes": "6E4B3C", 
	"deny_sds": [
		"nosds"
	], 
	"manualsend": true, 
	"sendbyte_dataitems": {
		"ESC Orientation": {
		"firstbyte": 4
		}
	}, 
	"minbytes": 3, 
	"sentbytes": "2E4B3C00"
	}, 
	{
	"name": "DataWrite.GearBox Type.Manual", 
	"replybytes": "6E4B26", 
	"deny_sds": [
		"nosds"
	], 
	"manualsend": true, 
	"minbytes": 3, 
	"sentbytes": "2E4B26B5"
	}, 
	{
	"name": "DataWrite.HSA function activation deactivation", 
	"replybytes": "6E4B31", 
	"deny_sds": [], 
	"manualsend": true, 
	"sendbyte_dataitems": {
		"HSA function activation deactivation": {
		"firstbyte": 4
		}
	}, 
	"minbytes": 3, 
	"sentbytes": "2E4B3100"
	}, 
	{
	"name": "DataRead.Initial reprogramming identification", 
	"replybytes": "61F1", 
	"deny_sds": [], 
	"receivebyte_dataitems": {
		"ApprovalNumber.LowerPart": {
		"firstbyte": 3
		}, 
		"CRC of log record": {
		"firstbyte": 25
		}, 
		"Programming Site Reference": {
		"firstbyte": 8
		}, 
		"Date of reprogramming": {
		"firstbyte": 19
		}, 
		"Record marking": {
		"firstbyte": 24
		}, 
		"Number of reprogrammings": {
		"firstbyte": 18
		}, 
		"Time of reprogramming": {
		"firstbyte": 22
		}, 
		"Programming Tool Reference": {
		"firstbyte": 13
		}
	}, 
	"minbytes": 26, 
	"sentbytes": "21F1"
	}, 
	{
	"name": "Start Default Session", 
	"replybytes": "5081", 
	"deny_sds": [], 
	"manualsend": true, 
	"receivebyte_dataitems": {
		"StartDiagnosticSession.ResponseType": {
		"firstbyte": 2
		}
	}, 
	"minbytes": 2, 
	"sentbytes": "1081"
	}, 
	{
	"name": "DataWrite.Real Circumference manual value", 
	"replybytes": "6E4B24", 
	"deny_sds": [
		"nosds", 
		"plant", 
		"aftersales"
	], 
	"manualsend": true, 
	"sendbyte_dataitems": {
		"Real Circumference manual value": {
		"firstbyte": 4
		}
	}, 
	"minbytes": 3, 
	"sentbytes": "2E4B24FFFF"
	}, 
	{
	"name": "DataRead.Braking pressure offset", 
	"replybytes": "624B39", 
	"deny_sds": [], 
	"receivebyte_dataitems": {
		"Braking pressure offset": {
		"ref": true, 
		"firstbyte": 4
		}
	}, 
	"minbytes": 4, 
	"sentbytes": "224B39"
	}, 
	{
	"name": "Routine.Steering wheel angle offset.status request", 
	"replybytes": "710100", 
	"deny_sds": [
		"nosds"
	], 
	"receivebyte_dataitems": {
		"Routine.Output command status": {
		"firstbyte": 3
		}
	}, 
	"minbytes": 3, 
	"sentbytes": "31010100"
	}, 
	{
	"name": "TesterPresent.WithResponse", 
	"deny_sds": [], 
	"minbytes": 1, 
	"sentbytes": "3E01", 
	"replybytes": "7E"
	}, 
	{
	"name": "DataRead.Vehicle speed", 
	"replybytes": "624B04", 
	"deny_sds": [], 
	"receivebyte_dataitems": {
		"Vehicle speed": {
		"ref": true, 
		"firstbyte": 4
		}
	}, 
	"minbytes": 5, 
	"sentbytes": "224B04"
	}, 
	{
	"name": "DataRead.ASR function activation deactivation", 
	"replybytes": "624B29", 
	"deny_sds": [
		"nosds"
	], 
	"receivebyte_dataitems": {
		"ASR function activation deactivation": {
		"ref": true, 
		"firstbyte": 4
		}
	}, 
	"minbytes": 4, 
	"sentbytes": "224B29"
	}, 
	{
	"name": "IOControl.Brake lights.start", 
	"replybytes": "700400", 
	"deny_sds": [
		"nosds"
	], 
	"manualsend": true, 
	"receivebyte_dataitems": {
		"IOControl.Output command status": {
		"firstbyte": 3
		}
	}, 
	"minbytes": 3, 
	"sentbytes": "300400"
	}, 
	{
	"name": "ReadDTCInformation.ReportExtendedData.Mileage", 
	"replybytes": "59060000000080000000", 
	"deny_sds": [], 
	"receivebyte_dataitems": {
		"DTCExtendedData.Mileage": {
		"firstbyte": 8
		}, 
		"DTCRecord": {
		"firstbyte": 3
		}, 
		"StatusOfDTC": {
		"firstbyte": 6
		}, 
		"DTCExtendedDataRecordNumber": {
		"firstbyte": 7
		}
	}, 
	"sendbyte_dataitems": {
		"DTCMaskRecord": {
		"firstbyte": 3
		}
	}, 
	"minbytes": 6, 
	"sentbytes": "190600000080"
	}, 
	{
	"name": "Routine.Lateral acceleration offset.start", 
	"replybytes": "710100", 
	"deny_sds": [
		"nosds"
	], 
	"manualsend": true, 
	"receivebyte_dataitems": {
		"Routine.Output command status": {
		"firstbyte": 3
		}
	}, 
	"minbytes": 3, 
	"sentbytes": "31010001"
	}, 
	{
	"name": "DataRead.Supplier fault code", 
	"replybytes": "624B3D", 
	"deny_sds": [], 
	"receivebyte_dataitems": {
		"Supplier fault code": {
		"firstbyte": 4
		}
	}, 
	"minbytes": 5, 
	"sentbytes": "224B3D"
	}, 
	{
	"name": "IOControl.Hydraulic valves and pump.status request", 
	"replybytes": "700101", 
	"deny_sds": [
		"nosds"
	], 
	"receivebyte_dataitems": {
		"IOControl.Output command status": {
		"firstbyte": 3
		}
	}, 
	"minbytes": 3, 
	"sentbytes": "300101"
	}, 
	{
	"name": "DataRead.WheelSpeed RL", 
	"replybytes": "624B02", 
	"deny_sds": [], 
	"receivebyte_dataitems": {
		"WheelSpeed RL": {
		"ref": true, 
		"firstbyte": 4
		}
	}, 
	"minbytes": 5, 
	"sentbytes": "224B02"
	}, 
	{
	"name": "IOControl.Hydraulic valves and pump.Pump", 
	"replybytes": "700100", 
	"deny_sds": [
		"nosds"
	], 
	"manualsend": true, 
	"minbytes": 3, 
	"sentbytes": "300100FFBF"
	}, 
	{
	"name": "Routine.Longitudinal acceleration offset.status request", 
	"replybytes": "710100", 
	"deny_sds": [
		"nosds"
	], 
	"receivebyte_dataitems": {
		"Routine.Output command status": {
		"firstbyte": 3
		}
	}, 
	"minbytes": 3, 
	"sentbytes": "31010103"
	}, 
	{
	"name": "DataRead.WheelSpeed RR", 
	"replybytes": "624B03", 
	"deny_sds": [], 
	"receivebyte_dataitems": {
		"WheelSpeed RR": {
		"ref": true, 
		"firstbyte": 4
		}
	}, 
	"minbytes": 5, 
	"sentbytes": "224B03"
	}, 
	{
	"name": "DataRead.ESC Orientation", 
	"replybytes": "624B3C", 
	"deny_sds": [], 
	"receivebyte_dataitems": {
		"ESC Orientation": {
		"ref": true, 
		"firstbyte": 4
		}
	}, 
	"minbytes": 4, 
	"sentbytes": "224B3C"
	}, 
	{
	"name": "DataRead.Filling status", 
	"replybytes": "624B34", 
	"deny_sds": [], 
	"receivebyte_dataitems": {
		"Filling status": {
		"ref": true, 
		"firstbyte": 4
		}
	}, 
	"minbytes": 4, 
	"sentbytes": "224B34"
	}, 
	{
	"name": "DataRead.Longitudinal acceleration offset", 
	"replybytes": "624B38", 
	"deny_sds": [], 
	"receivebyte_dataitems": {
		"Longitudinal acceleration offset": {
		"ref": true, 
		"firstbyte": 4
		}
	}, 
	"minbytes": 4, 
	"sentbytes": "224B38"
	}, 
	{
	"name": "IOControl.Hydraulic control.inlet RR", 
	"replybytes": "700100", 
	"deny_sds": [
		"nosds"
	], 
	"manualsend": true, 
	"minbytes": 3, 
	"sentbytes": "300100BFFF"
	}, 
	{
	"name": "IOControl.Hydraulic control.inlet RR outlet RR pump", 
	"replybytes": "700100", 
	"deny_sds": [
		"nosds"
	], 
	"manualsend": true, 
	"minbytes": 3, 
	"sentbytes": "3001003FBF"
	}, 
	{
	"name": "Routine.Braking pressure offset.start", 
	"replybytes": "710100", 
	"deny_sds": [
		"nosds"
	], 
	"manualsend": true, 
	"receivebyte_dataitems": {
		"Routine.Output command status": {
		"firstbyte": 3
		}
	}, 
	"minbytes": 3, 
	"sentbytes": "31010002"
	}, 
	{
	"name": "IOControl.Hydraulic valves and pump.stop", 
	"replybytes": "700100", 
	"deny_sds": [
		"nosds"
	], 
	"manualsend": true, 
	"receivebyte_dataitems": {
		"IOControl.Output command status": {
		"firstbyte": 3
		}
	}, 
	"minbytes": 3, 
	"sentbytes": "300111"
	}, 
	{
	"name": "DataWrite.HBA function activation deactivation", 
	"replybytes": "6E4B2B", 
	"deny_sds": [
		"nosds"
	], 
	"manualsend": true, 
	"sendbyte_dataitems": {
		"HBA function activation deactivation": {
		"firstbyte": 4
		}
	}, 
	"minbytes": 3, 
	"sentbytes": "2E4B2B00"
	}, 
	{
	"name": "Routine.ESC sensors offsets.stop", 
	"replybytes": "720100", 
	"deny_sds": [
		"nosds"
	], 
	"manualsend": true, 
	"receivebyte_dataitems": {
		"Routine.Output command status": {
		"firstbyte": 3
		}
	}, 
	"minbytes": 3, 
	"sentbytes": "3201"
	}, 
	{
	"name": "IOControl.Vehicle speed wire generation.Status request", 
	"replybytes": "700200", 
	"deny_sds": [
		"nosds"
	], 
	"receivebyte_dataitems": {
		"IOControl.Output command status": {
		"firstbyte": 3
		}
	}, 
	"minbytes": 3, 
	"sentbytes": "300201"
	}, 
	{
	"name": "Routine.Longitudinal acceleration offset.start", 
	"replybytes": "710100", 
	"deny_sds": [
		"nosds"
	], 
	"manualsend": true, 
	"receivebyte_dataitems": {
		"Routine.Output command status": {
		"firstbyte": 3
		}
	}, 
	"minbytes": 3, 
	"sentbytes": "31010003"
	}, 
	{
	"name": "EcuReset.SoftReset", 
	"replybytes": "5103", 
	"deny_sds": [], 
	"manualsend": true, 
	"minbytes": 2, 
	"sentbytes": "1103"
	}, 
	{
	"name": "DataWrite.Real Circumference", 
	"replybytes": "6E4B24", 
	"deny_sds": [
		"nosds"
	], 
	"manualsend": true, 
	"sendbyte_dataitems": {
		"Real Circumference": {
		"firstbyte": 4
		}
	}, 
	"minbytes": 3, 
	"sentbytes": "2E4B240000"
	}, 
	{
	"name": "IOControl.Hydraulic valves and pump.Normally Closed EV and Pump_for_ABS_Slot", 
	"replybytes": "700100", 
	"deny_sds": [
		"nosds"
	], 
	"manualsend": true, 
	"minbytes": 3, 
	"sentbytes": "30010055BF"
	}, 
	{
	"name": "Routine.Magnetic tone wheel control.FL start", 
	"replybytes": "710301", 
	"deny_sds": [
		"nosds"
	], 
	"manualsend": true, 
	"receivebyte_dataitems": {
		"Routine.Output command status": {
		"firstbyte": 3
		}
	}, 
	"minbytes": 3, 
	"sentbytes": "31030001"
	}, 
	{
	"name": "ReadDTCInformation.ReportExtendedData", 
	"replybytes": "590600000000", 
	"deny_sds": [], 
	"receivebyte_dataitems": {
		"DTCExtendedData.AgingCounter": {
		"firstbyte": 8
		}, 
		"DTCExtendedDataRecordNumber": {
		"firstbyte": 7
		}, 
		"DTCExtendedData.Mileage": {
		"firstbyte": 8
		}, 
		"DTCRecord": {
		"firstbyte": 3
		}, 
		"StatusOfDTC": {
		"firstbyte": 6
		}, 
		"DTCExtendedData.DTCOccurrenceCounter": {
		"firstbyte": 8
		}
	}, 
	"sendbyte_dataitems": {
		"DTCMaskRecord": {
		"firstbyte": 3
		}
	}, 
	"minbytes": 6, 
	"sentbytes": "1906000000FF"
	}, 
	{
	"name": "DataRead.Last system identification", 
	"replybytes": "61FE", 
	"deny_sds": [], 
	"receivebyte_dataitems": {
		"HardwareNumber.BasicPartList": {
		"firstbyte": 24
		}, 
		"DiagnosticIdentificationCode": {
		"firstbyte": 8
		}, 
		"CalibrationNumber": {
		"firstbyte": 21
		}, 
		"SupplierNumber.ITG": {
		"firstbyte": 9
		}, 
		"HardwareNumber.LowerPart": {
		"firstbyte": 12
		}, 
		"PartNumber.BasicPartList": {
		"firstbyte": 23
		}, 
		"ManufacturerIdentificationCode": {
		"firstbyte": 26
		}, 
		"ApprovalNumber.BasicPartList": {
		"firstbyte": 25
		}, 
		"EditionNumber": {
		"firstbyte": 19
		}, 
		"PartNumber.LowerPart": {
		"firstbyte": 3
		}, 
		"SoftwareNumber": {
		"firstbyte": 17
		}
	}, 
	"minbytes": 26, 
	"sentbytes": "21FE"
	}, 
	{
	"name": "DataRead.HSA function activation deactivation", 
	"replybytes": "624B31", 
	"deny_sds": [], 
	"receivebyte_dataitems": {
		"HSA function activation deactivation": {
		"ref": true, 
		"firstbyte": 4
		}
	}, 
	"minbytes": 4, 
	"sentbytes": "224B31"
	}, 
	{
	"name": "Routine.Lateral acceleration offset.status request", 
	"replybytes": "710100", 
	"deny_sds": [
		"nosds"
	], 
	"receivebyte_dataitems": {
		"Routine.Output command status": {
		"firstbyte": 3
		}
	}, 
	"minbytes": 3, 
	"sentbytes": "31010101"
	}, 
	{
	"name": "DataRead.AfterSale date", 
	"replybytes": "624B18", 
	"deny_sds": [], 
	"receivebyte_dataitems": {
		"AfterSale date.Month": {
		"ref": true, 
		"firstbyte": 5
		}, 
		"AfterSale date.Day": {
		"ref": true, 
		"firstbyte": 4
		}, 
		"AfterSale date.Year": {
		"ref": true, 
		"firstbyte": 6
		}
	}, 
	"minbytes": 6, 
	"sentbytes": "224B18"
	}, 
	{
	"name": "DataRead.Function status", 
	"replybytes": "624B35", 
	"deny_sds": [], 
	"receivebyte_dataitems": {
		"Function status.HDC function.inhibition by diag status": {
		"bitoffset": 4, 
		"ref": true, 
		"firstbyte": 7
		}, 
		"Function status.AYC function.inhibition by switch status": {
		"bitoffset": 1, 
		"ref": true, 
		"firstbyte": 5
		}, 
		"Function status.HDC function.failure status": {
		"bitoffset": 6, 
		"ref": true, 
		"firstbyte": 7
		}, 
		"Function status.VDL function.failure status": {
		"bitoffset": 2, 
		"ref": true, 
		"firstbyte": 7
		}, 
		"Function status.RMF function.activation status": {
		"bitoffset": 6, 
		"ref": true, 
		"firstbyte": 6
		}, 
		"Function status.AYC function.failure status": {
		"bitoffset": 2, 
		"ref": true, 
		"firstbyte": 5
		}, 
		"Function status.HSA function.activation status": {
		"bitoffset": 1, 
		"ref": true, 
		"firstbyte": 6
		}, 
		"Function status.MSR function.failure status": {
		"bitoffset": 4, 
		"ref": true, 
		"firstbyte": 5
		}, 
		"Function status.VDL function.activation status": {
		"bitoffset": 3, 
		"ref": true, 
		"firstbyte": 7
		}, 
		"Function status.HBA function.activation status": {
		"bitoffset": 7, 
		"ref": true, 
		"firstbyte": 5
		}, 
		"Function status.EBD function.activation status": {
		"bitoffset": 1, 
		"ref": true, 
		"firstbyte": 4
		}, 
		"Function status.TSF function.failure status": {
		"ref": true, 
		"firstbyte": 7
		}, 
		"Function status.AYC function.inhibition by diag status": {
		"ref": true, 
		"firstbyte": 5
		}, 
		"Function status.ABS function.failure status": {
		"bitoffset": 2, 
		"ref": true, 
		"firstbyte": 4
		}, 
		"Function status.HBA function.failure status": {
		"bitoffset": 6, 
		"ref": true, 
		"firstbyte": 5
		}, 
		"Function status.ASR function.failure status": {
		"bitoffset": 6, 
		"ref": true, 
		"firstbyte": 4
		}, 
		"Function status.AYC function.activation status": {
		"bitoffset": 3, 
		"ref": true, 
		"firstbyte": 5
		}, 
		"Function status.EBP function.activation status": {
		"bitoffset": 4, 
		"ref": true, 
		"firstbyte": 6
		}, 
		"Function status.RMF function.failure status": {
		"bitoffset": 5, 
		"ref": true, 
		"firstbyte": 6
		}, 
		"Function status.ASR function.inhibition by diag status": {
		"bitoffset": 4, 
		"ref": true, 
		"firstbyte": 4
		}, 
		"Function status.TSF function.activation status": {
		"bitoffset": 1, 
		"ref": true, 
		"firstbyte": 7
		}, 
		"Function status.EBP function.inhibition by diag status": {
		"bitoffset": 2, 
		"ref": true, 
		"firstbyte": 6
		}, 
		"Function status.EBP function.failure status": {
		"bitoffset": 3, 
		"ref": true, 
		"firstbyte": 6
		}, 
		"Function status.HSA function.failure status": {
		"ref": true, 
		"firstbyte": 6
		}, 
		"Function status.EBD function.failure status": {
		"ref": true, 
		"firstbyte": 4
		}, 
		"Function status.HDC function.activation status": {
		"bitoffset": 7, 
		"ref": true, 
		"firstbyte": 7
		}, 
		"Function status.MSR function.activation status": {
		"bitoffset": 5, 
		"ref": true, 
		"firstbyte": 5
		}, 
		"Function status.Not used 1": {
		"ref": true, 
		"firstbyte": 8
		}, 
		"Function status.Not used 2": {
		"bitoffset": 7, 
		"ref": true, 
		"firstbyte": 6
		}, 
		"Function status.ASR function.activation status": {
		"bitoffset": 7, 
		"ref": true, 
		"firstbyte": 4
		}, 
		"Function status.HDC function.inhibition by switch status": {
		"bitoffset": 5, 
		"ref": true, 
		"firstbyte": 7
		}, 
		"Function status.ABS function.activation status": {
		"bitoffset": 3, 
		"ref": true, 
		"firstbyte": 4
		}, 
		"Function status.ASR function.inhibition by switch status": {
		"bitoffset": 5, 
		"ref": true, 
		"firstbyte": 4
		}
	}, 
	"minbytes": 8, 
	"sentbytes": "224B35"
	}, 
	{
	"name": "IOControl.Hydraulic valves and pump.start permanent control", 
	"replybytes": "700120FFFF", 
	"deny_sds": [
		"nosds"
	], 
	"manualsend": true, 
	"receivebyte_dataitems": {
		"IOControl.Output command status": {
		"firstbyte": 3
		}
	}, 
	"sendbyte_dataitems": {
		"Hydraulic valves and pump.inlet EV RL": {
		"bitoffset": 3, 
		"firstbyte": 4
		}, 
		"Hydraulic valves and pump.outlet EV RR": {
		"firstbyte": 4
		}, 
		"Hydraulic valves and pump.FL RR Isolating EV": {
		"bitoffset": 6, 
		"firstbyte": 5
		}, 
		"Hydraulic valves and pump.outlet EV FL": {
		"bitoffset": 6, 
		"firstbyte": 4
		}, 
		"Hydraulic valves and pump.inlet EV FL": {
		"bitoffset": 7, 
		"firstbyte": 4
		}, 
		"Hydraulic valves and pump.intlet EV FR": {
		"bitoffset": 5, 
		"firstbyte": 4
		}, 
		"Hydraulic valves and pump.FL RR Electric shuttle EV": {
		"bitoffset": 4, 
		"firstbyte": 5
		}, 
		"Hydraulic valves and pump.outlet EV FR": {
		"bitoffset": 4, 
		"firstbyte": 4
		}, 
		"Hydraulic valves and pump.outlet EV RL": {
		"bitoffset": 2, 
		"firstbyte": 4
		}, 
		"Hydraulic valves and pump.FR RL Electric shuttle EV": {
		"bitoffset": 5, 
		"firstbyte": 5
		}, 
		"Hydraulic valves and pump.pump": {
		"bitoffset": 1, 
		"firstbyte": 5
		}, 
		"Hydraulic valves and pump.FR RL Isolating EV": {
		"bitoffset": 7, 
		"firstbyte": 5
		}, 
		"Hydraulic valves and pump.inlet EV RR": {
		"bitoffset": 1, 
		"firstbyte": 4
		}
	}, 
	"minbytes": 3, 
	"sentbytes": "300120FFFF"
	}, 
	{
	"name": "DataWrite.Filling status", 
	"replybytes": "6E4B34", 
	"deny_sds": [
		"nosds"
	], 
	"manualsend": true, 
	"sendbyte_dataitems": {
		"Filling status": {
		"firstbyte": 4
		}
	}, 
	"minbytes": 3, 
	"sentbytes": "2E4B3400"
	}, 
	{
	"name": "DataWrite.Powerlatch", 
	"replybytes": "6E4B25", 
	"deny_sds": [
		"nosds"
	], 
	"manualsend": true, 
	"sendbyte_dataitems": {
		"Powerlatch": {
		"firstbyte": 4
		}
	}, 
	"minbytes": 3, 
	"sentbytes": "2E4B2500"
	}, 
	{
	"name": "IOControl.Hydraulic valves and pump.Electric Shuttle FLRR Isolating EV and Pump", 
	"replybytes": "700100", 
	"deny_sds": [
		"nosds"
	], 
	"manualsend": true, 
	"minbytes": 3, 
	"sentbytes": "300100FFB1"
	}, 
	{
	"name": "OutputControl.Start.Hydraulic valves and pump", 
	"replybytes": "700100", 
	"deny_sds": [], 
	"receivebyte_dataitems": {
		"OutputControlStatus": {
		"firstbyte": 3
		}
	}, 
	"sendbyte_dataitems": {
		"Hydraulic valves and pump.inlet EV RL": {
		"bitoffset": 3, 
		"firstbyte": 4
		}, 
		"OutputControlCommand": {
		"firstbyte": 3
		}, 
		"Hydraulic valves and pump.FL RR Isolating EV": {
		"bitoffset": 6, 
		"firstbyte": 5
		}, 
		"Hydraulic valves and pump.outlet EV FL": {
		"bitoffset": 6, 
		"firstbyte": 4
		}, 
		"OutputTemporaryControlList": {
		"firstbyte": 2
		}, 
		"Hydraulic valves and pump.inlet EV FL": {
		"bitoffset": 7, 
		"firstbyte": 4
		}, 
		"Hydraulic valves and pump.intlet EV FR": {
		"bitoffset": 5, 
		"firstbyte": 4
		}, 
		"Hydraulic valves and pump.outlet EV RL": {
		"bitoffset": 2, 
		"firstbyte": 4
		}, 
		"Hydraulic valves and pump.FL RR Electric shuttle EV": {
		"bitoffset": 4, 
		"firstbyte": 5
		}, 
		"Hydraulic valves and pump.outlet EV FR": {
		"bitoffset": 4, 
		"firstbyte": 4
		}, 
		"Hydraulic valves and pump.outlet EV RR": {
		"firstbyte": 4
		}, 
		"Hydraulic valves and pump.FR RL Electric shuttle EV": {
		"bitoffset": 5, 
		"firstbyte": 5
		}, 
		"Hydraulic valves and pump.pump": {
		"bitoffset": 1, 
		"firstbyte": 5
		}, 
		"OutputPermanentControlList": {
		"firstbyte": 2
		}, 
		"Hydraulic valves and pump.FR RL Isolating EV": {
		"bitoffset": 7, 
		"firstbyte": 5
		}, 
		"Hydraulic valves and pump.inlet EV RR": {
		"bitoffset": 1, 
		"firstbyte": 4
		}
	}, 
	"minbytes": 3, 
	"sentbytes": "3001000000"
	}, 
	{
	"name": "IOControl.Hydraulic control.inlet FR outlet FR pump", 
	"replybytes": "700100", 
	"deny_sds": [
		"nosds"
	], 
	"manualsend": true, 
	"minbytes": 3, 
	"sentbytes": "300100F3BF"
	}, 
	{
	"name": "Routine.Steering wheel angle calibration.Status", 
	"replybytes": "710201", 
	"deny_sds": [
		"nosds"
	], 
	"receivebyte_dataitems": {
		"Routine.Output command status": {
		"firstbyte": 3
		}
	}, 
	"minbytes": 3, 
	"sentbytes": "310201"
	}, 
	{
	"name": "DataRead.Real Circumference", 
	"replybytes": "624B24", 
	"deny_sds": [], 
	"receivebyte_dataitems": {
		"Real Circumference": {
		"ref": true, 
		"firstbyte": 4
		}
	}, 
	"minbytes": 5, 
	"sentbytes": "224B24"
	}, 
	{
	"name": "IOControl.Warning ignition.start", 
	"replybytes": "700300", 
	"deny_sds": [
		"nosds"
	], 
	"manualsend": true, 
	"receivebyte_dataitems": {
		"IOControl.Output command status": {
		"firstbyte": 3
		}
	}, 
	"minbytes": 3, 
	"sentbytes": "300300"
	}, 
	{
	"name": "IOControl.Hydraulic control.inlet RL outlet RL pump", 
	"replybytes": "700100", 
	"deny_sds": [
		"nosds"
	], 
	"manualsend": true, 
	"minbytes": 3, 
	"sentbytes": "300100CFBF"
	}, 
	{
	"name": "DataRead.ASR button state", 
	"replybytes": "624B0D", 
	"deny_sds": [], 
	"receivebyte_dataitems": {
		"ASR button state": {
		"ref": true, 
		"firstbyte": 4
		}
	}, 
	"minbytes": 4, 
	"sentbytes": "224B0D"
	}, 
	{
	"name": "IOControl.ASR request.status request", 
	"replybytes": "700500", 
	"deny_sds": [
		"nosds"
	], 
	"receivebyte_dataitems": {
		"IOControl.Output command status": {
		"firstbyte": 3
		}
	}, 
	"minbytes": 3, 
	"sentbytes": "300501"
	}, 
	{
	"name": "ReadDTCInformation.ReportSnapshot", 
	"replybytes": "590400000000", 
	"deny_sds": [], 
	"receivebyte_dataitems": {
		"DTCRecord": {
		"firstbyte": 3
		}, 
		"StatusOfDTC": {
		"firstbyte": 6
		}
	}, 
	"sendbyte_dataitems": {
		"DTCMaskRecord": {
		"firstbyte": 3
		}
	}, 
	"minbytes": 6, 
	"sentbytes": "1904000000FF"
	}, 
	{
	"name": "ReadDTCInformation.ReportDTC", 
	"replybytes": "59020000000000", 
	"deny_sds": [], 
	"receivebyte_dataitems": {
		"DTCStatus.pendingDTC": {
		"bitoffset": 5, 
		"firstbyte": 7
		}, 
		"DTCStatus.testFailedSinceLastClear": {
		"bitoffset": 2, 
		"firstbyte": 7
		}, 
		"DTCDeviceAndFailureTypeOBD": {
		"firstbyte": 4
		}, 
		"DTCFailureType.ManufacturerOrSupplier": {
		"bitoffset": 4, 
		"firstbyte": 6
		}, 
		"DTCFailureType.Category": {
		"firstbyte": 6
		}, 
		"DTCFailureType": {
		"firstbyte": 6
		}, 
		"DTCStatus.testNotCompletedSinceLastClear": {
		"bitoffset": 3, 
		"firstbyte": 7
		}, 
		"DTCStatus.testNotCompletedThisMonitoringCycle": {
		"bitoffset": 1, 
		"firstbyte": 7
		}, 
		"DTCStatusAvailabilityMask": {
		"firstbyte": 3
		}, 
		"DTCStatus.warningIndicatorRequested": {
		"firstbyte": 7
		}, 
		"DTCStatus.confirmedDTC": {
		"bitoffset": 4, 
		"firstbyte": 7
		}, 
		"StatusOfDTC": {
		"firstbyte": 7
		}, 
		"DTCStatus.testFailedThisMonitoringCycle": {
		"bitoffset": 6, 
		"firstbyte": 7
		}, 
		"DTCStatus.testFailed": {
		"bitoffset": 7, 
		"firstbyte": 7
		}, 
		"DTCDeviceIdentifier": {
		"firstbyte": 4
		}
	}, 
	"minbytes": 3, 
	"sentbytes": "1902FF", 
	"shiftbytescount": 4
	}, 
	{
	"name": "DataRead.BLS state", 
	"replybytes": "624B1100", 
	"deny_sds": [], 
	"receivebyte_dataitems": {
		"BLS state": {
		"ref": true, 
		"firstbyte": 4
		}
	}, 
	"minbytes": 4, 
	"sentbytes": "224B11"
	}, 
	{
	"name": "Routine.Magnetic tone wheel control.RR start", 
	"replybytes": "710301", 
	"deny_sds": [
		"nosds"
	], 
	"manualsend": true, 
	"receivebyte_dataitems": {
		"Routine.Output command status": {
		"firstbyte": 3
		}
	}, 
	"minbytes": 3, 
	"sentbytes": "31030004"
	}, 
	{
	"name": "DataRead.Braking pressure", 
	"replybytes": "624B0E", 
	"deny_sds": [], 
	"receivebyte_dataitems": {
		"Braking pressure": {
		"ref": true, 
		"firstbyte": 4
		}
	}, 
	"minbytes": 4, 
	"sentbytes": "224B0E"
	}, 
	{
	"name": "DataRead.Hydraulic unit temperature", 
	"replybytes": "624B17", 
	"deny_sds": [], 
	"receivebyte_dataitems": {
		"Hydraulic unit temperature": {
		"ref": true, 
		"firstbyte": 4
		}
	}, 
	"minbytes": 4, 
	"sentbytes": "224B17"
	}, 
	{
	"name": "DataWrite.GearBox Type", 
	"replybytes": "6E4B26", 
	"deny_sds": [
		"nosds"
	], 
	"manualsend": true, 
	"sendbyte_dataitems": {
		"GearBox Type": {
		"firstbyte": 4
		}
	}, 
	"minbytes": 3, 
	"sentbytes": "2E4B2600"
	}, 
	{
	"name": "DataRead.Lateral acceleration offset", 
	"replybytes": "624B37", 
	"deny_sds": [], 
	"receivebyte_dataitems": {
		"Lateral acceleration offset": {
		"ref": true, 
		"firstbyte": 4
		}
	}, 
	"minbytes": 4, 
	"sentbytes": "224B37"
	}, 
	{
	"name": "DataRead.Steering wheel angle offset", 
	"replybytes": "624B3600", 
	"deny_sds": [], 
	"receivebyte_dataitems": {
		"Steering wheel angle offset": {
		"ref": true, 
		"firstbyte": 4
		}
	}, 
	"minbytes": 4, 
	"sentbytes": "224B36"
	}, 
	{
	"name": "Start Extended Session", 
	"replybytes": "50C0", 
	"deny_sds": [], 
	"manualsend": true, 
	"minbytes": 2, 
	"sentbytes": "10C0"
	}, 
	{
	"name": "Routine.Braking pressure offset.status request", 
	"replybytes": "710100", 
	"deny_sds": [
		"nosds"
	], 
	"receivebyte_dataitems": {
		"Routine.Output command status": {
		"firstbyte": 3
		}
	}, 
	"minbytes": 3, 
	"sentbytes": "31010102"
	}, 
	{
	"name": "DataRead.Vehicle State", 
	"replybytes": "624B1A", 
	"deny_sds": [], 
	"receivebyte_dataitems": {
		"Vehicle State": {
		"ref": true, 
		"firstbyte": 4
		}
	}, 
	"minbytes": 4, 
	"sentbytes": "224B1A"
	}, 
	{
	"name": "IOControl.Hydraulic control.inlet FR", 
	"replybytes": "700100", 
	"deny_sds": [
		"nosds"
	], 
	"manualsend": true, 
	"minbytes": 3, 
	"sentbytes": "300100FBFF"
	}, 
	{
	"name": "IOControl.Vehicle speed wire generation.Stop control", 
	"replybytes": "700200", 
	"deny_sds": [
		"nosds"
	], 
	"manualsend": true, 
	"receivebyte_dataitems": {
		"IOControl.Output command status": {
		"firstbyte": 3
		}
	}, 
	"minbytes": 3, 
	"sentbytes": "300211"
	}, 
	{
	"name": "IOControl.Hydraulic control.inlet FL", 
	"replybytes": "700100", 
	"deny_sds": [
		"nosds"
	], 
	"manualsend": true, 
	"minbytes": 3, 
	"sentbytes": "300100FEFF"
	}, 
	{
	"name": "Routine.Magnetic tone wheel control.FR start", 
	"replybytes": "710301", 
	"deny_sds": [
		"nosds"
	], 
	"manualsend": true, 
	"receivebyte_dataitems": {
		"Routine.Output command status": {
		"firstbyte": 3
		}
	}, 
	"minbytes": 3, 
	"sentbytes": "31030002"
	}, 
	{
	"name": "IOControl.Vehicle speed wire generation.start", 
	"replybytes": "700200", 
	"deny_sds": [
		"nosds"
	], 
	"manualsend": true, 
	"receivebyte_dataitems": {
		"IOControl.Output command status": {
		"firstbyte": 3
		}
	}, 
	"sendbyte_dataitems": {
		"Vehicle speed wire generation": {
		"firstbyte": 4
		}
	}, 
	"minbytes": 3, 
	"sentbytes": "30020000"
	}, 
	{
	"name": "DataWrite.EBP function activation deactivation", 
	"replybytes": "6E4B2C", 
	"deny_sds": [
		"nosds"
	], 
	"manualsend": true, 
	"sendbyte_dataitems": {
		"EBP function activation deactivation": {
		"firstbyte": 4
		}
	}, 
	"minbytes": 3, 
	"sentbytes": "2E4B2C00"
	}, 
	{
	"name": "Routine.Steering wheel angle calibration.Start", 
	"replybytes": "710201", 
	"deny_sds": [
		"nosds"
	], 
	"manualsend": true, 
	"receivebyte_dataitems": {
		"Routine.Output command status": {
		"firstbyte": 3
		}
	}, 
	"minbytes": 3, 
	"sentbytes": "31020080"
	}, 
	{
	"name": "DataWrite.Calibration variant", 
	"replybytes": "6E4B33", 
	"deny_sds": [
		"nosds"
	], 
	"manualsend": true, 
	"sendbyte_dataitems": {
		"Calibration variant": {
		"firstbyte": 4
		}
	}, 
	"minbytes": 3, 
	"sentbytes": "2E4B3300"
	}, 
	{
	"name": "DataRead.WheelSpeed FL", 
	"replybytes": "624B00", 
	"deny_sds": [], 
	"receivebyte_dataitems": {
		"WheelSpeed FL": {
		"ref": true, 
		"firstbyte": 4
		}
	}, 
	"minbytes": 5, 
	"sentbytes": "224B00"
	}, 
	{
	"name": "OutputControl", 
	"replybytes": "700000", 
	"deny_sds": [], 
	"receivebyte_dataitems": {
		"OutputControlStatus": {
		"ref": true, 
		"firstbyte": 3
		}
	}, 
	"sendbyte_dataitems": {
		"OutputControlCommand": {
		"firstbyte": 3
		}, 
		"OutputPermanentControlList": {
		"firstbyte": 2
		}, 
		"OutputTemporaryControlList": {
		"firstbyte": 2
		}
	}, 
	"minbytes": 3, 
	"sentbytes": "300000"
	}, 
	{
	"name": "DataRead.AYC function activation deactivation", 
	"replybytes": "624B28", 
	"deny_sds": [], 
	"receivebyte_dataitems": {
		"AYC function activation deactivation": {
		"ref": true, 
		"firstbyte": 4
		}
	}, 
	"minbytes": 4, 
	"sentbytes": "224B28"
	}, 
	{
	"name": "DataRead.WheelSpeed FR", 
	"replybytes": "624B01", 
	"deny_sds": [], 
	"receivebyte_dataitems": {
		"WheelSpeed FR": {
		"ref": true, 
		"firstbyte": 4
		}
	}, 
	"minbytes": 5, 
	"sentbytes": "224B01"
	}, 
	{
	"name": "IOControl.Hydraulic valves and pump.Normally Closed EV", 
	"replybytes": "700100", 
	"deny_sds": [
		"nosds"
	], 
	"manualsend": true, 
	"minbytes": 3, 
	"sentbytes": "30010055F3"
	}, 
	{
	"name": "Routine.Magnetic tone wheel control.stop", 
	"replybytes": "720301", 
	"deny_sds": [
		"nosds"
	], 
	"manualsend": true, 
	"receivebyte_dataitems": {
		"Routine.Output command status": {
		"firstbyte": 3
		}
	}, 
	"minbytes": 3, 
	"sentbytes": "3203"
	}, 
	{
	"name": "EcuReset.HardReset", 
	"replybytes": "5101", 
	"deny_sds": [], 
	"manualsend": true, 
	"minbytes": 2, 
	"sentbytes": "1101"
	}, 
	{
	"name": "DataRead.Assembly Kit Identification", 
	"replybytes": "62F18E", 
	"deny_sds": [], 
	"receivebyte_dataitems": {
		"Assembly Kit Identification": {
		"ref": true, 
		"firstbyte": 4
		}
	}, 
	"minbytes": 13, 
	"sentbytes": "22F18E"
	}, 
	{
	"name": "DataRead.Powerlatch", 
	"replybytes": "624B25", 
	"deny_sds": [], 
	"receivebyte_dataitems": {
		"Powerlatch": {
		"ref": true, 
		"firstbyte": 4
		}
	}, 
	"minbytes": 4, 
	"sentbytes": "224B25"
	}, 
	{
	"name": "Routine.Magnetic tone wheel control.RL start", 
	"replybytes": "710301", 
	"deny_sds": [
		"nosds"
	], 
	"manualsend": true, 
	"receivebyte_dataitems": {
		"Routine.Output command status": {
		"firstbyte": 3
		}
	}, 
	"minbytes": 3, 
	"sentbytes": "31030003"
	}, 
	{
	"name": "DataRead.Steering Wheel Angle Traceability", 
	"replybytes": "624B3A", 
	"deny_sds": [], 
	"receivebyte_dataitems": {
		"Steering Wheel Angle Traceability.Serial Number": {
		"ref": true, 
		"firstbyte": 4
		}, 
		"Steering Wheel Angle Traceability.Month": {
		"ref": true, 
		"firstbyte": 10
		}, 
		"Steering Wheel Angle Traceability.Day": {
		"ref": true, 
		"firstbyte": 12
		}, 
		"Steering Wheel Angle Traceability.Year": {
		"ref": true, 
		"firstbyte": 8
		}, 
		"Steering Wheel Angle Traceability.Reserved": {
		"ref": true, 
		"firstbyte": 14
		}, 
		"Steering Wheel Angle Traceability.Sequence": {
		"ref": true, 
		"firstbyte": 16
		}
	}, 
	"minbytes": 23, 
	"sentbytes": "224B3A"
	}, 
	{
	"name": "IOControl.Hydraulic valves and pump.Electrical Shuttle EV", 
	"replybytes": "700100", 
	"deny_sds": [
		"nosds"
	], 
	"manualsend": true, 
	"minbytes": 3, 
	"sentbytes": "300100FFF3"
	}, 
	{
	"name": "IOControl.ASR request.stop", 
	"replybytes": "700500", 
	"deny_sds": [
		"nosds"
	], 
	"manualsend": true, 
	"receivebyte_dataitems": {
		"IOControl.Output command status": {
		"firstbyte": 3
		}
	}, 
	"minbytes": 3, 
	"sentbytes": "300511"
	}, 
	{
	"name": "IOControl.ASR request.start", 
	"replybytes": "700500", 
	"deny_sds": [
		"nosds"
	], 
	"manualsend": true, 
	"receivebyte_dataitems": {
		"IOControl.Output command status": {
		"firstbyte": 3
		}
	}, 
	"minbytes": 3, 
	"sentbytes": "300500"
	}, 
	{
	"name": "DataWrite.VehicleIdentificationNumber", 
	"replybytes": "7B81", 
	"deny_sds": [
		"nosds"
	], 
	"manualsend": true, 
	"sendbyte_dataitems": {
		"Vehicle Identification Number": {
		"firstbyte": 3
		}, 
		"Vehicle Identification Number CRC": {
		"firstbyte": 20
		}
	}, 
	"minbytes": 2, 
	"sentbytes": "3B8100000000000000000000000000000000000000"
	}, 
	{
	"name": "DataRead.Lateral acceleration", 
	"replybytes": "624B0B00", 
	"deny_sds": [], 
	"receivebyte_dataitems": {
		"Lateral acceleration": {
		"ref": true, 
		"firstbyte": 4
		}
	}, 
	"minbytes": 4, 
	"sentbytes": "224B0B"
	}, 
	{
	"name": "IOControl.Warning ignition.status request", 
	"replybytes": "700300", 
	"deny_sds": [
		"nosds"
	], 
	"receivebyte_dataitems": {
		"IOControl.Output command status": {
		"firstbyte": 3
		}
	}, 
	"minbytes": 3, 
	"sentbytes": "300301"
	}, 
	{
	"name": "DataRead.Yaw speed", 
	"replybytes": "624B0C0000", 
	"deny_sds": [], 
	"receivebyte_dataitems": {
		"Yaw speed": {
		"ref": true, 
		"firstbyte": 4
		}
	}, 
	"minbytes": 5, 
	"sentbytes": "224B0C"
	}, 
	{
	"name": "IOControl.Hydraulic valves and pump.Electric Shuttle EV and Pump", 
	"replybytes": "700100", 
	"deny_sds": [
		"nosds"
	], 
	"manualsend": true, 
	"minbytes": 3, 
	"sentbytes": "300100FFB3"
	}, 
	{
	"name": "Routine.Steering wheel angle offset.start", 
	"replybytes": "710100", 
	"deny_sds": [
		"nosds"
	], 
	"manualsend": true, 
	"receivebyte_dataitems": {
		"Routine.Output command status": {
		"firstbyte": 3
		}
	}, 
	"minbytes": 3, 
	"sentbytes": "31010000"
	}, 
	{
	"name": "DataRead.Calibration variant", 
	"replybytes": "624B33", 
	"deny_sds": [], 
	"receivebyte_dataitems": {
		"Calibration variant": {
		"ref": true, 
		"firstbyte": 4
		}
	}, 
	"minbytes": 4, 
	"sentbytes": "224B33"
	}, 
	{
	"name": "DataRead.Odometer of the first occurence", 
	"replybytes": "624B09", 
	"deny_sds": [], 
	"receivebyte_dataitems": {
		"Odometer of the first occurence": {
		"ref": true, 
		"firstbyte": 4
		}
	}, 
	"minbytes": 6, 
	"sentbytes": "224B09"
	}, 
	{
	"name": "DataRead.Last reprogramming identification", 
	"replybytes": "61FF", 
	"deny_sds": [], 
	"receivebyte_dataitems": {
		"ApprovalNumber.LowerPart": {
		"firstbyte": 3
		}, 
		"CRC of log record": {
		"firstbyte": 25
		}, 
		"Programming Site Reference": {
		"firstbyte": 8
		}, 
		"Date of reprogramming": {
		"firstbyte": 19
		}, 
		"Record marking": {
		"firstbyte": 24
		}, 
		"Number of reprogrammings": {
		"firstbyte": 18
		}, 
		"Time of reprogramming": {
		"firstbyte": 22
		}, 
		"Programming Tool Reference": {
		"firstbyte": 13
		}
	}, 
	"minbytes": 26, 
	"sentbytes": "21FF"
	}, 
	{
	"name": "DataWrite.ASR function activation deactivation", 
	"replybytes": "6E4B29", 
	"deny_sds": [
		"nosds"
	], 
	"manualsend": true, 
	"sendbyte_dataitems": {
		"ASR function activation deactivation": {
		"firstbyte": 4
		}
	}, 
	"minbytes": 3, 
	"sentbytes": "2E4B2900"
	}, 
	{
	"name": "IOControl.Warning ignition.stop", 
	"replybytes": "700300", 
	"deny_sds": [
		"nosds"
	], 
	"manualsend": true, 
	"receivebyte_dataitems": {
		"IOControl.Output command status": {
		"firstbyte": 3
		}
	}, 
	"minbytes": 3, 
	"sentbytes": "300311"
	}, 
	{
	"name": "DataRead.HBA function activation deactivation", 
	"replybytes": "624B2B", 
	"deny_sds": [], 
	"receivebyte_dataitems": {
		"HBA function activation deactivation": {
		"ref": true, 
		"firstbyte": 4
		}
	}, 
	"minbytes": 4, 
	"sentbytes": "224B2B"
	}, 
	{
	"name": "DataRead.Longitudinal acceleration", 
	"replybytes": "624B07", 
	"deny_sds": [], 
	"receivebyte_dataitems": {
		"Longitudinal acceleration": {
		"ref": true, 
		"firstbyte": 4
		}
	}, 
	"minbytes": 4, 
	"sentbytes": "224B07"
	}, 
	{
	"name": "IOControl.Hydraulic control.inlet FL outlet FL pump", 
	"replybytes": "700100", 
	"deny_sds": [
		"nosds"
	], 
	"manualsend": true, 
	"minbytes": 3, 
	"sentbytes": "300100FCBF"
	}, 
	{
	"name": "DataRead.Traceability", 
	"replybytes": "6184", 
	"deny_sds": [], 
	"receivebyte_dataitems": {
		"ECU traceability": {
		"firstbyte": 3
		}
	}, 
	"minbytes": 22, 
	"sentbytes": "2184"
	}, 
	{
	"name": "Start Diagnostic Session", 
	"replybytes": "5000", 
	"deny_sds": [], 
	"manualsend": true, 
	"sendbyte_dataitems": {
		"SessionName": {
		"firstbyte": 2
		}
	}, 
	"minbytes": 2, 
	"sentbytes": "1000"
	}, 
	{
	"name": "DataRead.Supply voltage", 
	"replybytes": "62012F", 
	"deny_sds": [], 
	"receivebyte_dataitems": {
		"Supply voltage": {
		"ref": true, 
		"firstbyte": 4
		}
	}, 
	"minbytes": 4, 
	"sentbytes": "22012F"
	}, 
	{
	"name": "DataRead.GearBox Type", 
	"replybytes": "624B26", 
	"deny_sds": [], 
	"receivebyte_dataitems": {
		"GearBox Type": {
		"ref": true, 
		"firstbyte": 4
		}
	}, 
	"minbytes": 4, 
	"sentbytes": "224B26"
	}, 
	{
	"name": "IOControl.Hydraulic valves and pump.Normally Closed EV_for_ABS_Slot", 
	"replybytes": "700100", 
	"deny_sds": [
		"nosds"
	], 
	"manualsend": true, 
	"minbytes": 3, 
	"sentbytes": "30010055FF"
	}, 
	{
	"name": "Routine.Magnetic tone wheel control.status request", 
	"replybytes": "7103010000", 
	"deny_sds": [
		"nosds"
	], 
	"receivebyte_dataitems": {
		"Selected Wheel": {
		"firstbyte": 4
		}, 
		"Routine.Output command status": {
		"firstbyte": 3
		}, 
		"Counting result": {
		"firstbyte": 5
		}
	}, 
	"minbytes": 5, 
	"sentbytes": "310301"
	}
], 
"data": {
	"Function status.AYC function.inhibition by switch status": {
	"bitscount": 1, 
	"lists": {
		"0": "inhibited by switch", 
		"1": "not inhibited by switch"
	}
	}, 
	"DTCExtendedDataRecordNumber": {
	"lists": {
		"128": "Mileage", 
		"129": "AgingCounter", 
		"130": "DTCOccurrenceCounter"
	}
	}, 
	"Lateral acceleration": {
	"scaled": true, 
	"step": 0.02, 
	"format": "00.00", 
	"unit": "g", 
	"offset": -2.54
	}, 
	"PartNumber.BasicPartList": {
	"lists": {
		"1": "47660", 
		"2": "47855"
	}
	}, 
	"Steering Wheel Angle Traceability.Reserved": {
	"bytesascii": true, 
	"bytescount": 2, 
	"byte": true, 
	"bitscount": 16
	}, 
	"Steering Wheel Angle Traceability.Sequence": {
	"bytesascii": true, 
	"bytescount": 4, 
	"byte": true, 
	"bitscount": 32
	}, 
	"Function status.HBA function.activation status": {
	"bitscount": 1, 
	"lists": {
		"0": "not active", 
		"1": "active"
	}
	}, 
	"HardwareNumber.BasicPartList": {
	"lists": {
		"1": "47850", 
		"2": "47851"
	}
	}, 
	"CRC of log record": {
	"bytescount": 2, 
	"byte": true, 
	"bitscount": 16
	}, 
	"Date of reprogramming": {
	"comment": "date of the reprogramming yy.mm.dd", 
	"bytescount": 3, 
	"byte": true, 
	"bitscount": 24
	}, 
	"Hydraulic valves and pump.outlet EV RR": {
	"bitscount": 1, 
	"lists": {
		"0": "activated", 
		"1": "off"
	}
	}, 
	"DTCStatus.testFailedThisMonitoringCycle": {
	"bitscount": 1, 
	"lists": {
		"0": "No", 
		"1": "Yes"
	}
	}, 
	"Function status.AYC function.inhibition by diag status": {
	"bitscount": 1, 
	"lists": {
		"0": "inhibited by diag", 
		"1": "not inhibited by diag"
	}
	}, 
	"Hydraulic valves and pump.outlet EV RL": {
	"bitscount": 1, 
	"lists": {
		"0": "activated", 
		"1": "off"
	}
	}, 
	"Internal odometer.Internal odometer": {
	"divideby": 1000.0, 
	"bitscount": 28, 
	"format": "0.00", 
	"scaled": true, 
	"step": 10.0, 
	"bytescount": 4, 
	"unit": "km"
	}, 
	"Supply voltage": {
	"scaled": true, 
	"step": 0.1, 
	"unit": "V", 
	"format": "00.0"
	}, 
	"Function status.EBD function.activation status": {
	"bitscount": 1, 
	"lists": {
		"0": "not active", 
		"1": "active"
	}
	}, 
	"Function status.RMF function.failure status": {
	"bitscount": 1, 
	"lists": {
		"0": "not operational", 
		"1": "operational"
	}
	}, 
	"Hydraulic valves and pump.intlet EV FR": {
	"bitscount": 1, 
	"lists": {
		"0": "activated", 
		"1": "off"
	}
	}, 
	"Hydraulic valves and pump.FL RR Electric shuttle EV": {
	"bitscount": 1, 
	"lists": {
		"0": "activated", 
		"1": "off or not present"
	}
	}, 
	"WheelSpeed FL": {
	"bitscount": 16, 
	"format": "000.00", 
	"scaled": true, 
	"step": 0.01, 
	"bytescount": 2, 
	"unit": "kph"
	}, 
	"PartNumber.LowerPart": {
	"bytesascii": true, 
	"bytescount": 5, 
	"byte": true, 
	"bitscount": 40
	}, 
	"DTCDeviceIdentifier": {
	"bytescount": 2, 
	"bitscount": 16, 
	"lists": {
		"49408": "Lost Communication with ECM", 
		"49153": "Vehicle CAN - no transmission", 
		"16386": "Isolating valve FL/RR axis", 
		"16387": "Electric shuttle valve FR/RL axis", 
		"16388": "Electric shuttle valve FL/RR axis", 
		"61445": "Battery Energy Saved", 
		"50177": "Invalid Data Received From ECM", 
		"16521": "Activation switch", 
		"50178": "Invalid Data Received From Transmission Control Module (AT)", 
		"16400": "Inlet valve FL", 
		"16401": "Outlet valve FL", 
		"61443": "Supply Voltage", 
		"16404": "Inlet valve FR", 
		"16405": "Outlet valve FR", 
		"50199": "Invalid Data Received From APB", 
		"16408": "Inlet valve RL", 
		"16409": "Outlet valve RL", 
		"16412": "Inlet valve RR", 
		"16413": "Outlet valve RR", 
		"16416": "Pump motor control", 
		"50210": "Invalid Data Received From BCM", 
		"16385": "Isolating valve FR/RL axis", 
		"49445": "Lost Communication with Cluster Sensor", 
		"49446": "Lost Communication with SWAS", 
		"49192": "Private CAN - no transmission", 
		"49409": "Lost Communication with Transmission Control Module (AT)", 
		"16432": "Front left tone wheel", 
		"16433": "Front left wheel speed sensor", 
		"50226": "Invalid Data Received From Cluster Sensor", 
		"16435": "Front right tone wheel", 
		"16436": "Front right wheel speed sensor", 
		"49472": "Lost Communication with BCM", 
		"49206": "Private CAN - Busoff", 
		"16439": "Rear left wheel speed sensor", 
		"16441": "Rear right tone wheel", 
		"16442": "Rear right wheel speed sensor", 
		"49448": "Lost Cummunication with APB", 
		"16448": "Brake pedal switch \"A\"", 
		"16452": "Master cylinder pressure sensor", 
		"16438": "Rear left tone wheel", 
		"20560": "ECU ABS or ESC", 
		"16465": "Steering wheel position sensor", 
		"20818": "Invalid gearbox parameter", 
		"20819": "Invalid parking brake parameter", 
		"20820": "Invalid wheel circumference parameter", 
		"20821": "EEPROM calibration valve data", 
		"20822": "Invalid ESC orientation parameter", 
		"16481": "Lateral acceleration sensor", 
		"16482": "Longitudinal acceleration sensor", 
		"16483": "Yaw rate sensor", 
		"20817": "Invalid ABS or ESC calibration parameter", 
		"16490": "Sensor cluster", 
		"16491": "Stability system active too long", 
		"50216": "Invalid Data Received From SWAS", 
		"49267": "Vehicle CAN - Busoff", 
		"20855": "Important function deactivated", 
		"20856": "Secondary function deactivated"
	}
	}, 
	"DTCStatus.testFailedSinceLastClear": {
	"bitscount": 1, 
	"lists": {
		"0": "No", 
		"1": "Yes"
	}
	}, 
	"Function status.HDC function.activation status": {
	"bitscount": 1, 
	"lists": {
		"0": "not active", 
		"1": "active"
	}
	}, 
	"ESC Orientation": {
	"lists": {
		"1": "Config 1 (left side driving)", 
		"2": "Config 2", 
		"3": "Config 3", 
		"4": "Config 4", 
		"5": "Config 5", 
		"6": "Config 6", 
		"7": "Config 7", 
		"8": "Config 8", 
		"255": "Not configured"
	}
	}, 
	"DTCStatus.testNotCompletedSinceLastClear": {
	"bitscount": 1, 
	"lists": {
		"0": "No", 
		"1": "Yes"
	}
	}, 
	"Filling status": {
	"lists": {
		"0": "Filling OK", 
		"128": "Deactivation during cycle (block wet)", 
		"48": "Deactivation before cycle (block dry)", 
		"192": "Problem under load (block wet)", 
		"176": "Problem when empty (block dry)", 
		"25": "New after sales (filled)", 
		"255": "New ECU (dry)"
	}
	}, 
	"Function status.ASR function.activation status": {
	"bitscount": 1, 
	"lists": {
		"0": "not active", 
		"1": "active"
	}
	}, 
	"StartDiagnosticSession.ResponseType": {
	"lists": {
		"129": "Yes"
	}
	}, 
	"Function status.HDC function.inhibition by switch status": {
	"bitscount": 1, 
	"lists": {
		"0": "inhibited by switch", 
		"1": "not inhibited by switch"
	}
	}, 
	"ASR button state": {
	"lists": {
		"0": "released", 
		"1": "pressed"
	}
	}, 
	"Vehicle Identification Number CRC": {
	"bytescount": 2, 
	"byte": true, 
	"bitscount": 16
	}, 
	"DTCExtendedData.Mileage": {
	"scaled": true, 
	"bytescount": 3, 
	"bitscount": 24, 
	"unit": "km"
	}, 
	"Hydraulic valves and pump.FL RR Isolating EV": {
	"bitscount": 1, 
	"lists": {
		"0": "activated", 
		"1": "off or not present"
	}
	}, 
	"Function status.VDL function.failure status": {
	"bitscount": 1, 
	"lists": {
		"0": "not operational", 
		"1": "operational"
	}
	}, 
	"OutputTemporaryControlList": {
	"comment": "Testing output : List of all output with temporary test", 
	"lists": {
		"1": "Hydraulic valves and pump", 
		"2": "Vehicle speed wire generation", 
		"3": "Warning ignition", 
		"4": "Brake lights", 
		"5": "ASR request"
	}
	}, 
	"IOControl.Output command status": {
	"lists": {
		"1": "Control in progress", 
		"2": "Control completed and OK", 
		"18": "Actuator failure", 
		"17": "Control stopped"
	}
	}, 
	"SessionName": {
	"lists": {
		"192": "extended", 
		"129": "default", 
		"133": "programming"
	}
	}, 
	"DTCStatus.warningIndicatorRequested": {
	"bitscount": 1, 
	"lists": {
		"0": "No", 
		"1": "Yes"
	}
	}, 
	"Function status.MSR function.failure status": {
	"bitscount": 1, 
	"lists": {
		"0": "not operational", 
		"1": "operational"
	}
	}, 
	"DTCExtendedData.AgingCounter": {
	"scaled": true
	}, 
	"Selected Wheel": {
	"lists": {
		"0": "No wheel selected", 
		"1": "Front Left Wheel Selected", 
		"2": "Front Right Wheel Selected", 
		"3": "Rear Left Wheel Selected", 
		"4": "Rear Right Wheel Selected"
	}
	}, 
	"DTCStatusAvailabilityMask": {
	"scaled": true
	}, 
	"Function status.AYC function.activation status": {
	"bitscount": 1, 
	"lists": {
		"0": "not active", 
		"1": "active"
	}
	}, 
	"EditionNumber": {
	"bytescount": 2, 
	"byte": true, 
	"bitscount": 16
	}, 
	"Programming Tool Reference": {
	"bytesascii": true, 
	"bytescount": 5, 
	"byte": true, 
	"bitscount": 40
	}, 
	"Odometer of the first occurence": {
	"bitscount": 24, 
	"format": "0000000.00", 
	"scaled": true, 
	"step": 0.05, 
	"bytescount": 3, 
	"unit": "Km"
	}, 
	"Yaw speed": {
	"bitscount": 16, 
	"format": "0000.0", 
	"scaled": true, 
	"step": 0.2, 
	"bytescount": 2, 
	"offset": -6553.4, 
	"unit": "\u00b0/s"
	}, 
	"Supplier fault code": {
	"bytescount": 2, 
	"byte": true, 
	"bitscount": 16
	}, 
	"Hydraulic valves and pump.inlet EV RL": {
	"bitscount": 1, 
	"lists": {
		"0": "activated", 
		"1": "off"
	}
	}, 
	"EBP function activation deactivation": {
	"lists": {
		"0": "Activated", 
		"170": "Deactivated"
	}
	}, 
	"DTCRecord": {
	"bytescount": 3, 
	"byte": true, 
	"bitscount": 24
	}, 
	"Time of reprogramming": {
	"comment": "Hour, Minute of the reprogramming", 
	"bytescount": 2, 
	"byte": true, 
	"bitscount": 16
	}, 
	"Brake light activation request": {
	"lists": {
		"0": "No", 
		"1": "Yes"
	}
	}, 
	"DTCStatus.testNotCompletedThisMonitoringCycle": {
	"bitscount": 1, 
	"lists": {
		"0": "No", 
		"1": "Yes"
	}
	}, 
	"Hydraulic valves and pump.inlet EV RR": {
	"bitscount": 1, 
	"lists": {
		"0": "activated", 
		"1": "off"
	}
	}, 
	"Function status.EBD function.failure status": {
	"bitscount": 1, 
	"lists": {
		"0": "not operational", 
		"1": "operational"
	}
	}, 
	"BLS state": {
	"lists": {
		"0": "released", 
		"1": "pressed"
	}
	}, 
	"Calibration variant": {
	"scaled": true
	}, 
	"HSA function activation deactivation": {
	"lists": {
		"0": "Activated", 
		"170": "Deactivated", 
		"255": "Not Implemented"
	}
	}, 
	"Lateral acceleration offset": {
	"scaled": true, 
	"step": 0.01, 
	"format": "00.00", 
	"unit": "g", 
	"offset": -1.27
	}, 
	"ECU traceability": {
	"bytesascii": true, 
	"bytescount": 20, 
	"byte": true, 
	"bitscount": 160
	}, 
	"Vehicle speed wire generation": {
	"scaled": true
	}, 
	"Function status.ASR function.inhibition by switch status": {
	"bitscount": 1, 
	"lists": {
		"0": "inhibited by switch", 
		"1": "not inhibited by switch"
	}
	}, 
	"Function status.HDC function.inhibition by diag status": {
	"bitscount": 1, 
	"lists": {
		"0": "inhibited by diag", 
		"1": "not inhibited by diag"
	}
	}, 
	"Assembly Kit Identification": {
	"bytesascii": true, 
	"bytescount": 10, 
	"byte": true, 
	"bitscount": 80
	}, 
	"Function status.HDC function.failure status": {
	"bitscount": 1, 
	"lists": {
		"0": "not operational", 
		"1": "operational"
	}
	}, 
	"WheelSpeed RR": {
	"bitscount": 16, 
	"format": "000.00", 
	"scaled": true, 
	"step": 0.01, 
	"bytescount": 2, 
	"unit": "kph"
	}, 
	"DTCFailureType.Category": {
	"bitscount": 4, 
	"lists": {
		"0": "General Failure Information", 
		"1": "General Electrical Failures", 
		"2": "General Signal Failures", 
		"3": "FM (Freq Mod) / PWM (Pulse Width Mod) Failures", 
		"4": "System Internal Failures", 
		"5": "System Programming Failures", 
		"6": "Algorithm Based Failures", 
		"7": "Mechanical Failures", 
		"8": "Bus Signal / Message Failures", 
		"9": "Component Failures", 
		"15": "Vehicle manufacturer / System supplier specific"
	}
	}, 
	"AfterSale date.Year": {
	"byte": true
	}, 
	"Hydraulic valves and pump.FR RL Electric shuttle EV": {
	"bitscount": 1, 
	"lists": {
		"0": "activated", 
		"1": "off or not present"
	}
	}, 
	"WheelSpeed RL": {
	"bitscount": 16, 
	"format": "000.00", 
	"scaled": true, 
	"step": 0.01, 
	"bytescount": 2, 
	"unit": "kph"
	}, 
	"Function status.AYC function.failure status": {
	"bitscount": 1, 
	"lists": {
		"0": "not operational", 
		"1": "operational"
	}
	}, 
	"Vehicle speed": {
	"bitscount": 16, 
	"format": "000.00", 
	"scaled": true, 
	"step": 0.01, 
	"bytescount": 2, 
	"unit": "kph"
	}, 
	"Function status.HSA function.activation status": {
	"bitscount": 1, 
	"lists": {
		"0": "not active", 
		"1": "active"
	}
	}, 
	"DTCStatus.pendingDTC": {
	"bitscount": 1, 
	"lists": {
		"0": "No", 
		"1": "Yes"
	}
	}, 
	"Real Circumference manual value": {
	"scaled": true, 
	"bytescount": 2, 
	"bitscount": 16, 
	"unit": "mm"
	}, 
	"Longitudinal acceleration offset": {
	"scaled": true, 
	"step": 0.0981, 
	"format": "00.00", 
	"unit": "m/s\u00b2", 
	"offset": -12.46
	}, 
	"ASR function activation deactivation": {
	"lists": {
		"0": "Activated", 
		"170": "Deactivated"
	}
	}, 
	"Powerlatch": {
	"scaled": true, 
	"step": 10.0, 
	"unit": "s", 
	"offset": 10.0
	}, 
	"Vehicle State": {
	"lists": {
		"0": "0 (Sleeping)", 
		"1": "1 (Technical Wakeup)", 
		"2": "2 (CutOff Pending)", 
		"3": "3 (BatTempoLevel)", 
		"4": "4 (AccessoryLevel)", 
		"5": "5 (IgnitionLevel)", 
		"6": "6 (StartingInProgress)", 
		"7": "7 (EngineRunning)", 
		"8": "8 (AutoStart)", 
		"9": "9 (EngineSystemStop)", 
		"15": "15 (UnavailableValue)"
	}
	}, 
	"Hydraulic unit temperature": {
	"scaled": true, 
	"unit": "\u00b0C"
	}, 
	"Hydraulic valves and pump.pump": {
	"bitscount": 1, 
	"lists": {
		"0": "activated", 
		"1": "off"
	}
	}, 
	"Steering Wheel Angle Traceability.Day": {
	"bytesascii": true, 
	"bytescount": 2, 
	"byte": true, 
	"bitscount": 16
	}, 
	"Function status.HBA function.failure status": {
	"bitscount": 1, 
	"lists": {
		"0": "not operational", 
		"1": "operational"
	}
	}, 
	"Function status.ASR function.failure status": {
	"bitscount": 1, 
	"lists": {
		"0": "not operational", 
		"1": "operational"
	}
	}, 
	"Function status.ABS function.failure status": {
	"bitscount": 1, 
	"lists": {
		"0": "not operational", 
		"1": "operational"
	}
	}, 
	"DTCFailureType.ManufacturerOrSupplier": {
	"bitscount": 4
	}, 
	"Hydraulic valves and pump.outlet EV FL": {
	"bitscount": 1, 
	"lists": {
		"0": "activated", 
		"1": "off"
	}
	}, 
	"GearBox Type": {
	"lists": {
		"1": "Manual", 
		"2": "Automatic", 
		"3": "CVT", 
		"4": "DCT", 
		"255": "Not Configured"
	}
	}, 
	"Braking pressure offset": {
	"scaled": true, 
	"step": 0.2, 
	"format": "00.00", 
	"unit": "Bar", 
	"offset": -25.4
	}, 
	"Hydraulic valves and pump.outlet EV FR": {
	"bitscount": 1, 
	"lists": {
		"0": "activated", 
		"1": "off"
	}
	}, 
	"Longitudinal acceleration": {
	"scaled": true, 
	"step": 0.1, 
	"format": "00.00", 
	"unit": "m/s\u00b2", 
	"offset": -12.7
	}, 
	"ApprovalNumber.LowerPart": {
	"bytesascii": true, 
	"bytescount": 5, 
	"byte": true, 
	"bitscount": 40
	}, 
	"Programming Site Reference": {
	"bytesascii": true, 
	"bytescount": 5, 
	"byte": true, 
	"bitscount": 40
	}, 
	"Steering Wheel Angle Traceability.Year": {
	"bytesascii": true, 
	"bytescount": 2, 
	"byte": true, 
	"bitscount": 16
	}, 
	"Function status.MSR function.activation status": {
	"bitscount": 1, 
	"lists": {
		"0": "not active", 
		"1": "active"
	}
	}, 
	"DTCMaskRecord": {
	"bytescount": 3, 
	"byte": true, 
	"bitscount": 24
	}, 
	"Function status.VDL function.activation status": {
	"bitscount": 1, 
	"lists": {
		"0": "not active", 
		"1": "active"
	}
	}, 
	"Real Circumference": {
	"bytescount": 2, 
	"bitscount": 16, 
	"lists": {
		"1250": "Minimum value (expert only)", 
		"1891": "195 / 55 R16 (91H)", 
		"2500": "Maximum value (expert only)", 
		"1895": "185 / 65 R15 (88T or 92T)", 
		"1879": "185 / 70 R14 (88T)", 
		"65535": "Not configured"
	}
	}, 
	"Function status.ABS function.activation status": {
	"bitscount": 1, 
	"lists": {
		"0": "not active", 
		"1": "active"
	}
	}, 
	"OutputPermanentControlList": {
	"comment": "Testing output : List of all output with permanent test", 
	"lists": {
		"1": "Hydraulic valves and pump"
	}
	}, 
	"Vehicle Identification Number": {
	"bytesascii": true, 
	"bytescount": 17, 
	"byte": true, 
	"bitscount": 136
	}, 
	"Function status.RMF function.activation status": {
	"bitscount": 1, 
	"lists": {
		"0": "not active", 
		"1": "active"
	}
	}, 
	"DiagnosticIdentificationCode": {
	"byte": true
	}, 
	"Steering wheel angle offset": {
	"scaled": true, 
	"step": 0.2, 
	"format": "00.00", 
	"unit": "\u00b0", 
	"offset": -25.4
	}, 
	"Steering Wheel Angle Traceability.Serial Number": {
	"bytesascii": true, 
	"bytescount": 4, 
	"byte": true, 
	"bitscount": 32
	}, 
	"OutputControlCommand": {
	"comment": "Testing output : Command enumeration", 
	"lists": {
		"0": "Start Temporary", 
		"1": "Status", 
		"17": "Stop", 
		"32": "Start Permanent"
	}
	}, 
	"DTCFailureType": {
	"lists": {
		"0": "Device and failure type ODB codding", 
		"1": "General Electrical Failure", 
		"2": "General signal failure", 
		"3": "FM (Freq Mod) / PWM (Pulse Width Mod) Failures", 
		"4": "System Internal Failures", 
		"5": "System Programming Failures", 
		"6": "Algorithm Based Failures", 
		"7": "Mechanical Failures", 
		"8": "Bus Signal / Message Failures", 
		"9": "Component Failures", 
		"17": "circuit short to ground", 
		"18": "circuit short to battery", 
		"19": "circuit open", 
		"20": "circuit short to ground or open", 
		"21": "circuit short to battery or open", 
		"22": "circuit voltage below threshold", 
		"23": "circuit voltage above threshold", 
		"24": "circuit current below threshold", 
		"25": "circuit current above threshold", 
		"26": "circuit resistance below threshold", 
		"27": "circuit resistance above threshold", 
		"28": "circuit voltage out of range", 
		"29": "circuit current out of range", 
		"30": "circuit resistance out of range", 
		"31": "circuit intermittent", 
		"33": "signal amplitude < minimum", 
		"34": "signal amplitude > maximum", 
		"35": "signal stuck low", 
		"36": "signal stuck high", 
		"37": "signal shape / waveform failure", 
		"38": "signal rate of change below threshold", 
		"39": "signal rate of change above threshold", 
		"40": "signal bias level / zero adjustment failure", 
		"41": "signal signal invalid", 
		"47": "signal erratic", 
		"49": "no signal", 
		"50": "signal low time < minimum", 
		"51": "signal low time > maximum", 
		"52": "signal high time < minimum", 
		"53": "signal high time > maximum", 
		"54": "signal frequency too low", 
		"55": "signal frequency too high", 
		"56": "signal frequency incorrect", 
		"57": "incorrect has too few pulses", 
		"58": "incorrect has too many pulses", 
		"65": "general checksum failure", 
		"66": "general memory failure", 
		"67": "special memory failure", 
		"68": "data memory failure", 
		"69": "program memory failure", 
		"70": "calibration / parameter memory failure", 
		"71": "watchdog / safety \u00b5C failure", 
		"72": "supervision software failure", 
		"73": "internal electronic failure", 
		"74": "incorrect component installed", 
		"75": "over temperature", 
		"81": "not programmed", 
		"82": "not activated", 
		"83": "deactivated", 
		"84": "missing calibration", 
		"85": "not configured", 
		"97": "signal calculation failure", 
		"98": "signal compare failure", 
		"99": "circuit / component protection time-out", 
		"100": "signal plausibility failure", 
		"101": "signal has too few transitions / events", 
		"102": "signal has too many transitions / events", 
		"103": "signal incorrect after event", 
		"104": "event information", 
		"113": "actuator stuck", 
		"114": "actuator stuck open", 
		"115": "actuator stuck closed", 
		"116": "actuator slipping", 
		"117": "emergency position not reachable", 
		"118": "wrong mounting position", 
		"119": "commanded position not reachable", 
		"120": "alignment or adjustment incorrect", 
		"121": "mechanical linkage failure", 
		"122": "fluid leak or seal failure", 
		"123": "low fluid level", 
		"129": "invalid serial data received", 
		"130": "alive / sequence counter incorrect / not updated", 
		"131": "value of signal protection calculation incorrect", 
		"132": "signal below allowable range", 
		"133": "signal above allowable range", 
		"134": "signal invalid", 
		"135": "missing message", 
		"136": "bus off", 
		"143": "erratic", 
		"145": "parametric", 
		"146": "performance or incorrect operation", 
		"147": "no operation", 
		"148": "unexpected operation", 
		"149": "incorrect assembly", 
		"150": "component internal failure", 
		"151": "Component or operation obstructed or blocked", 
		"152": "component or system over temperature"
	}
	}, 
	"ManufacturerIdentificationCode": {
	"lists": {
		"136": "Renault"
	}
	}, 
	"StatusOfDTC": {
	"scaled": true
	}, 
	"OutputControlStatus": {
	"comment": "Testing output : Status", 
	"lists": {
		"1": "Running", 
		"2": "Stopped", 
		"17": "Manually Stopped"
	}
	}, 
	"HardwareNumber.LowerPart": {
	"bytesascii": true, 
	"bytescount": 5, 
	"byte": true, 
	"bitscount": 40
	}, 
	"Steering Wheel Angle": {
	"bitscount": 16, 
	"scaled": true, 
	"step": 0.1, 
	"bytescount": 2, 
	"offset": -3276.7, 
	"unit": "\u00b0"
	}, 
	"AfterSale date.Day": {
	"byte": true
	}, 
	"Record marking": {
	"scaled": true
	}, 
	"SupplierNumber.ITG": {
	"bytesascii": true, 
	"bytescount": 3, 
	"byte": true, 
	"bitscount": 24
	}, 
	"Number of reprogrammings": {
	"scaled": true
	}, 
	"Function status.TSF function.failure status": {
	"bitscount": 1, 
	"lists": {
		"0": "not operational", 
		"1": "operational"
	}
	}, 
	"Counting result": {
	"scaled": true
	}, 
	"ApprovalNumber.BasicPartList": {
	"lists": {
		"0": "N/A"
	}
	}, 
	"Routine.Output command status": {
	"lists": {
		"0": "Routine ready to start", 
		"1": "Routine in progress", 
		"2": "Routine completed and OK or ready to start", 
		"3": "Routine completed and Not OK"
	}
	}, 
	"Function status.EBP function.activation status": {
	"bitscount": 1, 
	"lists": {
		"0": "not active", 
		"1": "active"
	}
	}, 
	"DTCStatus.confirmedDTC": {
	"bitscount": 1, 
	"lists": {
		"0": "No", 
		"1": "Yes"
	}
	}, 
	"CalibrationNumber": {
	"bytescount": 2, 
	"byte": true, 
	"bitscount": 16
	}, 
	"Steering Wheel Angle Traceability.Month": {
	"bytesascii": true, 
	"bytescount": 2, 
	"byte": true, 
	"bitscount": 16
	}, 
	"AfterSale date.Month": {
	"byte": true
	}, 
	"Hydraulic valves and pump.FR RL Isolating EV": {
	"bitscount": 1, 
	"lists": {
		"0": "activated", 
		"1": "off or not present"
	}
	}, 
	"Braking pressure": {
	"scaled": true, 
	"unit": "Bar"
	}, 
	"Function status.ASR function.inhibition by diag status": {
	"bitscount": 1, 
	"lists": {
		"0": "inhibited by diag", 
		"1": "not inhibited by diag"
	}
	}, 
	"DTCExtendedData.DTCOccurrenceCounter": {
	"scaled": true
	}, 
	"Function status.TSF function.activation status": {
	"bitscount": 1, 
	"lists": {
		"0": "not active", 
		"1": "active"
	}
	}, 
	"Function status.EBP function.inhibition by diag status": {
	"bitscount": 1, 
	"lists": {
		"0": "inhibited by diag", 
		"1": "not inhibited by diag"
	}
	}, 
	"HBA function activation deactivation": {
	"lists": {
		"0": "Activated", 
		"170": "Deactivated"
	}
	}, 
	"Internal odometer.Reserved": {
	"scaled": true, 
	"bitscount": 4
	}, 
	"Function status.EBP function.failure status": {
	"bitscount": 1, 
	"lists": {
		"0": "not operational", 
		"1": "operational"
	}
	}, 
	"Function status.HSA function.failure status": {
	"bitscount": 1, 
	"lists": {
		"0": "not operational", 
		"1": "operational"
	}
	}, 
	"Hydraulic valves and pump.inlet EV FL": {
	"bitscount": 1, 
	"lists": {
		"0": "activated", 
		"1": "off"
	}
	}, 
	"AYC function activation deactivation": {
	"lists": {
		"0": "Activated", 
		"170": "Deactivated"
	}
	}, 
	"Function status.Not used 1": {
	"scaled": true
	}, 
	"Function status.Not used 2": {
	"scaled": true, 
	"bitscount": 1
	}, 
	"SoftwareNumber": {
	"comment": "Software identification number", 
	"bytescount": 2, 
	"byte": true, 
	"bitscount": 16
	}, 
	"DTCDeviceAndFailureTypeOBD": {
	"bytescount": 2, 
	"bitscount": 16, 
	"lists": {
		"49408": "Lost Communication with ECM", 
		"49409": "Lost Communication with AT", 
		"50178": "Invalid Data Received From AT", 
		"49446": "Lost Communication with SWAS", 
		"50177": "Invalid Data Received From ECM", 
		"49448": "Lost Cummunication with APB", 
		"50210": "Invalid Data Received From BCM", 
		"49472": "Lost Communication with BCM", 
		"50216": "Invalid Data Received From SWAS", 
		"49267": "Control Module Communication - BUS OFF", 
		"50199": "Invalid Data Received From APB"
	}
	}, 
	"WheelSpeed FR": {
	"bitscount": 16, 
	"format": "000.00", 
	"scaled": true, 
	"step": 0.01, 
	"bytescount": 2, 
	"unit": "kph"
	}, 
	"DTCStatus.testFailed": {
	"bitscount": 1, 
	"lists": {
		"0": "No", 
		"1": "Yes"
	}
	}
}
}