{
"obd": {
	"fastinit": true, 
	"funcname": "ABS-ESC", 
	"kw1": "D0", 
	"kw2": "8F", 
	"protocol": "KWP2000", 
	"funcaddr": "01"
}, 
"devices": [
	{
	"dtc": 20683, 
	"devicedata": {}, 
	"dtctype": 0, 
	"name": "Electronic valves supply voltage"
	}, 
	{
	"dtc": 0, 
	"devicedata": {
		"Process byte": "0", 
		"TachometerIndex": "0", 
		"Minimum tyre circumference": "0", 
		"Real tyre circumference": "0", 
		"Maximum tyre circumference": "0"
	}, 
	"dtctype": 2, 
	"name": "ECU configuration"
	}, 
	{
	"dtc": 20613, 
	"devicedata": {}, 
	"dtctype": 0, 
	"name": "ETC - Invalid Data"
	}, 
	{
	"dtc": 20608, 
	"devicedata": {}, 
	"dtctype": 0, 
	"name": "Vehicle CAN - BUS OFF"
	}, 
	{
	"dtc": 20594, 
	"devicedata": {}, 
	"dtctype": 0, 
	"name": "ECM - EngineRPM"
	}, 
	{
	"dtc": 20817, 
	"devicedata": {}, 
	"dtctype": 0, 
	"name": "Invalid vehicle configuration"
	}, 
	{
	"dtc": 20600, 
	"devicedata": {}, 
	"dtctype": 0, 
	"name": "ECM- Invalid Data"
	}, 
	{
	"dtc": 20597, 
	"devicedata": {}, 
	"dtctype": 0, 
	"name": "ECM - RawPedal"
	}, 
	{
	"dtc": 20684, 
	"devicedata": {}, 
	"dtctype": 0, 
	"name": "ECU supply voltage"
	}, 
	{
	"dtc": 20548, 
	"devicedata": {}, 
	"dtctype": 0, 
	"name": "Tone wheel Rear Left"
	}, 
	{
	"dtc": 20560, 
	"devicedata": {}, 
	"dtctype": 0, 
	"name": "ECU"
	}, 
	{
	"dtc": 20527, 
	"devicedata": {}, 
	"dtctype": 0, 
	"name": "Wheel speed Rear Right"
	}, 
	{
	"dtc": 20682, 
	"devicedata": {}, 
	"dtctype": 0, 
	"name": "Motor pump supply voltage"
	}, 
	{
	"dtc": 20599, 
	"devicedata": {}, 
	"dtctype": 0, 
	"name": "ECM - RequestTorqueAfterProc"
	}, 
	{
	"dtc": 20546, 
	"devicedata": {}, 
	"dtctype": 0, 
	"name": "Tone wheel Front Left"
	}, 
	{
	"dtc": 20592, 
	"devicedata": {}, 
	"dtctype": 0, 
	"name": "ECM - TorqueRequestStatus"
	}, 
	{
	"dtc": 20612, 
	"devicedata": {}, 
	"dtctype": 0, 
	"name": "ETC - Missing message"
	}, 
	{
	"dtc": 20543, 
	"devicedata": {}, 
	"dtctype": 0, 
	"name": "Wheel speed Rear Left"
	}, 
	{
	"dtc": 20593, 
	"devicedata": {}, 
	"dtctype": 0, 
	"name": "ECM - MeanEffectiveTorque"
	}, 
	{
	"dtc": 20598, 
	"devicedata": {}, 
	"dtctype": 0, 
	"name": "ECM - Missing message"
	}, 
	{
	"dtc": 20547, 
	"devicedata": {}, 
	"dtctype": 0, 
	"name": "Tone wheel Rear Right"
	}, 
	{
	"dtc": 20596, 
	"devicedata": {}, 
	"dtctype": 0, 
	"name": "ECM - ASR/MSR acknowledge"
	}, 
	{
	"dtc": 0, 
	"devicedata": {
		"WheelSpeed FL": "0", 
		"VehicleSpeed": "0", 
		"WheelSpeed RR": "0", 
		"WheelSpeed RL": "0", 
		"WheelSpeed FR": "0"
	}, 
	"dtctype": 2, 
	"name": "Speed information"
	}, 
	{
	"dtc": 20820, 
	"devicedata": {}, 
	"dtctype": 0, 
	"name": "Invalid tachometer index"
	}, 
	{
	"dtc": 20545, 
	"devicedata": {}, 
	"dtctype": 0, 
	"name": "Tone wheel Front Right"
	}, 
	{
	"dtc": 0, 
	"devicedata": {
		"After Sale Date Day": "0", 
		"After Sale Date Year": "0", 
		"After Sale Date Month": "0", 
		"PartIdentificationNumber": "0", 
		"ABS ESP traceability": "0"
	}, 
	"dtctype": 2, 
	"name": "Traceability"
	}, 
	{
	"dtc": 0, 
	"devicedata": {
		"ABS EBD function state": "0", 
		"MSR available": "0"
	}, 
	"dtctype": 2, 
	"name": "Systeme status"
	}, 
	{
	"dtc": 20833, 
	"devicedata": {}, 
	"dtctype": 0, 
	"name": "AX sensor"
	}, 
	{
	"dtc": 20595, 
	"devicedata": {}, 
	"dtctype": 0, 
	"name": "ECM - FrictionTorque"
	}, 
	{
	"dtc": 20511, 
	"devicedata": {}, 
	"dtctype": 0, 
	"name": "Wheel speed Front Left"
	}, 
	{
	"dtc": 20550, 
	"devicedata": {}, 
	"dtctype": 0, 
	"name": "Wheel speed failure"
	}, 
	{
	"dtc": 0, 
	"devicedata": {
		"Battery voltage": "0", 
		"Brake Light Switch": "0"
	}, 
	"dtctype": 2, 
	"name": "Physical input"
	}, 
	{
	"dtc": 20495, 
	"devicedata": {}, 
	"dtctype": 0, 
	"name": "Wheel speed Front Right"
	}
], 
"ecuname": "ABS v4.7", 
"autoidents": [
	{
	"diagversion": "4", 
	"supplier": "037", 
	"version": "0101", 
	"soft": "ED6B"
	}, 
	{
	"diagversion": "4", 
	"supplier": "037", 
	"version": "020B", 
	"soft": "F1C9"
	}, 
	{
	"diagversion": "4", 
	"supplier": "037", 
	"version": "0302", 
	"soft": "F1C9"
	}, 
	{
	"diagversion": "4", 
	"supplier": "037", 
	"version": "0304", 
	"soft": "F1C9"
	}, 
	{
	"diagversion": "4", 
	"supplier": "037", 
	"version": "0402", 
	"soft": "F1C9"
	}, 
	{
	"diagversion": "4", 
	"supplier": "037", 
	"version": "0403", 
	"soft": "F1C9"
	}, 
	{
	"diagversion": "4", 
	"supplier": "037", 
	"version": "0407", 
	"soft": "F576"
	}, 
	{
	"diagversion": "4", 
	"supplier": "037", 
	"version": "0800", 
	"soft": "F1C9"
	}, 
	{
	"diagversion": "4", 
	"supplier": "037", 
	"version": "0704", 
	"soft": "F576"
	}, 
	{
	"diagversion": "4", 
	"supplier": "037", 
	"version": "1000", 
	"soft": "0AE5"
	}, 
	{
	"diagversion": "15", 
	"supplier": "037", 
	"version": "0908", 
	"soft": "966B"
	}, 
	{
	"diagversion": "24", 
	"supplier": "037", 
	"version": "0101", 
	"soft": "EF9E"
	}
], 
"endian": "Big", 
"requests": [
	{
	"name": "VehicleSpeedGeneration.StartPermanent", 
	"replybytes": "700200", 
	"deny_sds": [], 
	"manualsend": true, 
	"receivebyte_dataitems": {
		"IO Control Status": {
		"firstbyte": 3
		}
	}, 
	"sendbyte_dataitems": {
		"Vehicle Speed generated": {
		"firstbyte": 4
		}
	}, 
	"minbytes": 3, 
	"sentbytes": "30022000"
	}, 
	{
	"name": "VehicleSpeedGeneration.StartTemporary", 
	"replybytes": "700200", 
	"deny_sds": [], 
	"manualsend": true, 
	"receivebyte_dataitems": {
		"IO Control Status": {
		"firstbyte": 3
		}
	}, 
	"sendbyte_dataitems": {
		"Vehicle Speed generated": {
		"firstbyte": 4
		}
	}, 
	"minbytes": 3, 
	"sentbytes": "30020000"
	}, 
	{
	"name": "PolesCounting_FL.Start", 
	"replybytes": "71010001", 
	"deny_sds": [], 
	"manualsend": true, 
	"receivebyte_dataitems": {
		"Routine status pole counting": {
		"firstbyte": 3
		}
	}, 
	"minbytes": 4, 
	"sentbytes": "31010001"
	}, 
	{
	"name": "TachyIndex.Read", 
	"replybytes": "610200000000000000", 
	"deny_sds": [], 
	"receivebyte_dataitems": {
		"Maximum tyre circumference": {
		"ref": true, 
		"firstbyte": 7
		}, 
		"Minimum tyre circumference": {
		"ref": true, 
		"firstbyte": 5
		}, 
		"Real tyre circumference": {
		"ref": true, 
		"firstbyte": 3
		}, 
		"TachometerIndex": {
		"ref": true, 
		"firstbyte": 9
		}
	}, 
	"minbytes": 9, 
	"sentbytes": "2102"
	}, 
	{
	"name": "PolesCounting_FR.Start", 
	"replybytes": "71010002", 
	"deny_sds": [], 
	"manualsend": true, 
	"receivebyte_dataitems": {
		"Routine status pole counting": {
		"firstbyte": 3
		}
	}, 
	"minbytes": 4, 
	"sentbytes": "31010002"
	}, 
	{
	"name": "HybraulicTest_RR.Stop", 
	"replybytes": "71030004", 
	"deny_sds": [], 
	"manualsend": true, 
	"receivebyte_dataitems": {
		"Routine status": {
		"firstbyte": 3
		}
	}, 
	"minbytes": 3, 
	"sentbytes": "31030204"
	}, 
	{
	"name": "VehicleSpeedGeneration.Status", 
	"replybytes": "700200", 
	"deny_sds": [], 
	"receivebyte_dataitems": {
		"IO Control Status": {
		"firstbyte": 3
		}
	}, 
	"minbytes": 3, 
	"sentbytes": "30020100"
	}, 
	{
	"name": "VehicleSpeedGeneration.Stop", 
	"replybytes": "700200", 
	"deny_sds": [], 
	"manualsend": true, 
	"receivebyte_dataitems": {
		"IO Control Status": {
		"firstbyte": 3
		}
	}, 
	"minbytes": 3, 
	"sentbytes": "300211"
	}, 
	{
	"name": "PolesCounting.Result", 
	"replybytes": "71020000", 
	"deny_sds": [], 
	"manualsend": true, 
	"receivebyte_dataitems": {
		"Routine status": {
		"firstbyte": 3
		}, 
		"Pole number": {
		"firstbyte": 4
		}
	}, 
	"minbytes": 4, 
	"sentbytes": "310200"
	}, 
	{
	"name": "ECUReset", 
	"deny_sds": [], 
	"minbytes": 2, 
	"sentbytes": "1100", 
	"replybytes": "5100"
	}, 
	{
	"receivebyte_dataitems": {
		"Ignition Cycle Count": {
		"firstbyte": 22
		}, 
		"Driver Cycle Information": {
		"firstbyte": 8
		}, 
		"Fault Location": {
		"firstbyte": 3
		}, 
		"Current Ignition Cycle Count": {
		"firstbyte": 4
		}, 
		"Store Condition": {
		"firstbyte": 9
		}, 
		"Environnement Information": {
		"firstbyte": 18
		}, 
		"Debug Information 0": {
		"firstbyte": 10
		}, 
		"Debug Information 1": {
		"firstbyte": 14
		}, 
		"Failure Type": {
		"firstbyte": 7
		}, 
		"Failure Path": {
		"firstbyte": 6
		}
	}, 
	"deny_sds": [], 
	"minbytes": 23, 
	"sentbytes": "2196", 
	"name": "BoschDiagnosticCodesOnLocation6.Read"
	}, 
	{
	"name": "HydraulicTest_RL.Start", 
	"replybytes": "71030003", 
	"deny_sds": [], 
	"manualsend": true, 
	"receivebyte_dataitems": {
		"Routine status": {
		"firstbyte": 3
		}
	}, 
	"minbytes": 4, 
	"sentbytes": "31030003"
	}, 
	{
	"name": "StartCommunication", 
	"deny_sds": [], 
	"minbytes": 1, 
	"sentbytes": "81", 
	"replybytes": "C1"
	}, 
	{
	"name": "HybraulicTest_FR.Status", 
	"replybytes": "71030002", 
	"deny_sds": [], 
	"receivebyte_dataitems": {
		"Routine status": {
		"firstbyte": 3
		}
	}, 
	"minbytes": 4, 
	"sentbytes": "31030102"
	}, 
	{
	"name": "HybraulicTest_RL.Stop", 
	"replybytes": "71030003", 
	"deny_sds": [], 
	"manualsend": true, 
	"receivebyte_dataitems": {
		"Routine status": {
		"firstbyte": 3
		}
	}, 
	"minbytes": 3, 
	"sentbytes": "31030203"
	}, 
	{
	"name": "FillingStatus.Read", 
	"replybytes": "61E000", 
	"deny_sds": [], 
	"receivebyte_dataitems": {
		"Process byte": {
		"ref": true, 
		"firstbyte": 3
		}
	}, 
	"minbytes": 3, 
	"sentbytes": "21E0"
	}, 
	{
	"name": "FillingProcedure.Stop", 
	"replybytes": "720400", 
	"deny_sds": [], 
	"manualsend": true, 
	"receivebyte_dataitems": {
		"Routine status": {
		"firstbyte": 3
		}
	}, 
	"minbytes": 3, 
	"sentbytes": "320480"
	}, 
	{
	"name": "HydraulicTest_FR.Start", 
	"replybytes": "71030002", 
	"deny_sds": [], 
	"manualsend": true, 
	"receivebyte_dataitems": {
		"Routine status": {
		"firstbyte": 3
		}
	}, 
	"minbytes": 4, 
	"sentbytes": "31030002"
	}, 
	{
	"name": "VIN.Write", 
	"replybytes": "7B81", 
	"deny_sds": [
		"engineering", 
		"supplier"
	], 
	"manualsend": true, 
	"sendbyte_dataitems": {
		"VIN Code": {
		"firstbyte": 3
		}, 
		"VIN CRC": {
		"firstbyte": 20
		}
	}, 
	"minbytes": 2, 
	"sentbytes": "3B8100000000000000000000000000000000000000"
	}, 
	{
	"name": "BleedingProcedure Part2.Start", 
	"replybytes": "71050002", 
	"deny_sds": [], 
	"manualsend": true, 
	"receivebyte_dataitems": {
		"Routine status": {
		"firstbyte": 3
		}
	}, 
	"minbytes": 4, 
	"sentbytes": "31050002"
	}, 
	{
	"name": "PolesCounting_RR.Status", 
	"replybytes": "71010004", 
	"deny_sds": [], 
	"receivebyte_dataitems": {
		"Routine status pole counting": {
		"firstbyte": 3
		}
	}, 
	"minbytes": 4, 
	"sentbytes": "31010104"
	}, 
	{
	"name": "ReadDTC", 
	"replybytes": "57FF00", 
	"deny_sds": [], 
	"manualsend": true, 
	"receivebyte_dataitems": {
		"Type Of Fault": {
		"firstbyte": 5
		}, 
		"NDTC": {
		"firstbyte": 2
		}, 
		"Historical Failure": {
		"bitoffset": 1, 
		"firstbyte": 5
		}, 
		"Current Failure": {
		"bitoffset": 2, 
		"firstbyte": 5
		}, 
		"FirstDTC": {
		"firstbyte": 3
		}, 
		"Specific Fault": {
		"bitoffset": 3, 
		"firstbyte": 5
		}, 
		"Standard Fault": {
		"bitoffset": 3, 
		"firstbyte": 5
		}
	}, 
	"sendbyte_dataitems": {
		"MoreDTC": {
		"firstbyte": 3
		}
	}, 
	"minbytes": 2, 
	"sentbytes": "17FF00", 
	"shiftbytescount": 3
	}, 
	{
	"name": "Stop Communication", 
	"deny_sds": [], 
	"minbytes": 1, 
	"sentbytes": "82", 
	"replybytes": "C2"
	}, 
	{
	"name": "RecoverWSSPowerSupply.Status", 
	"replybytes": "700400", 
	"deny_sds": [], 
	"receivebyte_dataitems": {
		"IO Control Status": {
		"firstbyte": 3
		}
	}, 
	"minbytes": 3, 
	"sentbytes": "30040100"
	}, 
	{
	"name": "BleedingProcedure Part3.Start", 
	"replybytes": "71050003", 
	"deny_sds": [], 
	"manualsend": true, 
	"receivebyte_dataitems": {
		"Routine status": {
		"firstbyte": 3
		}
	}, 
	"minbytes": 4, 
	"sentbytes": "3105000304"
	}, 
	{
	"name": "Read Freeze Frame", 
	"replybytes": "5200AA000000FF00000C00D1020006000004FEFE00000004503F", 
	"deny_sds": [], 
	"receivebyte_dataitems": {
		"Mean Effective Torque": {
		"firstbyte": 18
		}, 
		"DiagMuxON": {
		"bitoffset": 5, 
		"firstbyte": 10
		}, 
		"MSR in regulation": {
		"bitoffset": 7, 
		"firstbyte": 10
		}, 
		"Wheel Speed Front Left": {
		"firstbyte": 5
		}, 
		"ASR Dynamic Torque Request": {
		"firstbyte": 19
		}, 
		"MSR Torque Request": {
		"firstbyte": 21
		}, 
		"Wheel Speed Front Right": {
		"firstbyte": 6
		}, 
		"ETS Internal Operation Mode": {
		"bitoffset": 6, 
		"firstbyte": 23
		}, 
		"Battery voltage": {
		"firstbyte": 3
		}, 
		"Vehicle Speed": {
		"firstbyte": 9
		}, 
		"Estimated Final Clutch Torque": {
		"firstbyte": 22
		}, 
		"ETS Driver demand": {
		"bitoffset": 4, 
		"firstbyte": 23
		}, 
		"Raw pedal": {
		"firstbyte": 14
		}, 
		"EBD in regulation": {
		"bitoffset": 1, 
		"firstbyte": 11
		}, 
		"Wheel Speed Rear Right": {
		"firstbyte": 8
		}, 
		"ASR Static Torque Request": {
		"firstbyte": 20
		}, 
		"Longitudinal acceleration": {
		"firstbyte": 12
		}, 
		"ABS in regulation": {
		"bitoffset": 7, 
		"firstbyte": 11
		}, 
		"Torque Control Type": {
		"bitoffset": 3, 
		"firstbyte": 13
		}, 
		"Brake Light Switch": {
		"bitoffset": 4, 
		"firstbyte": 10
		}, 
		"ASRMSR Acknoledgement": {
		"bitoffset": 6, 
		"firstbyte": 13
		}, 
		"Friction Torque": {
		"firstbyte": 15
		}, 
		"Occurence fault counter": {
		"firstbyte": 4
		}, 
		"Wheel Speed Rear Left": {
		"firstbyte": 7
		}, 
		"Engine RPM": {
		"firstbyte": 16
		}
	}, 
	"sendbyte_dataitems": {
		"FFN": {
		"firstbyte": 2
		}, 
		"FirstDTC": {
		"firstbyte": 4
		}
	}, 
	"minbytes": 23, 
	"sentbytes": "1200040000"
	}, 
	{
	"name": "HydraulicTest_FL.Start", 
	"replybytes": "71030001", 
	"deny_sds": [], 
	"manualsend": true, 
	"receivebyte_dataitems": {
		"Routine status": {
		"firstbyte": 3
		}
	}, 
	"minbytes": 4, 
	"sentbytes": "31030001"
	}, 
	{
	"name": "PolesCounting_RR.Start", 
	"replybytes": "71010004", 
	"deny_sds": [], 
	"manualsend": true, 
	"receivebyte_dataitems": {
		"Routine status pole counting": {
		"firstbyte": 3
		}
	}, 
	"minbytes": 4, 
	"sentbytes": "31010004"
	}, 
	{
	"name": "TesterPresent", 
	"deny_sds": [], 
	"minbytes": 1, 
	"sentbytes": "3E", 
	"replybytes": "7E"
	}, 
	{
	"receivebyte_dataitems": {
		"Ignition Cycle Count": {
		"firstbyte": 22
		}, 
		"Driver Cycle Information": {
		"firstbyte": 8
		}, 
		"Fault Location": {
		"firstbyte": 3
		}, 
		"Current Ignition Cycle Count": {
		"firstbyte": 4
		}, 
		"Store Condition": {
		"firstbyte": 9
		}, 
		"Environnement Information": {
		"firstbyte": 18
		}, 
		"Debug Information 0": {
		"firstbyte": 10
		}, 
		"Debug Information 1": {
		"firstbyte": 14
		}, 
		"Failure Type": {
		"firstbyte": 7
		}, 
		"Failure Path": {
		"firstbyte": 6
		}
	}, 
	"deny_sds": [], 
	"minbytes": 23, 
	"sentbytes": "2192", 
	"name": "BoschDiagnosticCodesOnLocation2.Read"
	}, 
	{
	"name": "PolesCounting_RL.Start", 
	"replybytes": "71010003", 
	"deny_sds": [], 
	"manualsend": true, 
	"receivebyte_dataitems": {
		"Routine status pole counting": {
		"firstbyte": 3
		}
	}, 
	"minbytes": 4, 
	"sentbytes": "31010003"
	}, 
	{
	"name": "Failures.Session", 
	"deny_sds": [], 
	"minbytes": 2, 
	"sentbytes": "10C0", 
	"replybytes": "50C0"
	}, 
	{
	"name": "HybraulicTest_RL.Status", 
	"replybytes": "71030003", 
	"deny_sds": [], 
	"receivebyte_dataitems": {
		"Routine status": {
		"firstbyte": 3
		}
	}, 
	"minbytes": 4, 
	"sentbytes": "31030103"
	}, 
	{
	"name": "SpeedInformation.Read", 
	"replybytes": "610400000000000000000000", 
	"deny_sds": [], 
	"receivebyte_dataitems": {
		"WheelSpeed FL": {
		"ref": true, 
		"firstbyte": 3
		}, 
		"WheelSpeed FR": {
		"ref": true, 
		"firstbyte": 5
		}, 
		"WheelSpeed RR": {
		"ref": true, 
		"firstbyte": 9
		}, 
		"VehicleSpeed": {
		"ref": true, 
		"firstbyte": 11
		}, 
		"WheelSpeed RL": {
		"ref": true, 
		"firstbyte": 7
		}
	}, 
	"minbytes": 12, 
	"sentbytes": "2104"
	}, 
	{
	"name": "PartIdenficationNumber.Read", 
	"replybytes": "610B0000000000", 
	"deny_sds": [], 
	"receivebyte_dataitems": {
		"PartIdentificationNumber": {
		"ref": true, 
		"firstbyte": 3
		}
	}, 
	"minbytes": 7, 
	"sentbytes": "210B"
	}, 
	{
	"name": "HydraulicTest_RR.Start", 
	"replybytes": "71030004", 
	"deny_sds": [], 
	"manualsend": true, 
	"receivebyte_dataitems": {
		"Routine status": {
		"firstbyte": 3
		}
	}, 
	"minbytes": 4, 
	"sentbytes": "31030004"
	}, 
	{
	"name": "HybraulicTest_FR.Stop", 
	"replybytes": "71030002", 
	"deny_sds": [], 
	"manualsend": true, 
	"receivebyte_dataitems": {
		"Routine status": {
		"firstbyte": 3
		}
	}, 
	"minbytes": 3, 
	"sentbytes": "31030202"
	}, 
	{
	"name": "FillingStatus.Write", 
	"replybytes": "7BE0", 
	"deny_sds": [
		"plant", 
		"aftersales", 
		"engineering", 
		"supplier"
	], 
	"manualsend": true, 
	"sendbyte_dataitems": {
		"Process byte": {
		"firstbyte": 3
		}
	}, 
	"minbytes": 2, 
	"sentbytes": "3BE000"
	}, 
	{
	"name": "SystemStatus.Read", 
	"replybytes": "610600", 
	"deny_sds": [], 
	"receivebyte_dataitems": {
		"ABS EBD function state": {
		"ref": true, 
		"firstbyte": 3
		}, 
		"MSR available": {
		"bitoffset": 3, 
		"ref": true, 
		"firstbyte": 3
		}
	}, 
	"minbytes": 3, 
	"sentbytes": "2106"
	}, 
	{
	"receivebyte_dataitems": {
		"Ignition Cycle Count": {
		"ref": true, 
		"firstbyte": 22
		}, 
		"Driver Cycle Information": {
		"ref": true, 
		"firstbyte": 8
		}, 
		"Fault Location": {
		"ref": true, 
		"firstbyte": 3
		}, 
		"Current Ignition Cycle Count": {
		"ref": true, 
		"firstbyte": 4
		}, 
		"Store Condition": {
		"ref": true, 
		"firstbyte": 9
		}, 
		"Environnement Information": {
		"ref": true, 
		"firstbyte": 18
		}, 
		"Debug Information 0": {
		"ref": true, 
		"firstbyte": 10
		}, 
		"Debug Information 1": {
		"ref": true, 
		"firstbyte": 14
		}, 
		"Failure Type": {
		"ref": true, 
		"firstbyte": 7
		}, 
		"Failure Path": {
		"ref": true, 
		"firstbyte": 6
		}
	}, 
	"deny_sds": [], 
	"minbytes": 23, 
	"sentbytes": "2191", 
	"name": "BoschDiagnosticCodesOnLocation1.Read"
	}, 
	{
	"name": "BleedingProcedurePart2.Status", 
	"replybytes": "71050002", 
	"deny_sds": [], 
	"receivebyte_dataitems": {
		"Routine status": {
		"firstbyte": 3
		}
	}, 
	"minbytes": 4, 
	"sentbytes": "31050102"
	}, 
	{
	"name": "SystemIdentification.Read", 
	"replybytes": "61800000000000000000000000000000000000000000000000", 
	"deny_sds": [], 
	"receivebyte_dataitems": {
		"Software number": {
		"ref": true, 
		"firstbyte": 17
		}, 
		"Code MPR": {
		"ref": true, 
		"firstbyte": 3
		}, 
		"Hardware number": {
		"ref": true, 
		"firstbyte": 12
		}, 
		"Code ITG": {
		"ref": true, 
		"firstbyte": 9
		}, 
		"Bloc number": {
		"ref": true, 
		"firstbyte": 23
		}, 
		"Vdiag": {
		"ref": true, 
		"firstbyte": 8
		}, 
		"Code constructeur": {
		"ref": true, 
		"firstbyte": 26
		}, 
		"SW release part 1": {
		"ref": true, 
		"firstbyte": 19
		}, 
		"Calibration number": {
		"ref": true, 
		"firstbyte": 21
		}, 
		"SW release part 2": {
		"ref": true, 
		"firstbyte": 20
		}
	}, 
	"minbytes": 26, 
	"sentbytes": "2180"
	}, 
	{
	"receivebyte_dataitems": {
		"Ignition Cycle Count": {
		"firstbyte": 22
		}, 
		"Driver Cycle Information": {
		"firstbyte": 8
		}, 
		"Fault Location": {
		"firstbyte": 3
		}, 
		"Current Ignition Cycle Count": {
		"firstbyte": 4
		}, 
		"Store Condition": {
		"firstbyte": 9
		}, 
		"Environnement Information": {
		"firstbyte": 18
		}, 
		"Debug Information 0": {
		"firstbyte": 10
		}, 
		"Debug Information 1": {
		"firstbyte": 14
		}, 
		"Failure Type": {
		"firstbyte": 7
		}, 
		"Failure Path": {
		"firstbyte": 6
		}
	}, 
	"deny_sds": [], 
	"minbytes": 23, 
	"sentbytes": "2195", 
	"name": "BoschDiagnosticCodesOnLocation5.Read"
	}, 
	{
	"receivebyte_dataitems": {
		"Ignition Cycle Count": {
		"firstbyte": 22
		}, 
		"Driver Cycle Information": {
		"firstbyte": 8
		}, 
		"Fault Location": {
		"firstbyte": 3
		}, 
		"Current Ignition Cycle Count": {
		"firstbyte": 4
		}, 
		"Store Condition": {
		"firstbyte": 9
		}, 
		"Environnement Information": {
		"firstbyte": 18
		}, 
		"Debug Information 0": {
		"firstbyte": 10
		}, 
		"Debug Information 1": {
		"firstbyte": 14
		}, 
		"Failure Type": {
		"firstbyte": 7
		}, 
		"Failure Path": {
		"firstbyte": 6
		}
	}, 
	"deny_sds": [], 
	"minbytes": 23, 
	"sentbytes": "2193", 
	"name": "BoschDiagnosticCodesOnLocation3.Read"
	}, 
	{
	"name": "VehicleConfiguration.Read", 
	"replybytes": "610100", 
	"deny_sds": [
		"plant", 
		"aftersales", 
		"engineering", 
		"supplier"
	], 
	"receivebyte_dataitems": {
		"VehicleType": {
		"firstbyte": 3
		}
	}, 
	"minbytes": 3, 
	"sentbytes": "2101"
	}, 
	{
	"name": "PolesCounting_FL.Status", 
	"replybytes": "71010001", 
	"deny_sds": [], 
	"receivebyte_dataitems": {
		"Routine status pole counting": {
		"firstbyte": 3
		}
	}, 
	"minbytes": 4, 
	"sentbytes": "31010101"
	}, 
	{
	"name": "PhysicalInput.Read", 
	"replybytes": "610700000000000000A6000040", 
	"deny_sds": [], 
	"receivebyte_dataitems": {
		"Battery voltage": {
		"ref": true, 
		"firstbyte": 10
		}, 
		"Brake Light Switch": {
		"bitoffset": 1, 
		"ref": true, 
		"firstbyte": 13
		}, 
		"Longitudinal acceleration": {
		"firstbyte": 5
		}
	}, 
	"minbytes": 13, 
	"sentbytes": "2107"
	}, 
	{
	"name": "PolesCounting_RL.Status", 
	"replybytes": "71010003", 
	"deny_sds": [], 
	"receivebyte_dataitems": {
		"Routine status pole counting": {
		"firstbyte": 3
		}
	}, 
	"minbytes": 4, 
	"sentbytes": "31010103"
	}, 
	{
	"name": "FillingProcedure.Status", 
	"replybytes": "710400", 
	"deny_sds": [], 
	"receivebyte_dataitems": {
		"Routine status": {
		"firstbyte": 3
		}
	}, 
	"minbytes": 3, 
	"sentbytes": "31040100"
	}, 
	{
	"name": "PolesCounting_FR.Status", 
	"replybytes": "71010002", 
	"deny_sds": [], 
	"receivebyte_dataitems": {
		"Routine status pole counting": {
		"firstbyte": 3
		}
	}, 
	"minbytes": 4, 
	"sentbytes": "31010102"
	}, 
	{
	"name": "BleedingProcedurePart1.Status", 
	"replybytes": "71050001", 
	"deny_sds": [], 
	"receivebyte_dataitems": {
		"Routine status": {
		"firstbyte": 3
		}
	}, 
	"minbytes": 4, 
	"sentbytes": "31050101"
	}, 
	{
	"name": "BleedingProcedurePart3.Status", 
	"replybytes": "71050003", 
	"deny_sds": [], 
	"receivebyte_dataitems": {
		"Routine status": {
		"firstbyte": 3
		}
	}, 
	"minbytes": 4, 
	"sentbytes": "31050103"
	}, 
	{
	"name": "RecoverWSSPowerSupply.StartTemporary", 
	"replybytes": "700400", 
	"deny_sds": [], 
	"manualsend": true, 
	"receivebyte_dataitems": {
		"IO Control Status": {
		"firstbyte": 3
		}
	}, 
	"sendbyte_dataitems": {
		"Duration": {
		"firstbyte": 4
		}
	}, 
	"minbytes": 3, 
	"sentbytes": "30040000"
	}, 
	{
	"name": "Traceability.Read", 
	"replybytes": "618400000000000000000000000000000000000000000000", 
	"deny_sds": [], 
	"receivebyte_dataitems": {
		"ABS ESP traceability": {
		"ref": true, 
		"firstbyte": 3
		}
	}, 
	"minbytes": 22, 
	"sentbytes": "2184"
	}, 
	{
	"name": "AfterSalesDate.Read", 
	"replybytes": "61B0000000", 
	"deny_sds": [], 
	"receivebyte_dataitems": {
		"After Sale Date Day": {
		"ref": true, 
		"firstbyte": 5
		}, 
		"After Sale Date Year": {
		"ref": true, 
		"firstbyte": 3
		}, 
		"After Sale Date Month": {
		"ref": true, 
		"firstbyte": 4
		}
	}, 
	"minbytes": 5, 
	"sentbytes": "21B0"
	}, 
	{
	"name": "SensorOffsets.Write", 
	"deny_sds": [], 
	"minbytes": 2, 
	"sentbytes": "3B0A000000000000", 
	"replybytes": "7B0A"
	}, 
	{
	"name": "BleedingProcedurePart4.Status", 
	"replybytes": "71050004", 
	"deny_sds": [], 
	"receivebyte_dataitems": {
		"Routine status": {
		"firstbyte": 3
		}
	}, 
	"minbytes": 4, 
	"sentbytes": "31050104"
	}, 
	{
	"name": "BleedingProcedure Part1.Start", 
	"replybytes": "71050001", 
	"deny_sds": [], 
	"manualsend": true, 
	"receivebyte_dataitems": {
		"Routine status": {
		"firstbyte": 3
		}
	}, 
	"minbytes": 4, 
	"sentbytes": "31050001"
	}, 
	{
	"name": "HybraulicTest_RR.Status", 
	"replybytes": "71030004", 
	"deny_sds": [], 
	"receivebyte_dataitems": {
		"Routine status": {
		"firstbyte": 3
		}
	}, 
	"minbytes": 4, 
	"sentbytes": "31030104"
	}, 
	{
	"name": "VehicleConfiguration.Write", 
	"replybytes": "7B01", 
	"deny_sds": [
		"plant", 
		"aftersales", 
		"engineering", 
		"supplier"
	], 
	"manualsend": true, 
	"sendbyte_dataitems": {
		"VehicleType": {
		"firstbyte": 3
		}
	}, 
	"minbytes": 2, 
	"sentbytes": "3B0100"
	}, 
	{
	"name": "AfterSalesDate.Write", 
	"replybytes": "7BB0", 
	"deny_sds": [], 
	"manualsend": true, 
	"sendbyte_dataitems": {
		"After Sale Date Day": {
		"firstbyte": 5
		}, 
		"After Sale Date Year": {
		"firstbyte": 3
		}, 
		"After Sale Date Month": {
		"firstbyte": 4
		}
	}, 
	"minbytes": 2, 
	"sentbytes": "3BB0000000"
	}, 
	{
	"name": "BleedingProcedure.Stop", 
	"replybytes": "720500", 
	"deny_sds": [], 
	"manualsend": true, 
	"receivebyte_dataitems": {
		"Routine status": {
		"firstbyte": 3
		}
	}, 
	"minbytes": 3, 
	"sentbytes": "320580"
	}, 
	{
	"name": "HybraulicTest_FL.Stop", 
	"replybytes": "71030001", 
	"deny_sds": [], 
	"manualsend": true, 
	"receivebyte_dataitems": {
		"Routine status": {
		"firstbyte": 3
		}
	}, 
	"minbytes": 3, 
	"sentbytes": "31030201"
	}, 
	{
	"receivebyte_dataitems": {
		"Ignition Cycle Count": {
		"firstbyte": 22
		}, 
		"Driver Cycle Information": {
		"firstbyte": 8
		}, 
		"Fault Location": {
		"firstbyte": 3
		}, 
		"Current Ignition Cycle Count": {
		"firstbyte": 4
		}, 
		"Store Condition": {
		"firstbyte": 9
		}, 
		"Environnement Information": {
		"firstbyte": 18
		}, 
		"Debug Information 0": {
		"firstbyte": 10
		}, 
		"Debug Information 1": {
		"firstbyte": 14
		}, 
		"Failure Type": {
		"firstbyte": 7
		}, 
		"Failure Path": {
		"firstbyte": 6
		}
	}, 
	"deny_sds": [], 
	"minbytes": 23, 
	"sentbytes": "2194", 
	"name": "BoschDiagnosticCodesOnLocation4.Read"
	}, 
	{
	"name": "RecoverWSSPowerSupply.StartPermanent", 
	"replybytes": "700400", 
	"deny_sds": [], 
	"manualsend": true, 
	"receivebyte_dataitems": {
		"IO Control Status": {
		"firstbyte": 3
		}
	}, 
	"minbytes": 3, 
	"sentbytes": "30042000"
	}, 
	{
	"name": "RecoverWSSPowerSupply.Stop", 
	"replybytes": "700400", 
	"deny_sds": [], 
	"manualsend": true, 
	"receivebyte_dataitems": {
		"IO Control Status": {
		"firstbyte": 3
		}
	}, 
	"minbytes": 3, 
	"sentbytes": "30041100"
	}, 
	{
	"name": "TachyIndex.Write", 
	"replybytes": "7B02", 
	"deny_sds": [], 
	"manualsend": true, 
	"sendbyte_dataitems": {
		"TachometerIndex": {
		"firstbyte": 3
		}
	}, 
	"minbytes": 2, 
	"sentbytes": "3B0200"
	}, 
	{
	"name": "VIN.Read", 
	"replybytes": "618100000000000000000000000000000000000000", 
	"deny_sds": [], 
	"receivebyte_dataitems": {
		"VIN Code": {
		"ref": true, 
		"firstbyte": 3
		}, 
		"VIN CRC": {
		"ref": true, 
		"firstbyte": 20
		}
	}, 
	"minbytes": 21, 
	"sentbytes": "2181"
	}, 
	{
	"name": "FillingProcedure.Start", 
	"replybytes": "710400", 
	"deny_sds": [], 
	"manualsend": true, 
	"receivebyte_dataitems": {
		"Routine status": {
		"firstbyte": 3
		}
	}, 
	"minbytes": 3, 
	"sentbytes": "3104005A"
	}, 
	{
	"name": "HybraulicTest_FL.Status", 
	"replybytes": "71030001", 
	"deny_sds": [], 
	"receivebyte_dataitems": {
		"Routine status": {
		"firstbyte": 3
		}
	}, 
	"minbytes": 4, 
	"sentbytes": "31030101"
	}, 
	{
	"name": "BleedingProcedure Part4.Start", 
	"replybytes": "71050004", 
	"deny_sds": [], 
	"manualsend": true, 
	"receivebyte_dataitems": {
		"Routine status": {
		"firstbyte": 3
		}
	}, 
	"minbytes": 4, 
	"sentbytes": "3105000404"
	}
], 
"data": {
	"Mean Effective Torque": {
	"scaled": true, 
	"step": 0.5, 
	"unit": "%", 
	"offset": -25.0
	}, 
	"VIN Code": {
	"bytesascii": true, 
	"bytescount": 17, 
	"byte": true, 
	"bitscount": 136
	}, 
	"WheelSpeed RR": {
	"divideby": 100.0, 
	"bitscount": 16, 
	"format": "0.00", 
	"scaled": true, 
	"bytescount": 2, 
	"unit": "Kph"
	}, 
	"MSR in regulation": {
	"bitscount": 1, 
	"lists": {
		"0": "No", 
		"1": "Yes"
	}
	}, 
	"Real tyre circumference": {
	"scaled": true, 
	"bytescount": 2, 
	"bitscount": 16, 
	"unit": "mm"
	}, 
	"Wheel Speed Front Right": {
	"scaled": true, 
	"unit": "kph"
	}, 
	"Minimum tyre circumference": {
	"scaled": true, 
	"bytescount": 2, 
	"bitscount": 16, 
	"unit": "mm"
	}, 
	"WheelSpeed RL": {
	"divideby": 100.0, 
	"bitscount": 16, 
	"format": "0.00", 
	"scaled": true, 
	"bytescount": 2, 
	"unit": "Kph"
	}, 
	"Longitudinal acceleration": {
	"scaled": true, 
	"step": 0.078, 
	"unit": "m/s2", 
	"offset": -9.8
	}, 
	"Environnement Information": {
	"bytescount": 4, 
	"byte": true, 
	"bitscount": 32
	}, 
	"ASR Dynamic Torque Request": {
	"scaled": true, 
	"step": 0.5, 
	"unit": "%", 
	"offset": -25.0
	}, 
	"Wheel name chosen": {
	"lists": {
		"1": "Roue avant gauche", 
		"2": "Roue avant droite", 
		"3": "Roue arri\u00e8re gauche", 
		"4": "Roue arri\u00e8re droite"
	}
	}, 
	"ABS EBD function state": {
	"bitscount": 2, 
	"lists": {
		"0": "No ABS available, no EBD available", 
		"1": "No ABS available, EBD available", 
		"3": "ABS available, EBD available"
	}
	}, 
	"Battery voltage": {
	"scaled": true, 
	"step": 0.071, 
	"unit": "v"
	}, 
	"Vehicle Speed": {
	"scaled": true, 
	"unit": "kph", 
	"format": "0.00"
	}, 
	"VehicleSpeed": {
	"divideby": 100.0, 
	"bitscount": 16, 
	"format": "0.00", 
	"scaled": true, 
	"bytescount": 2, 
	"unit": "kph"
	}, 
	"Driver Cycle Information": {
	"byte": true
	}, 
	"After Sale Date Day": {
	"lists": {
		"1": "1", 
		"2": "2", 
		"3": "3", 
		"4": "4", 
		"5": "5", 
		"6": "6", 
		"7": "7", 
		"8": "8", 
		"9": "9", 
		"16": "10", 
		"17": "11", 
		"18": "12", 
		"19": "13", 
		"20": "14", 
		"21": "15", 
		"22": "16", 
		"23": "17", 
		"24": "18", 
		"25": "19", 
		"32": "20", 
		"33": "21", 
		"34": "22", 
		"35": "23", 
		"36": "24", 
		"37": "25", 
		"38": "26", 
		"39": "27", 
		"40": "28", 
		"41": "29", 
		"48": "30", 
		"49": "31"
	}
	}, 
	"SW release part 1": {
	"byte": true
	}, 
	"WheelSpeed FR": {
	"divideby": 100.0, 
	"bitscount": 16, 
	"format": "0.00", 
	"scaled": true, 
	"bytescount": 2, 
	"unit": "Kph"
	}, 
	"VIN CRC": {
	"bytescount": 2, 
	"byte": true, 
	"bitscount": 16
	}, 
	"Vdiag": {
	"lists": {
		"8": "ESP", 
		"4": "ABS"
	}
	}, 
	"Maximum tyre circumference": {
	"scaled": true, 
	"bytescount": 2, 
	"bitscount": 16, 
	"unit": "mm"
	}, 
	"DiagMuxON": {
	"bitscount": 1, 
	"lists": {
		"0": "Not authorized to diag other system", 
		"1": "Authorized to diag other system"
	}
	}, 
	"Historical Failure": {
	"bitscount": 1, 
	"lists": {
		"0": "No", 
		"1": "Yes"
	}
	}, 
	"Store Condition": {
	"byte": true
	}, 
	"Current Failure": {
	"bitscount": 1, 
	"lists": {
		"0": "No", 
		"1": "Yes"
	}
	}, 
	"Engine RPM": {
	"scaled": true, 
	"bytescount": 2, 
	"step": 0.125, 
	"bitscount": 16, 
	"unit": "rpm"
	}, 
	"Estimated Final Clutch Torque": {
	"scaled": true, 
	"step": 10.0, 
	"unit": "Nm"
	}, 
	"Code constructeur": {
	"lists": {
		"0": "Renault"
	}
	}, 
	"PartIdentificationNumber": {
	"bytescount": 5, 
	"byte": true, 
	"bitscount": 40
	}, 
	"After sale bleeding phase": {
	"lists": {
		"1": "Phase 1", 
		"2": "Phase 2", 
		"3": "Phase 3", 
		"4": "Phase 4"
	}
	}, 
	"TachometerIndex": {
	"lists": {
		"142": "215/65 R16 98T", 
		"255": "Missing configuration"
	}
	}, 
	"MSR available": {
	"bitscount": 1, 
	"lists": {
		"0": "No MSR available", 
		"1": "MSR available"
	}
	}, 
	"Hardware number": {
	"bytescount": 5, 
	"byte": true, 
	"bitscount": 40
	}, 
	"Pole number": {
	"scaled": true, 
	"format": "00"
	}, 
	"Debug Information 1": {
	"bytescount": 4, 
	"byte": true, 
	"bitscount": 32
	}, 
	"ETS Internal Operation Mode": {
	"bitscount": 2, 
	"lists": {
		"0": "Automatic Mode", 
		"1": "4WD Mode", 
		"2": "2WD Mode", 
		"3": "Reserved"
	}
	}, 
	"VehicleType": {
	"lists": {
		"1": "ABS 2/4WD BVM", 
		"2": "ABS 4WD BVA", 
		"255": "Missing configuration"
	}
	}, 
	"ETS Driver demand": {
	"bitscount": 2, 
	"lists": {
		"0": "Automatic Mode", 
		"1": "4WD Mode", 
		"2": "2WD Mode", 
		"3": "Reserved"
	}
	}, 
	"MoreDTC": {
	"scaled": true, 
	"signed": true
	}, 
	"Fault Location": {
	"byte": true
	}, 
	"Code MPR": {
	"bytescount": 5, 
	"byte": true, 
	"bitscount": 40
	}, 
	"Raw pedal": {
	"scaled": true
	}, 
	"Standard Fault": {
	"bitscount": 5, 
	"lists": {
		"0": "non utilis\u00e9", 
		"1": "Circuit ouvert (1h)", 
		"2": "Court-circuit \u00e0 la masse (2h)", 
		"3": "Court-circuit au +bat (3h)", 
		"4": "Param \u00e0 la limite basse (4h)", 
		"5": "Param \u00e0 la limite haute (5h)", 
		"6": "Incoh\u00e9rence, impossible (6h)", 
		"7": "Pas de signal (7h)", 
		"8": "En dessous du seuil bas (8h)", 
		"9": "Au dessus du seuil haut (9h)", 
		"10": "Niveau bas permanent (Ah)", 
		"11": "Niveau haut permanent (Bh)", 
		"12": "Lignes en court-circuit (Ch)", 
		"13": "Anomalie \u00e9l\u00e9ctronique interne (Dh)", 
		"14": "Anomaly du r\u00e9seau (Eh)", 
		"15": "Diagnostique erron\u00e9 (Fh)", 
		"16": "Communication perturb\u00e9e (10h)", 
		"17": "Microcoupures (11h)", 
		"18": "Tension anormale (12h)", 
		"19": "Valeur en dehors de la plage (13h)", 
		"20": "Circuit ouvert ou court-circuit \u00e0 la masse (14h)", 
		"21": "Circuit ouvert ou court-circuit au +Bat(15h)", 
		"22": "Init / config non valide (16h)", 
		"23": "Init non valide(17h)", 
		"24": "Anomalie (18h)"
	}
	}, 
	"Ignition Cycle Count": {
	"bytescount": 2, 
	"byte": true, 
	"bitscount": 16
	}, 
	"After Sale Date Month": {
	"lists": {
		"1": "Janvier", 
		"2": "F\u00e9vrier", 
		"3": "Mars", 
		"4": "Avril", 
		"5": "Mai", 
		"6": "Juin", 
		"7": "Juillet", 
		"8": "Aout", 
		"9": "Septembre", 
		"16": "Octobre", 
		"17": "Novembre", 
		"18": "Decembre"
	}
	}, 
	"Process byte": {
	"lists": {
		"0": "Filling OK", 
		"128": "Wet internal", 
		"48": "Dry internal", 
		"192": "Wet external", 
		"176": "Dry external", 
		"255": "New ECU"
	}
	}, 
	"EBD in regulation": {
	"bitscount": 1, 
	"lists": {
		"0": "No", 
		"1": "Yes"
	}
	}, 
	"FirstDTC": {
	"bytescount": 2, 
	"bitscount": 16, 
	"lists": {
		"20608": "Vehicle CAN - BUS OFF", 
		"20612": "ETC - Missing message", 
		"20613": "ETC - Invalid Data", 
		"20495": "Wheel speed Front Right", 
		"20511": "Wheel speed Front Left", 
		"20527": "Wheel speed Rear Right", 
		"20543": "Wheel speed Rear Left", 
		"20545": "Tone wheel Front Right", 
		"20546": "Tone wheel Front Left", 
		"20547": "Tone wheel Rear Right", 
		"20548": "Tone wheel Rear Left", 
		"20550": "Wheel speed failure", 
		"20682": "Motor pump supply voltage", 
		"20683": "Electronic valves supply voltage", 
		"20684": "ECU supply voltage", 
		"20560": "ECU", 
		"20817": "Invalid vehicle configuration", 
		"20820": "Invalid tachometer index", 
		"20833": "AX sensor", 
		"20592": "ECM - TorqueRequestStatus", 
		"20593": "ECM - MeanEffectiveTorque", 
		"20594": "ECM - EngineRPM", 
		"20595": "ECM - FrictionTorque", 
		"20596": "ECM - ASR/MSR acknowledge", 
		"20597": "ECM - RawPedal", 
		"20598": "ECM - Missing message", 
		"20599": "ECM - RequestTorqueAfterProc", 
		"20600": "ECM- Invalid Data"
	}
	}, 
	"Wheel Speed Rear Right": {
	"scaled": true, 
	"unit": "kph"
	}, 
	"Current Ignition Cycle Count": {
	"bytescount": 2, 
	"byte": true, 
	"bitscount": 16
	}, 
	"WheelSpeed FL": {
	"divideby": 100.0, 
	"bitscount": 16, 
	"format": "0.00", 
	"scaled": true, 
	"bytescount": 2, 
	"unit": "kph"
	}, 
	"Debug Information 0": {
	"bytescount": 4, 
	"byte": true, 
	"bitscount": 32
	}, 
	"NDTC": {
	"scaled": true
	}, 
	"IO Control Status": {
	"lists": {
		"1": "Control in progress", 
		"2": "Control complete", 
		"130": "Control ready to start", 
		"17": "Control stopped"
	}
	}, 
	"SW release part 2": {
	"scaled": true
	}, 
	"Calibration number": {
	"bytescount": 2, 
	"byte": true, 
	"bitscount": 16
	}, 
	"Bloc number": {
	"bytescount": 3, 
	"byte": true, 
	"bitscount": 24
	}, 
	"ABS in regulation": {
	"bitscount": 1, 
	"lists": {
		"0": "No", 
		"1": "Yes"
	}
	}, 
	"Routine status": {
	"lists": {
		"0": "Routine ready to start", 
		"1": "Routine in progress", 
		"2": "Routine finished Ok", 
		"4": "Routine finished not Ok", 
		"5": "Routine not activated", 
		"144": "Routine stopped"
	}
	}, 
	"ASR Static Torque Request": {
	"scaled": true, 
	"step": 0.5, 
	"unit": "%", 
	"offset": -25.0
	}, 
	"Brake Light Switch": {
	"bitscount": 1, 
	"lists": {
		"0": "Brake pedal not pressed", 
		"1": "Brake pedal pressed"
	}
	}, 
	"ASRMSR Acknoledgement": {
	"bitscount": 1, 
	"lists": {
		"0": "No", 
		"1": "Yes"
	}
	}, 
	"Type Of Fault": {
	"bitscount": 1, 
	"lists": {
		"0": "Standard", 
		"1": "Specific"
	}
	}, 
	"Friction Torque": {
	"scaled": true, 
	"step": 0.5, 
	"unit": "%", 
	"offset": -25.0
	}, 
	"After Sale Date Year": {
	"lists": {
		"1": "2001", 
		"2": "2002", 
		"3": "2003", 
		"4": "2004", 
		"5": "2005", 
		"6": "2006", 
		"7": "2007", 
		"8": "2008", 
		"9": "2009", 
		"16": "2010", 
		"17": "2011", 
		"18": "2012", 
		"19": "2013", 
		"20": "2014", 
		"21": "2015", 
		"22": "2016", 
		"23": "2017", 
		"24": "2018", 
		"25": "2019", 
		"32": "2020", 
		"33": "2021", 
		"34": "2022", 
		"35": "2023", 
		"36": "2024", 
		"37": "2025", 
		"38": "2026", 
		"39": "2027", 
		"40": "2028", 
		"41": "2029", 
		"48": "2030", 
		"49": "2031", 
		"50": "2032", 
		"51": "2033", 
		"52": "2034", 
		"53": "2035", 
		"54": "2036", 
		"55": "2037", 
		"56": "2038", 
		"57": "2039", 
		"64": "2040", 
		"65": "2041", 
		"66": "2042", 
		"67": "2043", 
		"68": "2044", 
		"69": "2045", 
		"70": "2046", 
		"71": "2047", 
		"72": "2048", 
		"73": "2049", 
		"80": "2050"
	}
	}, 
	"Code ITG": {
	"bytesascii": true, 
	"bytescount": 3, 
	"byte": true, 
	"bitscount": 24
	}, 
	"Occurence fault counter": {
	"scaled": true, 
	"comment": "Compteur du nombre d'apparition du d\u00e9faut"
	}, 
	"Vehicle Speed generated": {
	"scaled": true, 
	"unit": "kph"
	}, 
	"Wheel Speed Rear Left": {
	"scaled": true, 
	"unit": "kph"
	}, 
	"FFN": {
	"scaled": true
	}, 
	"Torque Control Type": {
	"bitscount": 3, 
	"lists": {
		"0": "No torque Request", 
		"3": "ASR torque Request", 
		"5": "MSR torque Request"
	}
	}, 
	"Failure Path": {
	"byte": true
	}, 
	"Wheel Speed Front Left": {
	"scaled": true, 
	"unit": "kph"
	}, 
	"Routine status pole counting": {
	"lists": {
		"0": "Routine Ready to start", 
		"1": "Routine in progress", 
		"2": "Routine finished Ok", 
		"4": "Routine finished not Ok", 
		"5": "Routine not activated", 
		"144": "Routine stopped by tool", 
		"255": "Erroneous wheel selected"
	}
	}, 
	"Duration": {
	"scaled": true
	}, 
	"Specific Fault": {
	"bitscount": 5, 
	"lists": {
		"4": "Interf\u00e9rence entre une ou plusieurs roues (4h)", 
		"12": "Index pneu non s\u00e9lectionn\u00e9 (Ch)", 
		"5": "Config v\u00e9hicule non programm\u00e9 (5h)", 
		"6": "Config v\u00e9hicule non valide (6h)", 
		"13": "Pb M\u00e9canique ou Magn\u00e9tique sur la cible (Dh)"
	}
	}, 
	"ABS ESP traceability": {
	"bytesascii": true, 
	"bytescount": 20, 
	"byte": true, 
	"bitscount": 160
	}, 
	"Software number": {
	"bytescount": 2, 
	"bitscount": 16, 
	"lists": {
		"64016": "ESP", 
		"61897": "ABS 4WD", 
		"62838": "ABS 2WD"
	}
	}, 
	"Failure Type": {
	"byte": true
	}, 
	"MSR Torque Request": {
	"scaled": true, 
	"step": 0.5, 
	"unit": "%", 
	"offset": -25.0
	}
}
}