{
"obd": {
	"baudrate": 500000, 
	"protocol": "CAN", 
	"recv_id": "00", 
	"funcname": "CAN", 
	"funcaddr": "00", 
	"send_id": "00"
}, 
"devices": [], 
"ecuname": "X90 CAN MESSAGE LIST", 
"autoidents": [], 
"endian": "Big", 
"requests": [
	{
	"receivebyte_dataitems": {
		"SoftwareLockRequest": {
		"ref": true, 
		"firstbyte": 2
		}, 
		"SLockRequestControl": {
		"bitoffset": 5, 
		"ref": true, 
		"firstbyte": 1
		}
	}, 
	"deny_sds": [], 
	"minbytes": 7, 
	"sentbytes": "049A", 
	"name": "INJ_Verlog"
	}, 
	{
	"receivebyte_dataitems": {
		"OBD_Response_Transm": {
		"ref": true, 
		"firstbyte": 1
		}
	}, 
	"deny_sds": [], 
	"minbytes": 8, 
	"sentbytes": "060E", 
	"name": "Reponse_OBD_Transm"
	}, 
	{
	"receivebyte_dataitems": {
		"DieselPreHeating": {
		"bitoffset": 6, 
		"ref": true, 
		"firstbyte": 4
		}, 
		"FuelConsumptionType": {
		"bitoffset": 5, 
		"ref": true, 
		"firstbyte": 7
		}, 
		"MILLamp": {
		"bitoffset": 1, 
		"ref": true, 
		"firstbyte": 4
		}, 
		"IdleSpeedControlRequest": {
		"ref": true, 
		"firstbyte": 3
		}, 
		"MaximumAuthorizedPower": {
		"ref": true, 
		"firstbyte": 6
		}, 
		"EngineStatus": {
		"bitoffset": 6, 
		"ref": true, 
		"firstbyte": 5
		}, 
		"Petrol_Diesel": {
		"bitoffset": 7, 
		"ref": true, 
		"firstbyte": 4
		}, 
		"DiagMuxOn": {
		"ref": true, 
		"firstbyte": 4
		}, 
		"RequestedSpeedBlink": {
		"ref": true, 
		"firstbyte": 7
		}, 
		"WarningWaterTemp": {
		"bitoffset": 4, 
		"ref": true, 
		"firstbyte": 4
		}, 
		"LiquidPetroleumGasVehicle": {
		"bitoffset": 3, 
		"ref": true, 
		"firstbyte": 4
		}, 
		"CruiseControlLamp": {
		"bitoffset": 3, 
		"ref": true, 
		"firstbyte": 5
		}, 
		"EngineControlFailureLevel1": {
		"bitoffset": 5, 
		"ref": true, 
		"firstbyte": 4
		}, 
		"EngineCoolantTemp": {
		"ref": true, 
		"firstbyte": 1
		}, 
		"FuelConsumption": {
		"ref": true, 
		"firstbyte": 2
		}, 
		"EngineControlFailureLevel2": {
		"bitoffset": 1, 
		"ref": true, 
		"firstbyte": 7
		}, 
		"ResetInfo_INJ": {
		"bitoffset": 7, 
		"ref": true, 
		"firstbyte": 7
		}, 
		"EngineCalibrationForDashboar": {
		"ref": true, 
		"firstbyte": 5
		}, 
		"EngineOverSpeedCutOffThreshold": {
		"bitoffset": 6, 
		"ref": true, 
		"firstbyte": 7
		}, 
		"RequestedSpeed": {
		"ref": true, 
		"firstbyte": 8
		}
	}, 
	"deny_sds": [], 
	"minbytes": 8, 
	"sentbytes": "077A", 
	"name": "INJ_Base_Lente"
	}, 
	{
	"receivebyte_dataitems": {
		"ResetInfo_TRANSM": {
		"bitoffset": 7, 
		"ref": true, 
		"firstbyte": 2
		}, 
		"Underdrive": {
		"ref": true, 
		"firstbyte": 3
		}, 
		"GearShiftRefused": {
		"bitoffset": 6, 
		"ref": true, 
		"firstbyte": 2
		}, 
		"ShiftLockCommandON": {
		"bitoffset": 1, 
		"ref": true, 
		"firstbyte": 3
		}, 
		"AT_MinimumIdleSpeedRequest": {
		"ref": true, 
		"firstbyte": 7
		}, 
		"FullLoad": {
		"bitoffset": 7, 
		"ref": true, 
		"firstbyte": 6
		}, 
		"PositionDisplayBlinking": {
		"bitoffset": 2, 
		"ref": true, 
		"firstbyte": 3
		}, 
		"CrankingAuthorization": {
		"bitoffset": 3, 
		"ref": true, 
		"firstbyte": 3
		}, 
		"GBPositionDisplay": {
		"bitoffset": 4, 
		"ref": true, 
		"firstbyte": 1
		}, 
		"AGBProgSelect": {
		"bitoffset": 4, 
		"ref": true, 
		"firstbyte": 2
		}, 
		"AT_Torque": {
		"ref": true, 
		"firstbyte": 5
		}, 
		"GB_Buzzer": {
		"bitoffset": 5, 
		"ref": true, 
		"firstbyte": 3
		}, 
		"GearboxOilTemperature": {
		"ref": true, 
		"firstbyte": 4
		}, 
		"GBFaults_States": {
		"ref": true, 
		"firstbyte": 2
		}, 
		"GearboxType": {
		"bitoffset": 7, 
		"ref": true, 
		"firstbyte": 3
		}
	}, 
	"deny_sds": [], 
	"minbytes": 7, 
	"sentbytes": "05CE", 
	"name": "TRANSM_Base_Lente"
	}, 
	{
	"receivebyte_dataitems": {
		"LPG_NGModeRequest": {
		"bitoffset": 1, 
		"ref": true, 
		"firstbyte": 3
		}, 
		"FlowRequest_CylinderCorrection": {
		"ref": true, 
		"firstbyte": 7
		}, 
		"IntakeManifoldAirTemperature": {
		"ref": true, 
		"firstbyte": 8
		}, 
		"GazComposition": {
		"bitoffset": 6, 
		"ref": true, 
		"firstbyte": 3
		}, 
		"CylinderNumber": {
		"bitoffset": 3, 
		"ref": true, 
		"firstbyte": 3
		}, 
		"LPG_NGLampRequest": {
		"ref": true, 
		"firstbyte": 6
		}, 
		"RequestForGazolinePumpCutOff": {
		"ref": true, 
		"firstbyte": 3
		}, 
		"LPG_NGPushLampRequest": {
		"bitoffset": 2, 
		"ref": true, 
		"firstbyte": 6
		}, 
		"CorrectionCylinderNumber": {
		"ref": true, 
		"firstbyte": 4
		}, 
		"EngineMode": {
		"bitoffset": 4, 
		"ref": true, 
		"firstbyte": 6
		}, 
		"RequestForLPG_NGFlow": {
		"ref": true, 
		"firstbyte": 1
		}, 
		"IntakeManifoldPressure": {
		"bitoffset": 4, 
		"ref": true, 
		"firstbyte": 4
		}
	}, 
	"deny_sds": [], 
	"minbytes": 8, 
	"sentbytes": "0063", 
	"name": "INJ_GPLGNV"
	}, 
	{
	"receivebyte_dataitems": {
		"PrimaryShaftGearboxSpeed": {
		"ref": true, 
		"firstbyte": 6
		}, 
		"DragReduction_DriveParkNeutre_": {
		"bitoffset": 6, 
		"ref": true, 
		"firstbyte": 1
		}, 
		"TorqueConverterState": {
		"bitoffset": 4, 
		"ref": true, 
		"firstbyte": 3
		}, 
		"MajorFailure": {
		"bitoffset": 1, 
		"ref": true, 
		"firstbyte": 3
		}, 
		"GBFanRequest": {
		"bitoffset": 6, 
		"ref": true, 
		"firstbyte": 3
		}, 
		"TransmRangeEngaged": {
		"ref": true, 
		"firstbyte": 4
		}, 
		"GearLeverPosition": {
		"bitoffset": 4, 
		"ref": true, 
		"firstbyte": 4
		}, 
		"MILReqGB": {
		"ref": true, 
		"firstbyte": 1
		}, 
		"Limit_TorqReqORLimit_SlowTorqReq": {
		"ref": true, 
		"firstbyte": 5
		}, 
		"ShiftInProgress": {
		"bitoffset": 7, 
		"ref": true, 
		"firstbyte": 3
		}, 
		"IdleSpeedIncreaseRequest": {
		"ref": true, 
		"firstbyte": 3
		}, 
		"AT_Clock": {
		"ref": true, 
		"firstbyte": 8
		}, 
		"PowerTrainGain": {
		"ref": true, 
		"firstbyte": 7
		}, 
		"TorqueReductionAGB_discrete_": {
		"bitoffset": 4, 
		"ref": true, 
		"firstbyte": 1
		}, 
		"ModulatingTorqReqORFastTorqReq": {
		"ref": true, 
		"firstbyte": 2
		}, 
		"AC_CompressorInhibit_GB_": {
		"bitoffset": 2, 
		"ref": true, 
		"firstbyte": 3
		}
	}, 
	"deny_sds": [], 
	"minbytes": 8, 
	"sentbytes": "01AE", 
	"name": "TRANSM_Base_Rapide"
	}, 
	{
	"receivebyte_dataitems": {
		"ATTorqueAcknowledgement": {
		"bitoffset": 6, 
		"ref": true, 
		"firstbyte": 5
		}, 
		"BrakeSwitch_EngineControl": {
		"ref": true, 
		"firstbyte": 5
		}, 
		"CruiseControlStatus": {
		"bitoffset": 4, 
		"ref": true, 
		"firstbyte": 5
		}, 
		"EngineTorque_WithoutGBReq": {
		"ref": true, 
		"firstbyte": 6
		}, 
		"PTCCutFreeze": {
		"bitoffset": 2, 
		"ref": true, 
		"firstbyte": 5
		}, 
		"KickDownActivated": {
		"bitoffset": 7, 
		"ref": true, 
		"firstbyte": 8
		}, 
		"EngineRPM": {
		"ref": true, 
		"firstbyte": 1
		}, 
		"ACCompressorAuthorized": {
		"bitoffset": 7, 
		"ref": true, 
		"firstbyte": 5
		}, 
		"RequestedTorqueAfterProcessing": {
		"ref": true, 
		"firstbyte": 7
		}, 
		"DriverRequest": {
		"ref": true, 
		"firstbyte": 4
		}, 
		"MeanEffectiveTorque": {
		"ref": true, 
		"firstbyte": 3
		}
	}, 
	"deny_sds": [], 
	"minbytes": 8, 
	"sentbytes": "00FA", 
	"name": "INJ_Base_Rapide"
	}, 
	{
	"receivebyte_dataitems": {
		"ASR_MSRAcknowledgement": {
		"bitoffset": 7, 
		"ref": true, 
		"firstbyte": 5
		}, 
		"DriverOverride": {
		"bitoffset": 1, 
		"ref": true, 
		"firstbyte": 5
		}, 
		"ACCTorqueAcknowledgment": {
		"bitoffset": 2, 
		"ref": true, 
		"firstbyte": 5
		}, 
		"FrictionTorque": {
		"ref": true, 
		"firstbyte": 4
		}, 
		"ACCTorqueStatusControl": {
		"ref": true, 
		"firstbyte": 3
		}, 
		"AcceleratorPedalPosition": {
		"ref": true, 
		"firstbyte": 1
		}, 
		"ClutchSwitch": {
		"bitoffset": 3, 
		"ref": true, 
		"firstbyte": 5
		}, 
		"TorqueRequestStatus": {
		"bitoffset": 5, 
		"ref": true, 
		"firstbyte": 5
		}, 
		"ACCMainSwitch": {
		"bitoffset": 2, 
		"ref": true, 
		"firstbyte": 3
		}, 
		"ACCDriverCommands": {
		"bitoffset": 4, 
		"ref": true, 
		"firstbyte": 3
		}, 
		"MeanEffectiveTorque_Copy_": {
		"ref": true, 
		"firstbyte": 2
		}
	}, 
	"deny_sds": [], 
	"minbytes": 5, 
	"sentbytes": "01BA", 
	"name": "INJ_HdG"
	}, 
	{
	"receivebyte_dataitems": {
		"OBD_Request": {
		"ref": true, 
		"firstbyte": 1
		}
	}, 
	"deny_sds": [], 
	"minbytes": 8, 
	"sentbytes": "0633", 
	"name": "Requete_OBD_Passerelle"
	}
], 
"data": {
	"ACCTorqueAcknowledgment": {
	"bitscount": 1, 
	"lists": {
		"0": "incorrect dialogue", 
		"1": "correct dialogue"
	}
	}, 
	"CruiseControlStatus": {
	"bitscount": 2, 
	"lists": {
		"0": "CC and SL inactive", 
		"1": "pedal return", 
		"2": "CC or SL active", 
		"3": "reserved"
	}
	}, 
	"DriverRequest": {
	"scaled": true
	}, 
	"MILReqGB": {
	"scaled": true, 
	"bitscount": 4
	}, 
	"ASR_MSRAcknowledgement": {
	"bitscount": 1, 
	"lists": {
		"0": "incorrect dialogue", 
		"1": "correct dialogue"
	}
	}, 
	"DriverOverride": {
	"bitscount": 1, 
	"lists": {
		"0": "driver order <= ACC value", 
		"1": "driver order > ACC value"
	}
	}, 
	"MajorFailure": {
	"bitscount": 1, 
	"lists": {
		"0": "no major failure", 
		"1": "major failure (engine stop reque"
	}
	}, 
	"DiagMuxOn": {
	"bitscount": 1, 
	"lists": {
		"0": "accounting and memorization of m", 
		"1": "accounting and memorization of m_1"
	}
	}, 
	"MeanEffectiveTorque_Copy_": {
	"scaled": true, 
	"step": 0.5, 
	"offset": -25.0
	}, 
	"FuelConsumptionType": {
	"bitscount": 1, 
	"lists": {
		"0": "Fuel Consumption", 
		"1": "liquified petroleum gaz Consumpt"
	}
	}, 
	"TorqueConverterState": {
	"bitscount": 2, 
	"lists": {
		"0": "unlocked converter", 
		"1": "sliding converter", 
		"2": "locked-up converter", 
		"3": "invalid"
	}
	}, 
	"ClutchSwitch": {
	"bitscount": 2, 
	"lists": {
		"0": "foot not pressed ( clutched )", 
		"1": "pressed foot", 
		"2": "reserved", 
		"3": "invalid"
	}
	}, 
	"ACCompressorAuthorized": {
	"bitscount": 1, 
	"lists": {
		"0": "no running authorized", 
		"1": "running authorized"
	}
	}, 
	"SLockRequestControl": {
	"scaled": true, 
	"bitscount": 3
	}, 
	"EngineTorque_WithoutGBReq": {
	"scaled": true, 
	"step": 0.5, 
	"offset": -25.0
	}, 
	"CruiseControlLamp": {
	"bitscount": 3, 
	"lists": {
		"0": "Cruise Control OFF", 
		"1": "limitor active", 
		"2": "limitor ON and inactive", 
		"3": "reserved", 
		"4": "regulator active", 
		"5": "regulator ON and inactive", 
		"6": "reserved_6", 
		"7": "Cruise Control not present on th"
	}
	}, 
	"ACCMainSwitch": {
	"bitscount": 2, 
	"lists": {
		"0": "ACC OFF and LV OFF", 
		"1": "ACC OFF and LV ON", 
		"2": "ACC ON and LV OFF", 
		"3": "invalid"
	}
	}, 
	"GearboxOilTemperature": {
	"scaled": true, 
	"offset": -40.0
	}, 
	"DieselPreHeating": {
	"bitscount": 1, 
	"lists": {
		"0": "lamp OFF", 
		"1": "lamp ON"
	}
	}, 
	"EngineCoolantTemp": {
	"scaled": true, 
	"offset": -40.0
	}, 
	"GearLeverPosition": {
	"bitscount": 4, 
	"lists": {
		"0": "parking", 
		"1": "reverse", 
		"2": "neutral", 
		"3": "drive", 
		"4": "4th gear", 
		"5": "3rd gear", 
		"6": "2nd gear", 
		"7": "1st gear", 
		"8": "intermediate P/R or N/R", 
		"9": "intermediate N/D", 
		"10": "intermediate", 
		"11": "manual mode", 
		"12": "6th gear", 
		"13": "7th gear", 
		"14": "5th gear", 
		"15": "not available (init or lever swi"
	}
	}, 
	"RequestedSpeedBlink": {
	"bitscount": 1, 
	"lists": {
		"0": "fixed display", 
		"1": "blinking display"
	}
	}, 
	"AGBProgSelect": {
	"bitscount": 2, 
	"lists": {
		"0": "automatic mode", 
		"1": "sport mode", 
		"2": "impulsive mode", 
		"3": "snow mode"
	}
	}, 
	"RequestForLPG_NGFlow": {
	"scaled": true, 
	"bytescount": 2, 
	"step": 2.0, 
	"bitscount": 16
	}, 
	"ResetInfo_TRANSM": {
	"bitscount": 1, 
	"lists": {
		"0": "no exit from reset", 
		"1": "exit from reset"
	}
	}, 
	"LPG_NGLampRequest": {
	"bitscount": 2, 
	"lists": {
		"0": "lamp off", 
		"1": "lamp flashing", 
		"2": "reserved", 
		"3": "lamp ON"
	}
	}, 
	"RequestForGazolinePumpCutOff": {
	"bitscount": 1, 
	"lists": {
		"0": "pump activation request", 
		"1": "pump cutoff request"
	}
	}, 
	"PowerTrainGain": {
	"scaled": true, 
	"step": 0.25
	}, 
	"ModulatingTorqReqORFastTorqReq": {
	"scaled": true, 
	"step": 0.5, 
	"offset": -25.0
	}, 
	"AcceleratorPedalPosition": {
	"scaled": true
	}, 
	"TransmRangeEngaged": {
	"bitscount": 4, 
	"lists": {
		"0": "declutched at rest", 
		"1": "1st Range", 
		"2": "2nd Range", 
		"3": "3rd Range", 
		"4": "4th Range", 
		"5": "5th Range", 
		"6": "6th Range", 
		"9": "Reverse", 
		"10": "Neutral or Parking", 
		"15": "GB limphome"
	}
	}, 
	"FuelConsumption": {
	"scaled": true, 
	"step": 80.0
	}, 
	"AT_Clock": {
	"scaled": true, 
	"bitscount": 4
	}, 
	"EngineRPM": {
	"scaled": true, 
	"bytescount": 2, 
	"step": 0.125, 
	"bitscount": 16
	}, 
	"RequestedSpeed": {
	"scaled": true
	}, 
	"LPG_NGModeRequest": {
	"bitscount": 2, 
	"lists": {
		"0": "petrol mode", 
		"1": "LPG/NG system activation request", 
		"2": "LPG/NG system deactivation reque", 
		"3": "LPG/NG mode"
	}
	}, 
	"FlowRequest_CylinderCorrection": {
	"scaled": true, 
	"step": 0.784, 
	"offset": -100.0
	}, 
	"Petrol_Diesel": {
	"bitscount": 1, 
	"lists": {
		"0": "diesel", 
		"1": "petrol"
	}
	}, 
	"CorrectionCylinderNumber": {
	"bitscount": 3, 
	"lists": {
		"0": "all cylinders", 
		"1": "1st cylinder", 
		"2": "2nd cylinder", 
		"3": "3rd cylinder", 
		"4": "4th cylinder", 
		"5": "5th cylinder", 
		"6": "6th cylinder", 
		"7": "failure"
	}
	}, 
	"GBFaults_States": {
	"scaled": true, 
	"bitscount": 4
	}, 
	"ResetInfo_INJ": {
	"bitscount": 1, 
	"lists": {
		"0": "no exit from reset", 
		"1": "exit from reset"
	}
	}, 
	"SoftwareLockRequest": {
	"bytescount": 6, 
	"byte": true, 
	"bitscount": 48
	}, 
	"TorqueRequestStatus": {
	"bitscount": 2, 
	"lists": {
		"0": "normal", 
		"1": "torque request can not be achiev", 
		"2": "torque request can not be achiev_2", 
		"3": "torque request can not be achiev_3"
	}
	}, 
	"ATTorqueAcknowledgement": {
	"bitscount": 1, 
	"lists": {
		"0": "data received in frame AT_Torque", 
		"1": "data received  in frame AT_Torqu"
	}
	}, 
	"ACCTorqueStatusControl": {
	"bitscount": 2, 
	"lists": {
		"0": "no correct ACC status", 
		"3": "correct ACC status"
	}
	}, 
	"CrankingAuthorization": {
	"bitscount": 2, 
	"lists": {
		"0": "cranking authorized", 
		"1": "cranking not authorized", 
		"2": "reserved", 
		"3": "invalid (initialization or malfu"
	}
	}, 
	"LiquidPetroleumGasVehicle": {
	"bitscount": 1, 
	"lists": {
		"0": "vehicle not equipped with LPG", 
		"1": "vehicle equipped with LPG"
	}
	}, 
	"KickDownActivated": {
	"bitscount": 1, 
	"lists": {
		"0": "kick down off", 
		"1": "kick down activated"
	}
	}, 
	"AC_CompressorInhibit_GB_": {
	"scaled": true, 
	"bitscount": 2
	}, 
	"IntakeManifoldPressure": {
	"scaled": true, 
	"bytescount": 2, 
	"step": 3.7, 
	"bitscount": 12, 
	"offset": 103.0
	}, 
	"OBD_Response_Transm": {
	"bytescount": 8, 
	"byte": true, 
	"bitscount": 64
	}, 
	"MILLamp": {
	"bitscount": 2, 
	"lists": {
		"0": "MIL lamp OFF", 
		"1": "MIL lamp ON", 
		"2": "MIL lamp blinking", 
		"3": "reserved"
	}
	}, 
	"Underdrive": {
	"bitscount": 1, 
	"lists": {
		"0": "not underdrive", 
		"1": "underdrive"
	}
	}, 
	"FrictionTorque": {
	"scaled": true, 
	"step": 0.5, 
	"offset": -25.0
	}, 
	"AT_MinimumIdleSpeedRequest": {
	"scaled": true, 
	"step": 8.0
	}, 
	"OBD_Request": {
	"bytescount": 8, 
	"byte": true, 
	"bitscount": 64
	}, 
	"EngineCalibrationForDashboar": {
	"bitscount": 3, 
	"lists": {
		"0": "10000 km", 
		"1": "30000 km", 
		"2": "15000 km", 
		"3": "25000 km", 
		"4": "35000 km", 
		"5": "40000 km", 
		"6": "reserved", 
		"7": "20000 km"
	}
	}, 
	"IdleSpeedIncreaseRequest": {
	"bitscount": 1, 
	"lists": {
		"0": "no Idle Speed Increase Request", 
		"1": "Idle Speed Increase Request"
	}
	}, 
	"GBFanRequest": {
	"bitscount": 1, 
	"lists": {
		"0": "no fan request", 
		"1": "fan request"
	}
	}, 
	"EngineStatus": {
	"bitscount": 2, 
	"lists": {
		"0": "engine stopped", 
		"1": "engine jammed", 
		"2": " independant  running engine  ", 
		"3": "running engine-driven"
	}
	}, 
	"ShiftLockCommandON": {
	"bitscount": 1, 
	"lists": {
		"0": "shiftlock lamp OFF", 
		"1": "shiftlock lamp ON"
	}
	}, 
	"Limit_TorqReqORLimit_SlowTorqReq": {
	"scaled": true, 
	"step": 0.5, 
	"offset": -25.0
	}, 
	"EngineMode": {
	"bitscount": 3, 
	"lists": {
		"0": "LPG mode", 
		"1": "petrol mode imposed (LPG malfunc", 
		"2": "LPG to Petrol mode switching in ", 
		"3": "Petrol mode imposed (LPG impossi", 
		"4": "LPG mode imposed", 
		"5": "Petrol to LPG mode switching in ", 
		"6": "Petrol mode imposed (LPG tank em", 
		"7": "Petrol mode"
	}
	}, 
	"GearboxType": {
	"bitscount": 1, 
	"lists": {
		"0": "automatic gearbox", 
		"1": "robotized gearbox"
	}
	}, 
	"DragReduction_DriveParkNeutre_": {
	"bitscount": 2, 
	"lists": {
		"0": "P or N", 
		"1": "declutched at rest", 
		"2": "clutched", 
		"3": "invalid"
	}
	}, 
	"IntakeManifoldAirTemperature": {
	"scaled": true, 
	"offset": -40.0
	}, 
	"PTCCutFreeze": {
	"bitscount": 2, 
	"lists": {
		"0": "no request", 
		"1": "PTC freeze request", 
		"2": "PTC cut request", 
		"3": "invalid"
	}
	}, 
	"ACCDriverCommands": {
	"bitscount": 4, 
	"lists": {
		"0": "no request", 
		"1": "increase request of the set spee", 
		"3": "increase request of the set spee_3", 
		"5": "decrease request of the set spee", 
		"6": "restarting request", 
		"7": "decrease request of the set spee_7", 
		"12": "suspension request (off)", 
		"15": "invalid"
	}
	}, 
	"FullLoad": {
	"bitscount": 1, 
	"lists": {
		"0": "Full Load off", 
		"1": "Full Load on"
	}
	}, 
	"LPG_NGPushLampRequest": {
	"bitscount": 2, 
	"lists": {
		"0": "lamp off", 
		"1": "lamp flashing", 
		"2": "reserved", 
		"3": "lamp ON"
	}
	}, 
	"AT_Torque": {
	"scaled": true, 
	"step": 0.5
	}, 
	"IdleSpeedControlRequest": {
	"scaled": true, 
	"step": 8.0
	}, 
	"RequestedTorqueAfterProcessing": {
	"scaled": true, 
	"step": 0.5, 
	"offset": -25.0
	}, 
	"EngineOverSpeedCutOffThreshold": {
	"bitscount": 1, 
	"lists": {
		"0": "low Threshold", 
		"1": "high Threshold"
	}
	}, 
	"GearShiftRefused": {
	"bitscount": 1, 
	"lists": {
		"0": "shift in accepted", 
		"1": "shift in refused"
	}
	}, 
	"GazComposition": {
	"bitscount": 2, 
	"lists": {
		"0": "type 1 (50% propoane 50% butane ", 
		"1": "type 2 (100% propoane for LPG)", 
		"2": "type 3 (100% butane for LPG)", 
		"3": "reserved"
	}
	}, 
	"PositionDisplayBlinking": {
	"bitscount": 1, 
	"lists": {
		"0": "no blinking request", 
		"1": "blinking request"
	}
	}, 
	"PrimaryShaftGearboxSpeed": {
	"scaled": true, 
	"step": 16.0
	}, 
	"EngineControlFailureLevel1": {
	"bitscount": 1, 
	"lists": {
		"0": "no Engine Control Failure Level ", 
		"1": "Engine Control Failure Level 1"
	}
	}, 
	"EngineControlFailureLevel2": {
	"bitscount": 1, 
	"lists": {
		"0": "no Engine Control Failure Level ", 
		"1": "Engine Control Failure Level 2 c"
	}
	}, 
	"MeanEffectiveTorque": {
	"scaled": true, 
	"step": 0.5, 
	"offset": -25.0
	}, 
	"MaximumAuthorizedPower": {
	"scaled": true, 
	"step": 25.0
	}, 
	"BrakeSwitch_EngineControl": {
	"bitscount": 2, 
	"lists": {
		"0": "brake not active", 
		"1": "brake active", 
		"2": "reserved", 
		"3": "invalid"
	}
	}, 
	"GB_Buzzer": {
	"bitscount": 2, 
	"lists": {
		"0": "no buzzer", 
		"1": "alarm", 
		"2": "speed threshold reached", 
		"3": "reserved"
	}
	}, 
	"CylinderNumber": {
	"bitscount": 3, 
	"lists": {
		"0": "value not available", 
		"1": "1st cylinder", 
		"2": "2nd cylinder", 
		"3": "3rd cylinder", 
		"4": "4th cylinder", 
		"5": "5th cylinder", 
		"6": "6th cylinder", 
		"7": "failure"
	}
	}, 
	"WarningWaterTemp": {
	"bitscount": 1, 
	"lists": {
		"0": "no Warning Water Temp", 
		"1": "Warning Water Temp"
	}
	}, 
	"GBPositionDisplay": {
	"bitscount": 4, 
	"lists": {
		"0": "parking (normal mode)", 
		"1": "reverse (normal mode)", 
		"2": "neutral (normal mode)", 
		"3": "drive (normal mode)", 
		"4": "4th gear (manual mode)", 
		"5": "3rd gear (manual mode)", 
		"6": "2nd gear (manual mode)", 
		"7": "1st gear (manual mode)", 
		"8": "intemediate P/R or N/R", 
		"9": "intermediate N/D", 
		"10": "intermediate", 
		"11": "RB in automatic mode", 
		"12": "6th gear (manual mode)", 
		"13": "7th gear (manual mode)", 
		"14": "5th gear (manual mode)", 
		"15": "lever switches failure"
	}
	}, 
	"ShiftInProgress": {
	"bitscount": 1, 
	"lists": {
		"0": "stable range", 
		"1": "shifting in progress"
	}
	}, 
	"TorqueReductionAGB_discrete_": {
	"bitscount": 2, 
	"lists": {
		"0": "no torque reduction", 
		"1": "torque reduction downward gear s", 
		"2": "torque reduction upward gear shi", 
		"3": "reserved"
	}
	}
}
}