{
"obd": {
	"baudrate": 10400, 
	"protocol": "CAN", 
	"recv_id": "762", 
	"funcname": "Direction assist\u00e9e", 
	"funcaddr": "04", 
	"send_id": "742"
}, 
"devices": [
	{
	"dtc": 22040, 
	"devicedata": {}, 
	"dtctype": 2, 
	"name": "EPS_ECU_SAF"
	}, 
	{
	"dtc": 0, 
	"devicedata": {}, 
	"dtctype": 4, 
	"name": "_HEPS_InternalParameters_2"
	}, 
	{
	"dtc": 22022, 
	"devicedata": {}, 
	"dtctype": 2, 
	"name": "EPS_Motor"
	}, 
	{
	"dtc": 22049, 
	"devicedata": {}, 
	"dtctype": 0, 
	"name": "CAN Signal Invalid (BCM - GADE)"
	}, 
	{
	"dtc": 22046, 
	"devicedata": {}, 
	"dtctype": 0, 
	"name": "CAN Signal Invalid (G sensor)"
	}, 
	{
	"dtc": 22052, 
	"devicedata": {}, 
	"dtctype": 0, 
	"name": "Very_soft_ramp_down"
	}, 
	{
	"dtc": 22037, 
	"devicedata": {}, 
	"dtctype": 2, 
	"name": "EPS Fault - Derating (H)EPS thermal protection Controller"
	}, 
	{
	"dtc": 54050, 
	"devicedata": {}, 
	"dtctype": 2, 
	"name": "EPS Fault ECU Missing Calibration"
	}, 
	{
	"dtc": 22043, 
	"devicedata": {}, 
	"dtctype": 0, 
	"name": "CAN Signal Invalid (ABS/VDC - Vehicle speed)"
	}, 
	{
	"dtc": 54049, 
	"devicedata": {}, 
	"dtctype": 2, 
	"name": "EPS Fault - ECU Not configured"
	}, 
	{
	"dtc": 49267, 
	"devicedata": {}, 
	"dtctype": 0, 
	"name": "CAN BUSS OFF Fault"
	}, 
	{
	"dtc": 22017, 
	"devicedata": {}, 
	"dtctype": 0, 
	"name": "Battery Voltage Fault"
	}, 
	{
	"dtc": 22051, 
	"devicedata": {}, 
	"dtctype": 0, 
	"name": "CAN signal Invalid (ECM)"
	}, 
	{
	"dtc": 57684, 
	"devicedata": {}, 
	"dtctype": 0, 
	"name": "Lost Communication - CAN Frame fault (IVI)"
	}, 
	{
	"dtc": 49446, 
	"devicedata": {}, 
	"dtctype": 0, 
	"name": "CAN Steering Wheel Angle fault (STRG) Absent"
	}, 
	{
	"dtc": 57679, 
	"devicedata": {}, 
	"dtctype": 0, 
	"name": "Lost Communication - CAN Frame fault (BCM)"
	}, 
	{
	"dtc": 22020, 
	"devicedata": {}, 
	"dtctype": 2, 
	"name": "EPS_TorqueSensor"
	}, 
	{
	"dtc": 57672, 
	"devicedata": {}, 
	"dtctype": 0, 
	"name": "Lost Communication - CAN Frame fault (ABS/VDC/G sensor)"
	}, 
	{
	"dtc": 0, 
	"devicedata": {
		"systemSupplierECUSoftwareVersionNumber": "0", 
		"diagnosticVersion": "0"
	}, 
	"dtctype": 4, 
	"name": "_EPS_Identification"
	}, 
	{
	"dtc": 0, 
	"devicedata": {}, 
	"dtctype": 4, 
	"name": "_EPS_SupplierIntenalFaultStore"
	}, 
	{
	"dtc": 22047, 
	"devicedata": {}, 
	"dtctype": 0, 
	"name": "CAN Signal Invalid (IVI - MultiDriveMode_EPS)"
	}, 
	{
	"dtc": 57664, 
	"devicedata": {}, 
	"dtctype": 0, 
	"name": "Lost Communication - CAN Frame fault (ECM)"
	}, 
	{
	"dtc": 22038, 
	"devicedata": {}, 
	"dtctype": 2, 
	"name": "EPS Fault - Derating (H)EPS thermal protection Motor"
	}, 
	{
	"dtc": 53248, 
	"devicedata": {}, 
	"dtctype": 0, 
	"name": "CAN Signal Absent/Mute/Buss Off Fault"
	}, 
	{
	"dtc": 49960, 
	"devicedata": {}, 
	"dtctype": 0, 
	"name": "CAN Steering Wheel Angle fault (STRG) Checksum incorrect"
	}, 
	{
	"dtc": 22039, 
	"devicedata": {}, 
	"dtctype": 0, 
	"name": "Inconsistent LKA request"
	}, 
	{
	"dtc": 50216, 
	"devicedata": {}, 
	"dtctype": 0, 
	"name": "CAN Steering Wheel Angle fault (STRG) Clock Incorrect"
	}, 
	{
	"dtc": 22042, 
	"devicedata": {}, 
	"dtctype": 0, 
	"name": "CAN Signal Invalid (ABS/VDC - Wheel speed)"
	}, 
	{
	"dtc": 22044, 
	"devicedata": {}, 
	"dtctype": 0, 
	"name": "CAN Steering Wheel Angle fault (STRG) Invalid"
	}, 
	{
	"dtc": 49192, 
	"devicedata": {}, 
	"dtctype": 0, 
	"name": "CAN Signal Mute Fault"
	}, 
	{
	"dtc": 22024, 
	"devicedata": {}, 
	"dtctype": 2, 
	"name": "EPS_ECU"
	}, 
	{
	"dtc": 0, 
	"devicedata": {}, 
	"dtctype": 4, 
	"name": "_HEPS_InternalParameters"
	}
], 
"ecuname": "CMFB JTEKT EPS v3.2", 
"autoidents": [
	{
	"diagversion": "165", 
	"supplier": "0373", 
	"version": "150R_B40_JR02_BL1", 
	"soft": "150R_JAPP_2.3.2"
	}, 
	{
	"diagversion": "165", 
	"supplier": "0373", 
	"version": "150R_B40_JR02_BL2", 
	"soft": "150R_JAPP_2.3.2"
	}, 
	{
	"diagversion": "165", 
	"supplier": "0373", 
	"version": "150R_C20_JR02_BL1", 
	"soft": "150R_JAPP_3.3.0"
	}, 
	{
	"diagversion": "165", 
	"supplier": "0373", 
	"version": "150R_C20_JR02_BL2", 
	"soft": "150R_JAPP_3.3.0"
	}, 
	{
	"diagversion": "165", 
	"supplier": "0373", 
	"version": "150R_C20_JR03_BL1", 
	"soft": "150R_JAPP_3.4.0"
	}, 
	{
	"diagversion": "165", 
	"supplier": "0373", 
	"version": "150R_C20_JR03_BL2", 
	"soft": "150R_JAPP_3.4.0"
	}
], 
"endian": "Big", 
"requests": [
	{
	"name": "DataRead.Fingerprint", 
	"replybytes": "62F010", 
	"deny_sds": [], 
	"receivebyte_dataitems": {
		"Fingerprint": {
		"ref": true, 
		"firstbyte": 4
		}
	}, 
	"minbytes": 19, 
	"sentbytes": "22F010"
	}, 
	{
	"name": "DataRead.CAN_DTC_filter", 
	"replybytes": "6201D3", 
	"deny_sds": [], 
	"receivebyte_dataitems": {
		"CAN_DTC_filter": {
		"ref": true, 
		"firstbyte": 4
		}
	}, 
	"minbytes": 4, 
	"sentbytes": "2201D3"
	}, 
	{
	"name": "DataRead.SupplyVoltage", 
	"replybytes": "62012F", 
	"deny_sds": [], 
	"receivebyte_dataitems": {
		"SupplyVoltage": {
		"ref": true, 
		"firstbyte": 4
		}
	}, 
	"minbytes": 4, 
	"sentbytes": "22012F"
	}, 
	{
	"name": "DataRead.IgnitionSwitchCounter", 
	"replybytes": "62011E", 
	"deny_sds": [], 
	"receivebyte_dataitems": {
		"IgnitionSwitchCounter": {
		"ref": true, 
		"firstbyte": 4
		}
	}, 
	"minbytes": 4, 
	"sentbytes": "22011E"
	}, 
	{
	"name": "DataRead.Occurrence Counter", 
	"replybytes": "62D001", 
	"deny_sds": [], 
	"manualsend": true, 
	"receivebyte_dataitems": {
		"Occurrence Counter": {
		"firstbyte": 4
		}
	}, 
	"minbytes": 4, 
	"sentbytes": "22D001"
	}, 
	{
	"name": "SAF.LogisticMode.Desactivation", 
	"deny_sds": [
		"nosds", 
		"aftersales"
	], 
	"minbytes": 1, 
	"sentbytes": "3101F904", 
	"replybytes": "71010201"
	}, 
	{
	"name": "DataRead.AbsoluteSteeringWheelAngleCalibration_Activation", 
	"replybytes": "6201EB", 
	"deny_sds": [], 
	"receivebyte_dataitems": {
		"AbsoluteSteeringWheelAngleCalibration_Activation": {
		"ref": true, 
		"firstbyte": 4
		}
	}, 
	"minbytes": 4, 
	"sentbytes": "2201EB"
	}, 
	{
	"name": "DataRead.systemSupplierIdentifier", 
	"replybytes": "62F18A", 
	"deny_sds": [], 
	"receivebyte_dataitems": {
		"systemSupplierIdentifier": {
		"ref": true, 
		"firstbyte": 4
		}
	}, 
	"minbytes": 67, 
	"sentbytes": "22F18A"
	}, 
	{
	"name": "DataRead.FilteredVehicleSpeed", 
	"replybytes": "620118", 
	"deny_sds": [], 
	"receivebyte_dataitems": {
		"FilteredVehicleSpeed": {
		"ref": true, 
		"firstbyte": 4
		}
	}, 
	"minbytes": 4, 
	"sentbytes": "220118"
	}, 
	{
	"name": "StartDiagnosticSession.ExtendedDiagnostic", 
	"deny_sds": [], 
	"minbytes": 2, 
	"sentbytes": "1003", 
	"replybytes": "5003"
	}, 
	{
	"name": "DataRead.VIN", 
	"replybytes": "62F1900000000000000000000000000000000000", 
	"deny_sds": [], 
	"receivebyte_dataitems": {
		"VIN": {
		"ref": true, 
		"firstbyte": 4
		}
	}, 
	"minbytes": 20, 
	"sentbytes": "22F190"
	}, 
	{
	"name": "DataRead.DebugInfo_snapshot", 
	"replybytes": "62D002", 
	"deny_sds": [], 
	"manualsend": true, 
	"receivebyte_dataitems": {
		"DebugInfo_snapshot": {
		"firstbyte": 4
		}
	}, 
	"minbytes": 9, 
	"sentbytes": "22D002"
	}, 
	{
	"name": "DataRead.TJP_Activation", 
	"replybytes": "6201CB", 
	"deny_sds": [], 
	"receivebyte_dataitems": {
		"TJP_Activation": {
		"ref": true, 
		"firstbyte": 4, 
		"endian": "Little"
		}
	}, 
	"minbytes": 4, 
	"sentbytes": "2201CB"
	}, 
	{
	"name": "DataRead.MeasuredMotorCurrent", 
	"replybytes": "62012C", 
	"deny_sds": [], 
	"receivebyte_dataitems": {
		"MeasuredMotorCurrent": {
		"ref": true, 
		"firstbyte": 4
		}
	}, 
	"minbytes": 4, 
	"sentbytes": "22012C"
	}, 
	{
	"name": "DataRead.EPSRelativeSteeringWheelAngle", 
	"replybytes": "620100", 
	"deny_sds": [], 
	"receivebyte_dataitems": {
		"EPSRelativeSteeringWheelAngle": {
		"firstbyte": 4
		}
	}, 
	"minbytes": 5, 
	"sentbytes": "220100"
	}, 
	{
	"name": "DataRead.Internal fault code (for DTC)", 
	"replybytes": "620163", 
	"deny_sds": [], 
	"receivebyte_dataitems": {
		"Internal fault code (for DTC)": {
		"ref": true, 
		"firstbyte": 4
		}
	}, 
	"minbytes": 5, 
	"sentbytes": "220163"
	}, 
	{
	"name": "ECUReset.hardReset", 
	"deny_sds": [
		"nosds"
	], 
	"minbytes": 2, 
	"sentbytes": "1101", 
	"replybytes": "5101"
	}, 
	{
	"name": "DataRead.DongleError", 
	"replybytes": "620166", 
	"deny_sds": [], 
	"receivebyte_dataitems": {
		"DongleError": {
		"bitoffset": 6, 
		"firstbyte": 4
		}
	}, 
	"minbytes": 4, 
	"sentbytes": "220166"
	}, 
	{
	"name": "DataRead.WheelDiameterIndex", 
	"replybytes": "620168", 
	"deny_sds": [], 
	"receivebyte_dataitems": {
		"WheelDiameterIndex": {
		"ref": true, 
		"firstbyte": 4
		}
	}, 
	"minbytes": 4, 
	"sentbytes": "220168"
	}, 
	{
	"name": "DataRead.SAF_Mode_Activation", 
	"replybytes": "62C001", 
	"deny_sds": [], 
	"receivebyte_dataitems": {
		"SAF_Mode_Activation": {
		"bitoffset": 1, 
		"firstbyte": 4
		}
	}, 
	"minbytes": 4, 
	"sentbytes": "22C001"
	}, 
	{
	"name": "DataRead.Absolute steering wheel angle", 
	"replybytes": "620104", 
	"deny_sds": [], 
	"receivebyte_dataitems": {
		"Absolute steering wheel angle": {
		"ref": true, 
		"firstbyte": 4
		}
	}, 
	"minbytes": 5, 
	"sentbytes": "220104"
	}, 
	{
	"name": "DataWrite.ExternalAngleSensor", 
	"replybytes": "6E015A", 
	"deny_sds": [], 
	"manualsend": true, 
	"sendbyte_dataitems": {
		"ExternalAngleSensor": {
		"firstbyte": 4
		}
	}, 
	"minbytes": 3, 
	"sentbytes": "2E015A00"
	}, 
	{
	"name": "DataRead.InternalSteeringWheelVelocity", 
	"replybytes": "620185", 
	"deny_sds": [], 
	"receivebyte_dataitems": {
		"InternalSteeringWheelVelocity": {
		"ref": true, 
		"firstbyte": 4
		}
	}, 
	"minbytes": 5, 
	"sentbytes": "220185"
	}, 
	{
	"name": "DataWrite.AntiKickBack_Activation", 
	"replybytes": "6E01CA", 
	"deny_sds": [], 
	"sendbyte_dataitems": {
		"AntiKickBack_Activation": {
		"firstbyte": 4, 
		"endian": "Little"
		}
	}, 
	"minbytes": 3, 
	"sentbytes": "2E01CA00"
	}, 
	{
	"name": "DataWrite.HFP_BoostVehicleVoltage_Activation", 
	"replybytes": "6E0171", 
	"deny_sds": [], 
	"manualsend": true, 
	"sendbyte_dataitems": {
		"HFP_BoostVehicleVoltage_Activation": {
		"firstbyte": 4, 
		"endian": "Little"
		}
	}, 
	"minbytes": 3, 
	"sentbytes": "2E017100"
	}, 
	{
	"name": "DataRead.HFP_BoostVehicleVoltage_Value", 
	"replybytes": "620170", 
	"deny_sds": [], 
	"receivebyte_dataitems": {
		"HFP_BoostVehicleVoltage_Value": {
		"ref": true, 
		"firstbyte": 4
		}
	}, 
	"minbytes": 4, 
	"sentbytes": "220170"
	}, 
	{
	"name": "DataRead.DonglePairingCounter", 
	"replybytes": "620165", 
	"deny_sds": [], 
	"receivebyte_dataitems": {
		"DonglePairingCounter": {
		"bitoffset": 6, 
		"ref": true, 
		"firstbyte": 4
		}
	}, 
	"minbytes": 4, 
	"sentbytes": "220165"
	}, 
	{
	"name": "DataRead.systemSupplierECUSoftwareNumber", 
	"replybytes": "62F194", 
	"deny_sds": [], 
	"receivebyte_dataitems": {
		"systemSupplierECUSoftwareNumber": {
		"ref": true, 
		"firstbyte": 4
		}
	}, 
	"minbytes": 35, 
	"sentbytes": "22F194"
	}, 
	{
	"name": "DataRead.diagnosticVersion", 
	"replybytes": "62F1A0", 
	"deny_sds": [], 
	"receivebyte_dataitems": {
		"diagnosticVersion": {
		"ref": true, 
		"firstbyte": 4
		}
	}, 
	"minbytes": 4, 
	"sentbytes": "22F1A0"
	}, 
	{
	"name": "DataRead.CurrentlyActiveFunctions", 
	"replybytes": "6201EA", 
	"deny_sds": [], 
	"manualsend": true, 
	"receivebyte_dataitems": {
		"CurrentlyActiveFunctions": {
		"firstbyte": 4
		}
	}, 
	"minbytes": 4, 
	"sentbytes": "2201EA"
	}, 
	{
	"name": "DataRead.ClusterWarningLampCheck_Activation", 
	"replybytes": "6201C7", 
	"deny_sds": [], 
	"receivebyte_dataitems": {
		"ClusterWarningLampCheck_Activation": {
		"ref": true, 
		"firstbyte": 4, 
		"endian": "Little"
		}
	}, 
	"minbytes": 4, 
	"sentbytes": "2201C7"
	}, 
	{
	"name": "DataRead.ExternalAngleSensor", 
	"replybytes": "62015A", 
	"deny_sds": [], 
	"receivebyte_dataitems": {
		"ExternalAngleSensor": {
		"ref": true, 
		"firstbyte": 4
		}
	}, 
	"minbytes": 4, 
	"sentbytes": "22015A"
	}, 
	{
	"name": "DataWrite.HWP_Activation", 
	"replybytes": "6E01CC", 
	"deny_sds": [], 
	"sendbyte_dataitems": {
		"HWP_Activation": {
		"firstbyte": 4, 
		"endian": "Little"
		}
	}, 
	"minbytes": 3, 
	"sentbytes": "2E01CC00"
	}, 
	{
	"name": "DataRead.PullDrift_StaticCompensation_Value", 
	"replybytes": "6201CF", 
	"deny_sds": [], 
	"receivebyte_dataitems": {
		"PullDrift_StaticCompensation_Value": {
		"ref": true, 
		"firstbyte": 4
		}
	}, 
	"minbytes": 4, 
	"sentbytes": "2201CF"
	}, 
	{
	"name": "DataRead.SAF_RecoveryL2L_OccurencesCounter", 
	"replybytes": "62C002", 
	"deny_sds": [], 
	"receivebyte_dataitems": {
		"SAF_RecoveryL2L_OccurencesCounter": {
		"ref": true, 
		"firstbyte": 4
		}
	}, 
	"minbytes": 4, 
	"sentbytes": "22C002"
	}, 
	{
	"name": "DataWrite.PullDrift_StaticCompensation_Activation", 
	"replybytes": "6E01CE", 
	"deny_sds": [], 
	"sendbyte_dataitems": {
		"PullDrift_StaticCompensation_Activation": {
		"firstbyte": 4, 
		"endian": "Little"
		}
	}, 
	"minbytes": 3, 
	"sentbytes": "2E01CE00"
	}, 
	{
	"name": "DataRead.SAF_Zero", 
	"replybytes": "62C100", 
	"deny_sds": [], 
	"receivebyte_dataitems": {
		"SAF_Zero": {
		"ref": true, 
		"firstbyte": 4
		}
	}, 
	"minbytes": 5, 
	"sentbytes": "22C100"
	}, 
	{
	"name": "StartDiagnosticSession.Default", 
	"deny_sds": [], 
	"minbytes": 2, 
	"sentbytes": "1001", 
	"replybytes": "5001"
	}, 
	{
	"name": "DataRead.MultidriveTuningMap", 
	"replybytes": "620162", 
	"deny_sds": [], 
	"receivebyte_dataitems": {
		"MultidriveTuningMap": {
		"ref": true, 
		"firstbyte": 4
		}
	}, 
	"minbytes": 4, 
	"sentbytes": "220162"
	}, 
	{
	"name": "DataRead.vehicleManufacturerECUSoftwareNumber", 
	"replybytes": "62F188", 
	"deny_sds": [], 
	"receivebyte_dataitems": {
		"vehicleManufacturerECUSoftwareNumber": {
		"ref": true, 
		"firstbyte": 4
		}
	}, 
	"minbytes": 13, 
	"sentbytes": "22F188"
	}, 
	{
	"name": "DataRead.AntiKickBack currently active", 
	"replybytes": "6201E0", 
	"deny_sds": [], 
	"receivebyte_dataitems": {
		"AntiKickBack currently active": {
		"ref": true, 
		"firstbyte": 4
		}
	}, 
	"minbytes": 4, 
	"sentbytes": "2201E0"
	}, 
	{
	"name": "DataWrite.ExportedSWASWV_Activation", 
	"replybytes": "6E01CD", 
	"deny_sds": [], 
	"sendbyte_dataitems": {
		"ExportedSWASWV_Activation": {
		"firstbyte": 4, 
		"endian": "Little"
		}
	}, 
	"minbytes": 3, 
	"sentbytes": "2E01CD00"
	}, 
	{
	"name": "DataRead.SAF_Mode_Logistic", 
	"replybytes": "62C001", 
	"deny_sds": [], 
	"receivebyte_dataitems": {
		"SAF_Mode_Logistic": {
		"firstbyte": 4
		}
	}, 
	"minbytes": 4, 
	"sentbytes": "22C001"
	}, 
	{
	"name": "ReadDTCInformation.ReportNumberOfDTCByStatusMask", 
	"replybytes": "5901FF000000", 
	"deny_sds": [], 
	"receivebyte_dataitems": {
		"DTCCount": {
		"firstbyte": 5
		}, 
		"DTCFormatIdentifier": {
		"firstbyte": 4
		}, 
		"DTCStatusAvailabilityMask": {
		"firstbyte": 3
		}
	}, 
	"minbytes": 6, 
	"sentbytes": "1901FF"
	}, 
	{
	"name": "DataRead.LaneDepartureWarning currently active", 
	"replybytes": "6201E3", 
	"deny_sds": [], 
	"receivebyte_dataitems": {
		"LaneDepartureWarning currently active": {
		"firstbyte": 4
		}
	}, 
	"minbytes": 4, 
	"sentbytes": "2201E3"
	}, 
	{
	"name": "DataRead.MotorTemperature", 
	"replybytes": "62012D00", 
	"deny_sds": [], 
	"receivebyte_dataitems": {
		"MotorTemperature": {
		"ref": true, 
		"firstbyte": 4
		}
	}, 
	"minbytes": 4, 
	"sentbytes": "22012D"
	}, 
	{
	"name": "DataRead.Mileage", 
	"replybytes": "62F0D0", 
	"deny_sds": [], 
	"receivebyte_dataitems": {
		"Mileage": {
		"ref": true, 
		"firstbyte": 4
		}
	}, 
	"minbytes": 6, 
	"sentbytes": "22F0D0"
	}, 
	{
	"name": "DataRead.vehicleManufacturerECUHardwareNumber", 
	"replybytes": "62F191", 
	"deny_sds": [], 
	"receivebyte_dataitems": {
		"vehicleManufacturerECUHardwareNumber": {
		"ref": true, 
		"firstbyte": 4
		}
	}, 
	"minbytes": 13, 
	"sentbytes": "22F191"
	}, 
	{
	"name": "DataRead.DongleFrames_Activation", 
	"replybytes": "6201C3", 
	"deny_sds": [], 
	"receivebyte_dataitems": {
		"DongleFrames_Activation": {
		"ref": true, 
		"firstbyte": 4, 
		"endian": "Little"
		}
	}, 
	"minbytes": 4, 
	"sentbytes": "2201C3"
	}, 
	{
	"name": "DataRead.SAF_Mode_Zero", 
	"replybytes": "62C001", 
	"deny_sds": [], 
	"receivebyte_dataitems": {
		"SAF_Mode_Zero": {
		"bitoffset": 3, 
		"firstbyte": 4
		}
	}, 
	"minbytes": 4, 
	"sentbytes": "22C001"
	}, 
	{
	"name": "DataRead.AssistanceTorqueDemand", 
	"replybytes": "62011F", 
	"deny_sds": [], 
	"receivebyte_dataitems": {
		"AssistanceTorqueDemand": {
		"ref": true, 
		"firstbyte": 4
		}
	}, 
	"minbytes": 5, 
	"sentbytes": "22011F"
	}, 
	{
	"name": "DataRead.VehicleSpeed", 
	"replybytes": "6201D1", 
	"deny_sds": [], 
	"receivebyte_dataitems": {
		"VehicleSpeed": {
		"ref": true, 
		"firstbyte": 4
		}
	}, 
	"minbytes": 5, 
	"sentbytes": "2201D1"
	}, 
	{
	"name": "DataWrite.HFP_Activation", 
	"replybytes": "6E0182", 
	"deny_sds": [], 
	"sendbyte_dataitems": {
		"HFP_Activation": {
		"firstbyte": 4, 
		"endian": "Little"
		}
	}, 
	"minbytes": 3, 
	"sentbytes": "2E018200"
	}, 
	{
	"name": "DataWrite.ClusterWarningLampCheck_Activation", 
	"replybytes": "6E01C7", 
	"deny_sds": [], 
	"sendbyte_dataitems": {
		"ClusterWarningLampCheck_Activation": {
		"firstbyte": 4, 
		"endian": "Little"
		}
	}, 
	"minbytes": 3, 
	"sentbytes": "2E01C700"
	}, 
	{
	"name": "DataRead.OperationalReference", 
	"replybytes": "62F012", 
	"deny_sds": [], 
	"receivebyte_dataitems": {
		"OperationalReference": {
		"ref": true, 
		"firstbyte": 4
		}
	}, 
	"minbytes": 13, 
	"sentbytes": "22F012"
	}, 
	{
	"name": "DataRead.RackEndStop currently active", 
	"replybytes": "620151", 
	"deny_sds": [], 
	"receivebyte_dataitems": {
		"RackEndStop currently active": {
		"firstbyte": 4
		}
	}, 
	"minbytes": 4, 
	"sentbytes": "220151"
	}, 
	{
	"name": "DataRead.LKA_LDW_Activation", 
	"replybytes": "6201BD", 
	"deny_sds": [], 
	"receivebyte_dataitems": {
		"LKA_LDW_Activation": {
		"ref": true, 
		"firstbyte": 4, 
		"endian": "Little"
		}
	}, 
	"minbytes": 4, 
	"sentbytes": "2201BD"
	}, 
	{
	"name": "DataRead.ConfigurationFileReferenceLink_N", 
	"replybytes": "62F1A2", 
	"deny_sds": [], 
	"receivebyte_dataitems": {
		"ConfigurationFileReferenceLink_N": {
		"ref": true, 
		"firstbyte": 4
		}
	}, 
	"minbytes": 13, 
	"sentbytes": "22F1A2"
	}, 
	{
	"name": "DataWrite.PullDrift_DynamicCompensation_Activation", 
	"replybytes": "6E01D0", 
	"deny_sds": [], 
	"sendbyte_dataitems": {
		"PullDrift_DynamicCompensation_Activation": {
		"firstbyte": 4, 
		"endian": "Little"
		}
	}, 
	"minbytes": 3, 
	"sentbytes": "2E01D000"
	}, 
	{
	"name": "DataRead.MileageAtFirstOccurrence", 
	"replybytes": "6201E8", 
	"deny_sds": [], 
	"manualsend": true, 
	"receivebyte_dataitems": {
		"MileageAtFirstOccurrence": {
		"firstbyte": 4
		}
	}, 
	"minbytes": 6, 
	"sentbytes": "2201E8"
	}, 
	{
	"name": "DataRead.ECUSerialNumber", 
	"replybytes": "62F18C", 
	"deny_sds": [], 
	"receivebyte_dataitems": {
		"ECUSerialNumber": {
		"ref": true, 
		"firstbyte": 4
		}
	}, 
	"minbytes": 23, 
	"sentbytes": "22F18C"
	}, 
	{
	"name": "DataWrite.PullDrift_StaticCompensation_Value", 
	"replybytes": "6E01CF", 
	"deny_sds": [], 
	"manualsend": true, 
	"sendbyte_dataitems": {
		"PullDrift_StaticCompensation_Value": {
		"firstbyte": 4
		}
	}, 
	"minbytes": 3, 
	"sentbytes": "2E01CF00"
	}, 
	{
	"name": "DataRead.ExportedSWASWV_Activation", 
	"replybytes": "6201CD", 
	"deny_sds": [], 
	"receivebyte_dataitems": {
		"ExportedSWASWV_Activation": {
		"ref": true, 
		"firstbyte": 4, 
		"endian": "Little"
		}
	}, 
	"minbytes": 4, 
	"sentbytes": "2201CD"
	}, 
	{
	"name": "DataWrite.vehicleManufacturerECUSoftwareNumber", 
	"replybytes": "6EF188", 
	"deny_sds": [], 
	"manualsend": true, 
	"sendbyte_dataitems": {
		"vehicleManufacturerECUSoftwareNumber": {
		"firstbyte": 4
		}
	}, 
	"minbytes": 3, 
	"sentbytes": "2EF18800000000000000000000"
	}, 
	{
	"name": "DataWrite.MultiDrive_Activation", 
	"replybytes": "6E017D", 
	"deny_sds": [], 
	"sendbyte_dataitems": {
		"MultiDrive_Activation": {
		"firstbyte": 4, 
		"endian": "Little"
		}
	}, 
	"minbytes": 3, 
	"sentbytes": "2E017D00"
	}, 
	{
	"name": "ReadDTCInformation.ReportSupportedDTC", 
	"replybytes": "590AFF00000000", 
	"deny_sds": [], 
	"receivebyte_dataitems": {
		"DTCFailureType": {
		"firstbyte": 6
		}, 
		"StatusOfDTC": {
		"firstbyte": 7
		}, 
		"DTCStatusAvailabilityMask": {
		"firstbyte": 3
		}, 
		"DTCDeviceIdentifier": {
		"firstbyte": 4
		}
	}, 
	"minbytes": 3, 
	"sentbytes": "190A", 
	"shiftbytescount": 4
	}, 
	{
	"name": "DataRead.systemSupplierECUSoftwareVersionNumber", 
	"replybytes": "62F195", 
	"deny_sds": [], 
	"receivebyte_dataitems": {
		"systemSupplierECUSoftwareVersionNumber": {
		"ref": true, 
		"firstbyte": 4
		}
	}, 
	"minbytes": 35, 
	"sentbytes": "22F195"
	}, 
	{
	"name": "DataRead.EngineStatus", 
	"replybytes": "6201D2", 
	"deny_sds": [], 
	"receivebyte_dataitems": {
		"EngineStatus": {
		"ref": true, 
		"firstbyte": 4
		}
	}, 
	"minbytes": 4, 
	"sentbytes": "2201D2"
	}, 
	{
	"name": "DataRead.PullDrift_DynamicCompensation_Activation", 
	"replybytes": "6201D0", 
	"deny_sds": [], 
	"receivebyte_dataitems": {
		"PullDrift_DynamicCompensation_Activation": {
		"ref": true, 
		"firstbyte": 4, 
		"endian": "Little"
		}
	}, 
	"minbytes": 4, 
	"sentbytes": "2201D0"
	}, 
	{
	"name": "DataWrite.DongleFrames_Activation", 
	"replybytes": "6E01C3", 
	"deny_sds": [], 
	"sendbyte_dataitems": {
		"DongleFrames_Activation": {
		"firstbyte": 4, 
		"endian": "Little"
		}
	}, 
	"minbytes": 3, 
	"sentbytes": "2E01C300"
	}, 
	{
	"name": "DataRead.HFP_BoostVehicleVoltage_Activation", 
	"replybytes": "620171", 
	"deny_sds": [], 
	"receivebyte_dataitems": {
		"HFP_BoostVehicleVoltage_Activation": {
		"ref": true, 
		"firstbyte": 4, 
		"endian": "Little"
		}
	}, 
	"minbytes": 4, 
	"sentbytes": "220171"
	}, 
	{
	"name": "SAF.AngleCalibration", 
	"replybytes": "71010201", 
	"deny_sds": [
		"nosds", 
		"plant", 
		"aftersales"
	], 
	"sendbyte_dataitems": {
		"SAF_Job2Diag_Angle_Input": {
		"firstbyte": 5
		}
	}, 
	"minbytes": 1, 
	"sentbytes": "3101F9000000"
	}, 
	{
	"name": "DataWrite.SAF_Activation", 
	"replybytes": "6EC000", 
	"deny_sds": [], 
	"sendbyte_dataitems": {
		"SAF_Activation": {
		"firstbyte": 4, 
		"endian": "Little"
		}
	}, 
	"minbytes": 3, 
	"sentbytes": "2EC00000"
	}, 
	{
	"name": "DataRead.IgnitionStatus", 
	"replybytes": "620131", 
	"deny_sds": [], 
	"receivebyte_dataitems": {
		"IgnitionStatus": {
		"ref": true, 
		"firstbyte": 4, 
		"endian": "Little"
		}
	}, 
	"minbytes": 4, 
	"sentbytes": "220131"
	}, 
	{
	"name": "DataRead.EPSDongleState", 
	"replybytes": "620164", 
	"deny_sds": [], 
	"receivebyte_dataitems": {
		"EPSDongleState": {
		"bitoffset": 6, 
		"firstbyte": 4
		}
	}, 
	"minbytes": 4, 
	"sentbytes": "220164"
	}, 
	{
	"name": "DataRead.PullDriftCompensation currently active", 
	"replybytes": "6201E6", 
	"deny_sds": [], 
	"receivebyte_dataitems": {
		"PullDriftCompensation currently active": {
		"ref": true, 
		"firstbyte": 4
		}
	}, 
	"minbytes": 4, 
	"sentbytes": "2201E6"
	}, 
	{
	"name": "DataRead.SAF_Mode_RackStroke", 
	"replybytes": "62C001", 
	"deny_sds": [], 
	"receivebyte_dataitems": {
		"SAF_Mode_RackStroke": {
		"bitoffset": 2, 
		"firstbyte": 4
		}
	}, 
	"minbytes": 4, 
	"sentbytes": "22C001"
	}, 
	{
	"name": "DataRead.MotorCurrentDemand", 
	"replybytes": "620113", 
	"deny_sds": [], 
	"receivebyte_dataitems": {
		"MotorCurrentDemand": {
		"ref": true, 
		"firstbyte": 4
		}
	}, 
	"minbytes": 4, 
	"sentbytes": "220113"
	}, 
	{
	"name": "DataRead.AntiKickBack_Activation", 
	"replybytes": "6201CA", 
	"deny_sds": [], 
	"receivebyte_dataitems": {
		"AntiKickBack_Activation": {
		"ref": true, 
		"firstbyte": 4, 
		"endian": "Little"
		}
	}, 
	"minbytes": 4, 
	"sentbytes": "2201CA"
	}, 
	{
	"name": "DataRead.ECUTemperature", 
	"replybytes": "62012E00", 
	"deny_sds": [], 
	"receivebyte_dataitems": {
		"ECUTemperature": {
		"ref": true, 
		"firstbyte": 4
		}
	}, 
	"minbytes": 4, 
	"sentbytes": "22012E"
	}, 
	{
	"name": "ReadDTCInformation.ReportDTCSnapshotIdentification", 
	"replybytes": "5903000000FF", 
	"deny_sds": [], 
	"receivebyte_dataitems": {
		"DTCRecord": {
		"firstbyte": 3
		}, 
		"StatusOfDTC": {
		"firstbyte": 6
		}
	}, 
	"sendbyte_dataitems": {
		"DTCMaskRecord": {
		"firstbyte": 3
		}
	}, 
	"minbytes": 6, 
	"sentbytes": "1903000000FF"
	}, 
	{
	"name": "DataRead.RackEndStop_Activation", 
	"replybytes": "62012A", 
	"deny_sds": [], 
	"receivebyte_dataitems": {
		"RackEndStop_Activation": {
		"ref": true, 
		"firstbyte": 4, 
		"endian": "Little"
		}
	}, 
	"minbytes": 4, 
	"sentbytes": "22012A"
	}, 
	{
	"name": "DataRead.HFP_Activation", 
	"replybytes": "620182", 
	"deny_sds": [], 
	"receivebyte_dataitems": {
		"HFP_Activation": {
		"ref": true, 
		"firstbyte": 4, 
		"endian": "Little"
		}
	}, 
	"minbytes": 4, 
	"sentbytes": "220182"
	}, 
	{
	"name": "DataRead.vehicleManufacturerSparePartNumber", 
	"replybytes": "62F187", 
	"deny_sds": [], 
	"receivebyte_dataitems": {
		"vehicleManufacturerSparePartNumber": {
		"ref": true, 
		"firstbyte": 4
		}
	}, 
	"minbytes": 13, 
	"sentbytes": "22F187"
	}, 
	{
	"name": "DataRead.MaxCPULoad", 
	"replybytes": "620169", 
	"deny_sds": [], 
	"receivebyte_dataitems": {
		"MaxCPULoad": {
		"firstbyte": 4
		}
	}, 
	"minbytes": 4, 
	"sentbytes": "220169"
	}, 
	{
	"name": "DataRead.VehicleManufacturerSparePartNumber_N", 
	"replybytes": "62F1A1", 
	"deny_sds": [], 
	"receivebyte_dataitems": {
		"VehicleManufacturerSparePartNumber_N": {
		"ref": true, 
		"firstbyte": 4
		}
	}, 
	"minbytes": 13, 
	"sentbytes": "22F1A1"
	}, 
	{
	"name": "ReadDTCInformation.ReportSnapshot", 
	"replybytes": "590400000001", 
	"deny_sds": [], 
	"receivebyte_dataitems": {
		"DTCRecord": {
		"firstbyte": 3
		}, 
		"StatusOfDTC": {
		"firstbyte": 6
		}
	}, 
	"sendbyte_dataitems": {
		"DTCMaskRecord": {
		"firstbyte": 3
		}
	}, 
	"minbytes": 6, 
	"sentbytes": "190400000001"
	}, 
	{
	"name": "DataRead.SAF_Mode", 
	"replybytes": "62C001", 
	"deny_sds": [], 
	"receivebyte_dataitems": {
		"SAF_Mode": {
		"ref": true, 
		"firstbyte": 4
		}
	}, 
	"minbytes": 4, 
	"sentbytes": "22C001"
	}, 
	{
	"name": "DataWrite.SAF_Zero", 
	"replybytes": "6EC100", 
	"deny_sds": [], 
	"sendbyte_dataitems": {
		"SAF_Zero": {
		"firstbyte": 4
		}
	}, 
	"minbytes": 3, 
	"sentbytes": "2EC1000000"
	}, 
	{
	"name": "DataRead.SAF_Mode_State", 
	"replybytes": "62C001", 
	"deny_sds": [], 
	"receivebyte_dataitems": {
		"SAF_Mode_State": {
		"firstbyte": 4
		}
	}, 
	"minbytes": 4, 
	"sentbytes": "22C001"
	}, 
	{
	"name": "SAF.LogisticMode.Activation", 
	"deny_sds": [
		"nosds", 
		"aftersales"
	], 
	"minbytes": 1, 
	"sentbytes": "3101F903", 
	"replybytes": "71010201"
	}, 
	{
	"name": "DataWrite.VIN", 
	"replybytes": "6EF190", 
	"deny_sds": [], 
	"sendbyte_dataitems": {
		"VIN": {
		"firstbyte": 4
		}
	}, 
	"minbytes": 3, 
	"sentbytes": "2EF1900000000000000000000000000000000000"
	}, 
	{
	"name": "SRBILD.DongleBlanking.Status", 
	"replybytes": "7102", 
	"deny_sds": [], 
	"receivebyte_dataitems": {
		"DongleBlanking.Status": {
		"firstbyte": 3
		}
	}, 
	"minbytes": 3, 
	"sentbytes": "3102010000"
	}, 
	{
	"name": "DataRead.BootVersion", 
	"replybytes": "62F180", 
	"deny_sds": [], 
	"receivebyte_dataitems": {
		"BootVersion": {
		"ref": true, 
		"firstbyte": 4
		}
	}, 
	"minbytes": 35, 
	"sentbytes": "22F180"
	}, 
	{
	"name": "DataWrite.CrankingStoppedMode_Activation", 
	"replybytes": "6E01C6", 
	"deny_sds": [], 
	"sendbyte_dataitems": {
		"CrankingStoppedMode_Activation": {
		"firstbyte": 4, 
		"endian": "Little"
		}
	}, 
	"minbytes": 3, 
	"sentbytes": "2E01C600"
	}, 
	{
	"name": "DataRead.CoastStop_IdleStop_Activation", 
	"replybytes": "6201E7", 
	"deny_sds": [], 
	"receivebyte_dataitems": {
		"CoastStop_IdleStop_Activation": {
		"ref": true, 
		"firstbyte": 4, 
		"endian": "Little"
		}
	}, 
	"minbytes": 4, 
	"sentbytes": "2201E7"
	}, 
	{
	"name": "DataRead.LaneKeepingAssist currently active", 
	"replybytes": "6201E2", 
	"deny_sds": [], 
	"receivebyte_dataitems": {
		"LaneKeepingAssist currently active": {
		"firstbyte": 4
		}
	}, 
	"minbytes": 4, 
	"sentbytes": "2201E2"
	}, 
	{
	"name": "DataRead.Steering wheel angle offset", 
	"replybytes": "620103", 
	"deny_sds": [], 
	"receivebyte_dataitems": {
		"Steering wheel angle offset": {
		"ref": true, 
		"firstbyte": 4
		}
	}, 
	"minbytes": 4, 
	"sentbytes": "220103"
	}, 
	{
	"name": "DataRead.EPSWarning", 
	"replybytes": "62011A", 
	"deny_sds": [], 
	"receivebyte_dataitems": {
		"EPSWarning": {
		"firstbyte": 4
		}
	}, 
	"minbytes": 4, 
	"sentbytes": "22011A"
	}, 
	{
	"name": "ECUReset.SoftReset", 
	"deny_sds": [
		"nosds"
	], 
	"minbytes": 2, 
	"sentbytes": "1103", 
	"replybytes": "5103"
	}, 
	{
	"name": "DataWrite.TJP_Activation", 
	"replybytes": "6E01CB", 
	"deny_sds": [], 
	"sendbyte_dataitems": {
		"TJP_Activation": {
		"firstbyte": 4, 
		"endian": "Little"
		}
	}, 
	"minbytes": 3, 
	"sentbytes": "2E01CB00"
	}, 
	{
	"name": "DataWrite.WheelDiameterIndex", 
	"replybytes": "6E0168", 
	"deny_sds": [], 
	"manualsend": true, 
	"sendbyte_dataitems": {
		"WheelDiameterIndex": {
		"firstbyte": 4
		}
	}, 
	"minbytes": 3, 
	"sentbytes": "2E016800"
	}, 
	{
	"name": "ECUReset.KeyOffOnReset", 
	"deny_sds": [
		"nosds"
	], 
	"minbytes": 2, 
	"sentbytes": "1102", 
	"replybytes": "5102"
	}, 
	{
	"name": "ClearDiagnosticInformation.All", 
	"deny_sds": [], 
	"minbytes": 1, 
	"sentbytes": "14FFFFFF", 
	"replybytes": "54"
	}, 
	{
	"name": "DataRead.Steering wheel angle sensor internal status", 
	"replybytes": "620102", 
	"deny_sds": [], 
	"receivebyte_dataitems": {
		"Steering wheel angle sensor internal status": {
		"ref": true, 
		"firstbyte": 4
		}
	}, 
	"minbytes": 4, 
	"sentbytes": "220102"
	}, 
	{
	"name": "DataWrite.HFP_EnhancedDiagnostic_Activation", 
	"replybytes": "6E014C", 
	"deny_sds": [], 
	"sendbyte_dataitems": {
		"HFP_EnhancedDiagnostic_Activation": {
		"firstbyte": 4, 
		"endian": "Little"
		}
	}, 
	"minbytes": 3, 
	"sentbytes": "2E014C00"
	}, 
	{
	"name": "TesterPresent.WithResponse", 
	"deny_sds": [], 
	"minbytes": 1, 
	"sentbytes": "3E00", 
	"replybytes": "7E"
	}, 
	{
	"name": "DataWrite.HFP_BoostVehicleVoltage_Value", 
	"replybytes": "6E0170", 
	"deny_sds": [], 
	"manualsend": true, 
	"sendbyte_dataitems": {
		"HFP_BoostVehicleVoltage_Value": {
		"firstbyte": 4
		}
	}, 
	"minbytes": 3, 
	"sentbytes": "2E017000"
	}, 
	{
	"name": "DataRead.MultiDrive_Activation", 
	"replybytes": "62017D", 
	"deny_sds": [], 
	"receivebyte_dataitems": {
		"MultiDrive_Activation": {
		"ref": true, 
		"firstbyte": 4, 
		"endian": "Little"
		}
	}, 
	"minbytes": 4, 
	"sentbytes": "22017D"
	}, 
	{
	"name": "DataRead.SAF_RackStroke_Reference", 
	"replybytes": "62C010", 
	"deny_sds": [], 
	"receivebyte_dataitems": {
		"SAF_RackStroke_Reference": {
		"ref": true, 
		"firstbyte": 4
		}
	}, 
	"minbytes": 5, 
	"sentbytes": "22C010"
	}, 
	{
	"name": "SRBILD.DongleBlanking.Request", 
	"replybytes": "710103", 
	"deny_sds": [], 
	"sendbyte_dataitems": {
		"Dongle.Code": {
		"firstbyte": 5
		}
	}, 
	"minbytes": 3, 
	"sentbytes": "310103070000"
	}, 
	{
	"name": "DataRead.HWP_Activation", 
	"replybytes": "6201CC", 
	"deny_sds": [], 
	"receivebyte_dataitems": {
		"HWP_Activation": {
		"ref": true, 
		"firstbyte": 4, 
		"endian": "Little"
		}
	}, 
	"minbytes": 4, 
	"sentbytes": "2201CC"
	}, 
	{
	"name": "DataRead.PullDrift_StaticCompensation_Activation", 
	"replybytes": "6201CE", 
	"deny_sds": [], 
	"receivebyte_dataitems": {
		"PullDrift_StaticCompensation_Activation": {
		"ref": true, 
		"firstbyte": 4, 
		"endian": "Little"
		}
	}, 
	"minbytes": 4, 
	"sentbytes": "2201CE"
	}, 
	{
	"name": "DataRead.BatteryCurrent", 
	"replybytes": "620173", 
	"deny_sds": [], 
	"receivebyte_dataitems": {
		"BatteryCurrent": {
		"ref": true, 
		"firstbyte": 4
		}
	}, 
	"minbytes": 4, 
	"sentbytes": "220173"
	}, 
	{
	"name": "DataRead.Steering wheel velocity", 
	"replybytes": "620101", 
	"deny_sds": [], 
	"receivebyte_dataitems": {
		"Steering wheel velocity": {
		"ref": true, 
		"firstbyte": 4
		}
	}, 
	"minbytes": 5, 
	"sentbytes": "220101"
	}, 
	{
	"name": "StartDiagnosticSession.Programming", 
	"deny_sds": [], 
	"minbytes": 2, 
	"sentbytes": "1002", 
	"replybytes": "5002"
	}, 
	{
	"name": "DataRead.ESP Activation", 
	"replybytes": "62C200", 
	"deny_sds": [], 
	"receivebyte_dataitems": {
		"ESP Activation": {
		"ref": true, 
		"firstbyte": 4, 
		"endian": "Little"
		}
	}, 
	"minbytes": 4, 
	"sentbytes": "22C200"
	}, 
	{
	"name": "DataWrite.CoastStop_IdleStop_Activation", 
	"replybytes": "6E01E7", 
	"deny_sds": [], 
	"manualsend": true, 
	"sendbyte_dataitems": {
		"CoastStop_IdleStop_Activation": {
		"firstbyte": 4, 
		"endian": "Little"
		}
	}, 
	"minbytes": 3, 
	"sentbytes": "2E01E700"
	}, 
	{
	"name": "DataWrite.ConfigurationFileReferenceLink_N", 
	"replybytes": "6EF1A2", 
	"deny_sds": [], 
	"manualsend": true, 
	"sendbyte_dataitems": {
		"ConfigurationFileReferenceLink_N": {
		"firstbyte": 4
		}
	}, 
	"minbytes": 3, 
	"sentbytes": "2EF1A200000000000000000000"
	}, 
	{
	"name": "DataWrite.ESP Activation", 
	"replybytes": "6EC200", 
	"deny_sds": [], 
	"manualsend": true, 
	"sendbyte_dataitems": {
		"ESP Activation": {
		"firstbyte": 4, 
		"endian": "Little"
		}
	}, 
	"minbytes": 3, 
	"sentbytes": "2EC20000"
	}, 
	{
	"name": "DataRead.AssistanceLevel", 
	"replybytes": "62011500", 
	"deny_sds": [], 
	"receivebyte_dataitems": {
		"AssistanceLevel": {
		"ref": true, 
		"firstbyte": 4
		}
	}, 
	"minbytes": 4, 
	"sentbytes": "220115"
	}, 
	{
	"name": "DataRead.TrafficJamPilot currently active", 
	"replybytes": "6201E4", 
	"deny_sds": [], 
	"receivebyte_dataitems": {
		"TrafficJamPilot currently active": {
		"firstbyte": 4
		}
	}, 
	"minbytes": 4, 
	"sentbytes": "2201E4"
	}, 
	{
	"name": "DataRead.ISS Status", 
	"replybytes": "6201C8", 
	"deny_sds": [], 
	"receivebyte_dataitems": {
		"ISS Status": {
		"ref": true, 
		"firstbyte": 4
		}
	}, 
	"minbytes": 4, 
	"sentbytes": "2201C8"
	}, 
	{
	"name": "DataRead.InputTorque", 
	"replybytes": "620112", 
	"deny_sds": [], 
	"receivebyte_dataitems": {
		"InputTorque": {
		"ref": true, 
		"firstbyte": 4
		}
	}, 
	"minbytes": 5, 
	"sentbytes": "220112"
	}, 
	{
	"name": "DataRead.DeratingAssistanceLevel", 
	"replybytes": "620160", 
	"deny_sds": [], 
	"receivebyte_dataitems": {
		"DeratingAssistanceLevel": {
		"ref": true, 
		"firstbyte": 4
		}
	}, 
	"minbytes": 4, 
	"sentbytes": "220160"
	}, 
	{
	"name": "DataRead.HandFreeParking currently active", 
	"replybytes": "6201E1", 
	"deny_sds": [], 
	"receivebyte_dataitems": {
		"HandFreeParking currently active": {
		"firstbyte": 4
		}
	}, 
	"minbytes": 4, 
	"sentbytes": "2201E1"
	}, 
	{
	"name": "DataRead.SAF_Activation", 
	"replybytes": "62C000", 
	"deny_sds": [], 
	"receivebyte_dataitems": {
		"SAF_Activation": {
		"ref": true, 
		"firstbyte": 4, 
		"endian": "Little"
		}
	}, 
	"minbytes": 4, 
	"sentbytes": "22C000"
	}, 
	{
	"name": "DataWrite.LKA_LDW_Activation", 
	"replybytes": "6E01BD", 
	"deny_sds": [], 
	"sendbyte_dataitems": {
		"LKA_LDW_Activation": {
		"firstbyte": 4, 
		"endian": "Little"
		}
	}, 
	"minbytes": 3, 
	"sentbytes": "2E01BD00"
	}, 
	{
	"name": "DataWrite.SAF_Mode", 
	"replybytes": "6EC001", 
	"deny_sds": [], 
	"manualsend": true, 
	"sendbyte_dataitems": {
		"SAF_Mode": {
		"firstbyte": 4
		}
	}, 
	"minbytes": 3, 
	"sentbytes": "2EC00100"
	}, 
	{
	"name": "DataRead.HFP_EnhancedDiagnostic_Activation", 
	"replybytes": "62014C", 
	"deny_sds": [], 
	"receivebyte_dataitems": {
		"HFP_EnhancedDiagnostic_Activation": {
		"ref": true, 
		"firstbyte": 4, 
		"endian": "Little"
		}
	}, 
	"minbytes": 4, 
	"sentbytes": "22014C"
	}, 
	{
	"name": "ReadDTCInformation.ReportDTC", 
	"replybytes": "59020000000000", 
	"deny_sds": [], 
	"receivebyte_dataitems": {
		"DTCStatus.testFailedSinceLastClear": {
		"bitoffset": 2, 
		"firstbyte": 7
		}, 
		"DTCStatus.pendingDTC": {
		"bitoffset": 5, 
		"firstbyte": 7
		}, 
		"DTCStatus.confirmedDTC": {
		"bitoffset": 4, 
		"firstbyte": 7
		}, 
		"DTCDeviceAndFailureTypeOBD": {
		"firstbyte": 4
		}, 
		"DTCFailureType.ManufacturerOrSupplier": {
		"bitoffset": 4, 
		"firstbyte": 6
		}, 
		"DTCFailureType.Category": {
		"firstbyte": 6
		}, 
		"DTCFailureType": {
		"firstbyte": 6
		}, 
		"DTCStatus.testNotCompletedSinceLastClear": {
		"bitoffset": 3, 
		"firstbyte": 7
		}, 
		"DTCStatus.testNotCompletedThisMonitoringCycle": {
		"bitoffset": 1, 
		"firstbyte": 7
		}, 
		"DTCStatusAvailabilityMask": {
		"firstbyte": 3
		}, 
		"DTCStatus.warningIndicatorRequested": {
		"firstbyte": 7
		}, 
		"StatusOfDTC": {
		"firstbyte": 7
		}, 
		"DTCStatus.testFailedThisMonitoringCycle": {
		"bitoffset": 6, 
		"firstbyte": 7
		}, 
		"DTCStatus.testFailed": {
		"bitoffset": 7, 
		"firstbyte": 7
		}, 
		"DTCDeviceIdentifier": {
		"firstbyte": 4
		}
	}, 
	"minbytes": 3, 
	"sentbytes": "1902FF", 
	"shiftbytescount": 4
	}, 
	{
	"name": "SAF.Decalibration", 
	"deny_sds": [
		"nosds", 
		"plant", 
		"aftersales"
	], 
	"minbytes": 1, 
	"sentbytes": "3101F902", 
	"replybytes": "71010201"
	}, 
	{
	"name": "DataWrite.AbsoluteSteeringWheelAngleCalibration_Activation", 
	"replybytes": "6E01EB", 
	"deny_sds": [], 
	"manualsend": true, 
	"sendbyte_dataitems": {
		"AbsoluteSteeringWheelAngleCalibration_Activation": {
		"firstbyte": 4
		}
	}, 
	"minbytes": 3, 
	"sentbytes": "2E01EB00"
	}, 
	{
	"name": "DataRead.HighwayPilot currently active", 
	"replybytes": "6201E5", 
	"deny_sds": [], 
	"receivebyte_dataitems": {
		"HighwayPilot currently active": {
		"firstbyte": 4
		}
	}, 
	"minbytes": 4, 
	"sentbytes": "2201E5"
	}, 
	{
	"name": "DataRead.IndexSrvData", 
	"replybytes": "62F011", 
	"deny_sds": [], 
	"receivebyte_dataitems": {
		"IndexSrvData": {
		"ref": true, 
		"firstbyte": 4
		}
	}, 
	"minbytes": 13, 
	"sentbytes": "22F011"
	}, 
	{
	"name": "DataRead.SystemMode", 
	"replybytes": "62011900", 
	"deny_sds": [], 
	"receivebyte_dataitems": {
		"SystemMode": {
		"ref": true, 
		"firstbyte": 4
		}
	}, 
	"minbytes": 4, 
	"sentbytes": "220119"
	}, 
	{
	"name": "DataRead.SAF_RackStroke_FromRecovery", 
	"replybytes": "62C011", 
	"deny_sds": [], 
	"receivebyte_dataitems": {
		"SAF_RackStroke_FromRecovery": {
		"ref": true, 
		"firstbyte": 4
		}
	}, 
	"minbytes": 5, 
	"sentbytes": "22C011"
	}, 
	{
	"name": "DataWrite.RackEndStop_Activation", 
	"replybytes": "6E012A", 
	"deny_sds": [], 
	"manualsend": true, 
	"sendbyte_dataitems": {
		"RackEndStop_Activation": {
		"firstbyte": 4, 
		"endian": "Little"
		}
	}, 
	"minbytes": 3, 
	"sentbytes": "2E012A00"
	}, 
	{
	"name": "DataRead.CrankingStoppedMode_Activation", 
	"replybytes": "6201C6", 
	"deny_sds": [], 
	"receivebyte_dataitems": {
		"CrankingStoppedMode_Activation": {
		"ref": true, 
		"firstbyte": 4, 
		"endian": "Little"
		}
	}, 
	"minbytes": 4, 
	"sentbytes": "2201C6"
	}
], 
"data": {
	"DTCExtendedDataRecordNumber": {
	"lists": {
		"128": "Mileage", 
		"129": "AgingCounter", 
		"130": "DTCOccurrenceCounter"
	}
	}, 
	"Dongle.Code": {
	"bytescount": 2, 
	"byte": true, 
	"bitscount": 16
	}, 
	"AssistanceTorqueDemand": {
	"bitscount": 16, 
	"scaled": true, 
	"step": 0.1, 
	"bytescount": 2, 
	"offset": -20.0, 
	"unit": "Nm"
	}, 
	"DeratingAssistanceLevel": {
	"scaled": true, 
	"unit": "%"
	}, 
	"HFP_BoostVehicleVoltage_Activation": {
	"bitscount": 1, 
	"lists": {
		"0": "Disabled", 
		"1": "Enabled"
	}
	}, 
	"OperationalReference": {
	"bytesascii": true, 
	"bytescount": 10, 
	"byte": true, 
	"bitscount": 80
	}, 
	"DongleFrames_Activation": {
	"bitscount": 1, 
	"lists": {
		"0": "Dongle frames not sent", 
		"1": "Dongle frames sent"
	}
	}, 
	"SAF_Job2Diag_Angle_Input": {
	"comment": "Angle to simulate Job2Diag information sent by PEV station, in Plant Init SAF step", 
	"bitscount": 16, 
	"scaled": true, 
	"step": 0.1, 
	"bytescount": 2, 
	"offset": -3276.7, 
	"unit": "\u00b0"
	}, 
	"DebugInfo_snapshot": {
	"comment": "Internal Fault Code dependent content", 
	"bytescount": 6, 
	"byte": true, 
	"bitscount": 48
	}, 
	"BootVersion": {
	"bytescount": 32, 
	"byte": true, 
	"bitscount": 256
	}, 
	"BatteryCurrent": {
	"scaled": true, 
	"step": 0.5, 
	"unit": "A"
	}, 
	"MotorCurrentDemand": {
	"scaled": true, 
	"unit": "A", 
	"offset": -127.0
	}, 
	"systemSupplierIdentifier": {
	"bytesascii": true, 
	"bytescount": 4, 
	"byte": true, 
	"bitscount": 32, 
	"comment": "Name and address information of the supplier."
	}, 
	"LaneDepartureWarning currently active": {
	"bitscount": 1, 
	"lists": {
		"0": "Not active", 
		"1": "Active"
	}
	}, 
	"DTCDeviceIdentifier": {
	"bytescount": 2, 
	"bitscount": 16, 
	"lists": {
		"53248": "CAN Signal Absent/Mute/Buss Off Fault", 
		"22017": "Battery Voltage Fault", 
		"22020": "EPS_TorqueSensor", 
		"22022": "EPS_Motor", 
		"22024": "EPS_ECU", 
		"22037": "EPS Fault - Derating (H)EPS thermal protection Controller", 
		"22038": "EPS Fault - Derating (H)EPS thermal protection Motor", 
		"22039": "Inconsistent LKA request", 
		"22040": "EPS_ECU_SAF", 
		"22042": "CAN Signal Invalid (ABS/VDC - Wheel speed)", 
		"22043": "CAN Signal Invalid (ABS/VDC - Vehicle speed)", 
		"22044": "CAN Steering Wheel Angle fault (STRG) Invalid", 
		"22046": "CAN Signal Invalid (G sensor)", 
		"22047": "CAN Signal Invalid (IVI - MultiDriveMode_EPS)", 
		"54049": "EPS Fault - ECU Not configured", 
		"54050": "EPS Fault ECU Missing Calibration", 
		"22051": "CAN signal Invalid (ECM)", 
		"22052": "Very_soft_ramp_down", 
		"49446": "CAN Steering Wheel Angle fault (STRG) Absent", 
		"49192": "CAN Signal Mute Fault", 
		"57664": "Lost Communication - CAN Frame fault (ECM)", 
		"22049": "CAN Signal Invalid (BCM - GADE)", 
		"57672": "Lost Communication - CAN Frame fault (ABS/VDC/G sensor)", 
		"57679": "Lost Communication - CAN Frame fault (BCM)", 
		"57684": "Lost Communication - CAN Frame fault (IVI)", 
		"50216": "CAN Steering Wheel Angle fault (STRG) Clock Incorrect", 
		"49960": "CAN Steering Wheel Angle fault (STRG) Checksum incorrect", 
		"49267": "CAN BUSS OFF Fault"
	}
	}, 
	"vehicleManufacturerSparePartNumber": {
	"bytesascii": true, 
	"bytescount": 10, 
	"byte": true, 
	"bitscount": 80
	}, 
	"CAN_DTC_filter": {
	"scaled": true, 
	"bitscount": 1
	}, 
	"ConfigurationFileReferenceLink_N": {
	"bytesascii": true, 
	"bytescount": 10, 
	"byte": true, 
	"bitscount": 80
	}, 
	"VIN": {
	"bytesascii": true, 
	"bytescount": 17, 
	"byte": true, 
	"bitscount": 136
	}, 
	"HandFreeParking currently active": {
	"bitscount": 1, 
	"lists": {
		"0": "Function not running", 
		"1": "Function currently running"
	}
	}, 
	"ISS Status": {
	"bitscount": 2, 
	"lists": {
		"0": "00: Not Stop Auto Phase", 
		"1": "01: Auto Start", 
		"2": "10: Idle Stop", 
		"3": "11: Auto Phase Aborted"
	}
	}, 
	"DTCStatus.testNotCompletedSinceLastClear": {
	"bitscount": 1, 
	"lists": {
		"0": "No", 
		"1": "Yes"
	}
	}, 
	"HFP_BoostVehicleVoltage_Value": {
	"scaled": true, 
	"step": 0.25, 
	"bitscount": 4, 
	"unit": "V", 
	"offset": 11.5
	}, 
	"SAF_Mode_Activation": {
	"bitscount": 1, 
	"lists": {
		"0": "Disabled", 
		"1": "Enabled"
	}
	}, 
	"SAF_Mode": {
	"scaled": true, 
	"format": "bin"
	}, 
	"Absolute steering wheel angle": {
	"comment": "cf. Spec DiagOnCAN: SteeringWheelAngle", 
	"divideby": 10.0, 
	"bitscount": 16, 
	"scaled": true, 
	"bytescount": 2, 
	"offset": -32767.0, 
	"unit": "\u00b0"
	}, 
	"HighwayPilot currently active": {
	"bitscount": 1, 
	"lists": {
		"0": "Not active", 
		"1": "Active"
	}
	}, 
	"IndexSrvData": {
	"bytesascii": true, 
	"bytescount": 10, 
	"byte": true, 
	"bitscount": 80
	}, 
	"DTCExtendedData.Mileage": {
	"scaled": true, 
	"bytescount": 3, 
	"bitscount": 24, 
	"unit": "km"
	}, 
	"ExternalAngleSensor": {
	"bitscount": 1, 
	"lists": {
		"0": "Disabled", 
		"1": "Enabled"
	}
	}, 
	"LaneKeepingAssist currently active": {
	"bitscount": 1, 
	"lists": {
		"0": "Not active", 
		"1": "Active"
	}
	}, 
	"PullDrift_StaticCompensation_Value": {
	"scaled": true, 
	"step": 0.1, 
	"offset": -1.5
	}, 
	"ExportedSWASWV_Activation": {
	"bitscount": 1, 
	"lists": {
		"0": "Disabled", 
		"1": "Enabled"
	}
	}, 
	"SessionName": {
	"comment": "Diagnostic session values. See documentation for more information.", 
	"lists": {
		"1": "DefaultSession", 
		"2": "ProgrammingSession", 
		"3": "ExtendedDiagnosticSession", 
		"4": "SafetySystemDiagnosticSession"
	}
	}, 
	"DTCStatus.warningIndicatorRequested": {
	"bitscount": 1, 
	"lists": {
		"0": "No", 
		"1": "Yes"
	}
	}, 
	"InputTorque": {
	"comment": "InputTorque", 
	"bitscount": 16, 
	"scaled": true, 
	"step": 0.1, 
	"bytescount": 2, 
	"offset": -20.0
	}, 
	"Mileage": {
	"scaled": true, 
	"bytescount": 3, 
	"bitscount": 24, 
	"unit": "km"
	}, 
	"VehicleSpeed": {
	"scaled": true, 
	"bytescount": 2, 
	"step": 0.01, 
	"bitscount": 16, 
	"unit": "kph"
	}, 
	"DongleBlanking.Status": {
	"comment": "cf. Spec Dongle", 
	"lists": {
		"0": "RoutineNotActivated", 
		"1": "RoutineInProgress", 
		"2": "RoutineTerminatedOK", 
		"4": "RoutineTerminatedNOK"
	}
	}, 
	"Steering wheel velocity": {
	"comment": "cf. Spec DiagOnCAN: SteeringWheelRotationSpeed", 
	"bitscount": 16, 
	"scaled": true, 
	"step": 0.1, 
	"bytescount": 2, 
	"offset": -3276.7, 
	"unit": "\u00b0/s"
	}, 
	"ECUSerialNumber": {
	"bytesascii": true, 
	"bytescount": 20, 
	"byte": true, 
	"bitscount": 160, 
	"comment": "ECU serial number"
	}, 
	"TJP_Activation": {
	"bitscount": 1, 
	"lists": {
		"0": "Disabled", 
		"1": "Enabled"
	}
	}, 
	"RackEndStop currently active": {
	"comment": "rack end stop function running", 
	"bitscount": 1, 
	"lists": {
		"0": "not running", 
		"1": "Running"
	}
	}, 
	"systemSupplierECUSoftwareNumber": {
	"bytesascii": true, 
	"bytescount": 15, 
	"byte": true, 
	"bitscount": 120, 
	"comment": "Software Number (Supplier)"
	}, 
	"DTCStatusAvailabilityMask": {
	"scaled": true
	}, 
	"LKA_LDW_Activation": {
	"bitscount": 2, 
	"lists": {
		"0": "LKA disabled, LDW disabled", 
		"1": "LKA disabled, LDW enabled", 
		"2": "LKA enabled, LDW disabled", 
		"3": "LKA enabled, LDW enabled"
	}
	}, 
	"AntiKickBack_Activation": {
	"bitscount": 1, 
	"lists": {
		"0": "Disabled", 
		"1": "Enabled"
	}
	}, 
	"AntiKickBack currently active": {
	"bitscount": 1, 
	"lists": {
		"0": "Not active", 
		"1": "Active"
	}
	}, 
	"MotorTemperature": {
	"scaled": true, 
	"comment": "cf. Spec DiagOnCAN: Motor_TEMPERATURE/Value of the temperature sensor", 
	"unit": "\u00b0C", 
	"offset": -50.0
	}, 
	"SAF_RackStroke_FromRecovery": {
	"bitscount": 16, 
	"format": "0.0", 
	"scaled": true, 
	"step": 0.1, 
	"bytescount": 2, 
	"offset": -3276.7, 
	"unit": "\u00b0"
	}, 
	"DTCRecord": {
	"bytescount": 3, 
	"byte": true, 
	"bitscount": 24
	}, 
	"DTCStatus.testNotCompletedThisMonitoringCycle": {
	"bitscount": 1, 
	"lists": {
		"0": "No", 
		"1": "Yes"
	}
	}, 
	"ClusterWarningLampCheck_Activation": {
	"bitscount": 1, 
	"lists": {
		"0": "Disabled", 
		"1": "Enabled"
	}
	}, 
	"TrafficJamPilot currently active": {
	"bitscount": 1, 
	"lists": {
		"0": "Not active", 
		"1": "Active"
	}
	}, 
	"MeasuredMotorCurrent": {
	"scaled": true, 
	"unit": "A", 
	"offset": -127.0
	}, 
	"EPSRelativeSteeringWheelAngle": {
	"comment": "EPSRelativeSteeringWheelAngle", 
	"bitscount": 16, 
	"scaled": true, 
	"step": 0.1, 
	"bytescount": 2, 
	"offset": -3276.7, 
	"unit": "\u00b0/s"
	}, 
	"vehicleManufacturerECUHardwareNumber": {
	"bytesascii": true, 
	"bytescount": 10, 
	"byte": true, 
	"bitscount": 80, 
	"comment": "Hardware Number"
	}, 
	"SAF_Activation": {
	"bitscount": 1, 
	"lists": {
		"0": "Disabled", 
		"1": "Enabled"
	}
	}, 
	"SAF_Mode_State": {
	"bitscount": 4, 
	"lists": {
		"0": "Disabled               -", 
		"1": "Disabled               --", 
		"2": "Disabled               ---", 
		"3": "Disabled               ----", 
		"4": "Plant Init               -", 
		"5": "Recovery", 
		"6": "Plant Init", 
		"7": "Operationnal", 
		"8": "Logistic Mode    -", 
		"9": "Logistic Mode    --", 
		"10": "Logistic Mode    ---", 
		"11": "Logistic Mode    ----", 
		"12": "Logistic Mode    -----", 
		"13": "Logistic Mode    ------", 
		"14": "Logistic Mode    -------", 
		"15": "Logistic Mode    --------"
	}
	}, 
	"SAF_RackStroke_Reference": {
	"bitscount": 16, 
	"format": "0.0", 
	"scaled": true, 
	"step": 0.1, 
	"bytescount": 2, 
	"offset": -3276.7, 
	"unit": "\u00b0"
	}, 
	"PullDrift_StaticCompensation_Activation": {
	"bitscount": 1, 
	"lists": {
		"0": "Disabled", 
		"1": "Enabled"
	}
	}, 
	"DTCFailureType.Category": {
	"bitscount": 4, 
	"lists": {
		"0": "General Failure Information", 
		"1": "General Electrical Failures", 
		"2": "General Signal Failures", 
		"3": "FM (Frequency Modulated) / PWM (Pulse Width Modulated) Failures", 
		"4": "System Internal Failures", 
		"5": "System Programming Failures", 
		"6": "Algorithm Based Failures", 
		"7": "Mechanical Failures", 
		"8": "Bus Signal / Message Failures", 
		"9": "Component Failures", 
		"15": "Vehicle manufacturer / System supplier specific"
	}
	}, 
	"CurrentlyActiveFunctions": {
	"byte": true
	}, 
	"MileageAtFirstOccurrence": {
	"scaled": true, 
	"bytescount": 3, 
	"bitscount": 24, 
	"unit": "kph"
	}, 
	"SAF_Mode_RackStroke": {
	"bitscount": 1, 
	"lists": {
		"0": "Not Calibrated", 
		"1": "Calibrated"
	}
	}, 
	"AbsoluteSteeringWheelAngleCalibration_Activation": {
	"bitscount": 1, 
	"lists": {
		"0": "Calibration not authorized", 
		"1": "Calibration authorized"
	}
	}, 
	"Steering wheel angle offset": {
	"scaled": true, 
	"comment": "CAN SWA_Offset - CALCULATED_ANGLE_OFFSET_ST (1byte)", 
	"unit": "\u00b0", 
	"offset": -127.0
	}, 
	"FilteredVehicleSpeed": {
	"scaled": true, 
	"comment": "cf. Spec DiagOnCAN: FILTERED VEHICLE SPEED/HEPS calculation ; information in use", 
	"unit": "km/h"
	}, 
	"DTCStatus.pendingDTC": {
	"bitscount": 1, 
	"lists": {
		"0": "No", 
		"1": "Yes"
	}
	}, 
	"HWP_Activation": {
	"bitscount": 1, 
	"lists": {
		"0": "Disabled", 
		"1": "Enabled"
	}
	}, 
	"Steering wheel angle sensor internal status": {
	"comment": "cf. Spec DiagOnCAN: system mode (renault stateflow)", 
	"bitscount": 3, 
	"lists": {
		"0": "Not initialized / No failure / Not calibrated", 
		"1": "Initialized / No failure / Not calibrated", 
		"2": "Not initialized / Failure / Not calibrated", 
		"3": "Initialized / Failure / Not calibrated", 
		"4": "Not initialized / No failure / Calibrated", 
		"5": "Initialized / No failure / Calibrated", 
		"6": "Not initialized / Failure / Calibrated", 
		"7": "Initialized / Failure / Calibrated"
	}
	}, 
	"diagnosticVersion": {
	"byte": true
	}, 
	"systemSupplierECUSoftwareVersionNumber": {
	"bytesascii": true, 
	"bytescount": 17, 
	"byte": true, 
	"bitscount": 136
	}, 
	"Fingerprint": {
	"bytesascii": true, 
	"bytescount": 16, 
	"byte": true, 
	"bitscount": 128
	}, 
	"vehicleManufacturerECUSoftwareNumber": {
	"bytesascii": true, 
	"bytescount": 10, 
	"byte": true, 
	"bitscount": 80, 
	"comment": "ConfigurationFileReferenceLink_R"
	}, 
	"DongleError": {
	"bitscount": 2, 
	"lists": {
		"0": "No error", 
		"1": "EEPROM problem on Dongle_ID", 
		"2": "EEPROM problem on Dongle_pairing_counter", 
		"3": "Motor disconnected from ECU"
	}
	}, 
	"WheelDiameterIndex": {
	"scaled": true, 
	"offset": 1.0
	}, 
	"DTCFailureType.ManufacturerOrSupplier": {
	"bitscount": 4
	}, 
	"HFP_Activation": {
	"bitscount": 1, 
	"lists": {
		"0": "Disabled", 
		"1": "Enabled"
	}
	}, 
	"AssistanceLevel": {
	"scaled": true, 
	"comment": "cf. Spec DiagOnCAN: ASSISTANCE_LEVEL/Percentage of assistance avaliable", 
	"unit": "%"
	}, 
	"RackEndStop_Activation": {
	"bitscount": 1, 
	"lists": {
		"0": "Disabled", 
		"1": "Enabled"
	}
	}, 
	"IgnitionStatus": {
	"comment": "cf. Spec DiagOnCAN: ignition status", 
	"bitscount": 1, 
	"lists": {
		"0": "OFF", 
		"1": "ON"
	}
	}, 
	"DTCStatus.testFailedThisMonitoringCycle": {
	"bitscount": 1, 
	"lists": {
		"0": "No", 
		"1": "Yes"
	}
	}, 
	"Occurrence Counter": {
	"scaled": true
	}, 
	"SupplyVoltage": {
	"scaled": true, 
	"comment": "cf. Spec DiagOnCAN: VOLTAGE_ST/Computer supply voltage", 
	"step": 0.1, 
	"unit": "V"
	}, 
	"SAF_RecoveryL2L_OccurencesCounter": {
	"scaled": true, 
	"format": "0"
	}, 
	"PullDrift_DynamicCompensation_Activation": {
	"bitscount": 1, 
	"lists": {
		"0": "Disabled", 
		"1": "Enabled"
	}
	}, 
	"CrankingStoppedMode_Activation": {
	"bitscount": 1, 
	"lists": {
		"0": "Disabled", 
		"1": "Enabled"
	}
	}, 
	"DTCMaskRecord": {
	"bytescount": 3, 
	"byte": true, 
	"bitscount": 24
	}, 
	"DTCFormatIdentifier": {
	"comment": "DTC format - Renault/Nissan use value 0 (3 bytes DTC)", 
	"lists": {
		"0": "SAE_J2012-DA_DTC", 
		"1": "ISO_14229-1_DTC", 
		"2": "SAE_J1939-73_DTC", 
		"3": "ISO_11992-4_DTC", 
		"4": "SAE_J2012-DA_WWHOBD_DTC"
	}
	}, 
	"SystemMode": {
	"comment": "cf. Spec DiagOnCAN: system mode (renault stateflow)", 
	"lists": {
		"1": "SystemStop", 
		"2": "PowerUpTests Wait for Assist", 
		"3": "RampUpNormalOperation", 
		"4": "VerySoftRampDown Unknow Vehicle State", 
		"5": "SoftRampDown", 
		"6": "WaitForShutdown", 
		"7": "ParkAssist"
	}
	}, 
	"PullDriftCompensation currently active": {
	"bitscount": 1, 
	"lists": {
		"0": "Not active", 
		"1": "Active"
	}
	}, 
	"EngineStatus": {
	"comment": "cf. Spec DiagOnCAN: ENGINE_STATUS", 
	"bitscount": 2, 
	"lists": {
		"0": "Stopped", 
		"1": "Reserved", 
		"2": "Running", 
		"3": "Driven"
	}
	}, 
	"MaxCPULoad": {
	"scaled": true, 
	"unit": "%"
	}, 
	"SAF_Mode_Logistic": {
	"bitscount": 1, 
	"lists": {
		"0": "Disabled", 
		"1": "Enabled"
	}
	}, 
	"DTCFailureType": {
	"lists": {
		"0": "Device and failure type ODB codding", 
		"1": "General Electrical Failure", 
		"2": "General signal failure", 
		"3": "FM (Frequency Modulated) / PWM (Pulse Width Modulated) Failures", 
		"4": "System Internal Failures", 
		"5": "System Programming Failures", 
		"6": "Algorithm Based Failures", 
		"7": "Mechanical Failures", 
		"8": "Bus Signal / Message Failures", 
		"9": "Component Failures", 
		"17": "circuit short to ground", 
		"18": "circuit short to battery", 
		"19": "circuit open", 
		"20": "circuit short to ground or open", 
		"21": "circuit short to battery or open", 
		"22": "circuit voltage below threshold", 
		"23": "circuit voltage above threshold", 
		"24": "circuit current below threshold", 
		"25": "circuit current above threshold", 
		"26": "circuit resistance below threshold", 
		"27": "circuit resistance above threshold", 
		"28": "circuit voltage out of range", 
		"29": "circuit current out of range", 
		"30": "circuit resistance out of range", 
		"31": "circuit intermittent", 
		"33": "signal amplitude < minimum", 
		"34": "signal amplitude > maximum", 
		"35": "signal stuck low", 
		"36": "signal stuck high", 
		"37": "signal shape / waveform failure", 
		"38": "signal rate of change below threshold", 
		"39": "signal rate of change above threshold", 
		"40": "signal bias level out of range / zero adjustment failure", 
		"41": "signal signal invalid", 
		"47": "signal erratic", 
		"49": "no signal", 
		"50": "signal low time < minimum", 
		"51": "signal low time > maximum", 
		"52": "signal high time < minimum", 
		"53": "signal high time > maximum", 
		"54": "signal frequency too low", 
		"55": "signal frequency too high", 
		"56": "signal frequency incorrect", 
		"57": "incorrect has too few pulses", 
		"58": "incorrect has too many pulses", 
		"65": "general checksum failure", 
		"66": "general memory failure", 
		"67": "special memory failure", 
		"68": "data memory failure", 
		"69": "program memory failure", 
		"70": "calibration / parameter memory failure", 
		"71": "watchdog / safety \u00b5C failure", 
		"72": "supervision software failure", 
		"73": "internal electronic failure", 
		"74": "incorrect component installed", 
		"75": "over temperature", 
		"81": "not programmed", 
		"82": "not activated", 
		"83": "deactivated", 
		"84": "missing calibration", 
		"85": "not configured", 
		"97": "signal calculation failure", 
		"98": "signal compare failure", 
		"99": "circuit / component protection time-out", 
		"100": "signal plausibility failure", 
		"101": "signal has too few transitions / events", 
		"102": "signal has too many transitions / events", 
		"103": "signal incorrect after event", 
		"104": "event information", 
		"113": "actuator stuck", 
		"114": "actuator stuck open", 
		"115": "actuator stuck closed", 
		"116": "actuator slipping", 
		"117": "emergency position not reachable", 
		"118": "wrong mounting position", 
		"119": "commanded position not reachable", 
		"120": "alignment or adjustment incorrect", 
		"121": "mechanical linkage failure", 
		"122": "fluid leak or seal failure", 
		"123": "low fluid level", 
		"129": "invalid serial data received", 
		"130": "alive / sequence counter incorrect / not updated", 
		"131": "value of signal protection calculation incorrect", 
		"132": "signal below allowable range", 
		"133": "signal above allowable range", 
		"134": "signal invalid", 
		"135": "missing message", 
		"136": "bus off", 
		"143": "erratic", 
		"145": "parametric", 
		"146": "performance or incorrect operation", 
		"147": "no operation", 
		"148": "unexpected operation", 
		"149": "incorrect assembly", 
		"150": "component internal failure", 
		"151": "Component or system operation obstructed or blocked", 
		"152": "component or system over temperature"
	}
	}, 
	"StatusOfDTC": {
	"scaled": true
	}, 
	"SAF_Mode_Zero": {
	"bitscount": 1, 
	"lists": {
		"0": "Not Calibrated", 
		"1": "Calibrated"
	}
	}, 
	"SAF_Zero": {
	"bitscount": 16, 
	"format": "0.0", 
	"scaled": true, 
	"step": 0.1, 
	"bytescount": 2, 
	"offset": -3276.7, 
	"unit": "\u00b0"
	}, 
	"IgnitionSwitchCounter": {
	"scaled": true
	}, 
	"EPSWarning": {
	"comment": "EPS Warning", 
	"bitscount": 2, 
	"lists": {
		"0": "No failure", 
		"1": "Minor failure", 
		"2": "Major failure", 
		"3": "Not used"
	}
	}, 
	"DTCDeviceAndFailureTypeOBD": {
	"bytescount": 2, 
	"bitscount": 16
	}, 
	"HFP_EnhancedDiagnostic_Activation": {
	"bitscount": 1, 
	"lists": {
		"0": "Disabled", 
		"1": "Enabled"
	}
	}, 
	"VehicleManufacturerSparePartNumber_N": {
	"bytesascii": true, 
	"bytescount": 10, 
	"byte": true, 
	"bitscount": 80
	}, 
	"ECUTemperature": {
	"scaled": true, 
	"comment": "cf. Spec DiagOnCAN: ECU_TEMPERATURE/Value of the temperature sensor", 
	"unit": "\u00b0C", 
	"offset": -50.0
	}, 
	"MultiDrive_Activation": {
	"bitscount": 2, 
	"lists": {
		"0": "Unavailable", 
		"1": "Ignore multidrive CAN frame", 
		"2": "Consider multidrive CAN frame", 
		"3": "Not used"
	}
	}, 
	"InternalSteeringWheelVelocity": {
	"bitscount": 16, 
	"scaled": true, 
	"step": 0.1, 
	"bytescount": 2, 
	"offset": -3276.7, 
	"unit": "\u00b0/s"
	}, 
	"DTCStatus.confirmedDTC": {
	"bitscount": 1, 
	"lists": {
		"0": "No", 
		"1": "Yes"
	}
	}, 
	"Internal fault code (for DTC)": {
	"comment": "cf. Spec DiagOnCAN: INTERNAL_FAULT_CODE/Supplier fault code for this DTC", 
	"bytescount": 2, 
	"byte": true, 
	"bitscount": 16
	}, 
	"DTCCount": {
	"scaled": true, 
	"bytescount": 2, 
	"bitscount": 16, 
	"comment": "DTC count"
	}, 
	"CoastStop_IdleStop_Activation": {
	"bitscount": 4, 
	"lists": {
		"0": "All flags disabled", 
		"1": "Idle_stop flag enabled, others disabled", 
		"2": "Coast_stop flag enabled, others disabled", 
		"4": "Torque_on flag enabled, others disabled", 
		"5": "Idle_stop and Torque_on flags enabled, others disabled", 
		"6": "Coast_stop and Torque_on flags enabled, others disabled", 
		"7": "Assist_authorize flag disabled, others enabled", 
		"8": "Assist_authorize flag enabled, others disabled", 
		"9": "Idle_stop and Assist_authorize flags enabled, others disabled", 
		"10": "Coast_stop and Assist_authorize flags enabled, others disabled", 
		"11": "Torque_on flag disabled, others enabled", 
		"12": "Idle_stop and Coast_stop flags disabled, others enabled", 
		"13": "Coast_stop flag disabled, others enabled", 
		"14": "Idle_stop flag disabled, others enabled", 
		"15": "All flags enabled"
	}
	}, 
	"DTCStatus.testFailedSinceLastClear": {
	"bitscount": 1, 
	"lists": {
		"0": "No", 
		"1": "Yes"
	}
	}, 
	"DonglePairingCounter": {
	"scaled": true, 
	"bitscount": 2
	}, 
	"MultidriveTuningMap": {
	"bitscount": 2, 
	"lists": {
		"0": "Slot #0 is currently used", 
		"1": "Slot #1 is currently used", 
		"2": "Slot #2 is currently used", 
		"3": "Slot #3 is currently used"
	}
	}, 
	"ESP Activation": {
	"comment": "Activation of the ESP", 
	"bitscount": 1, 
	"lists": {
		"0": "ESP not activated", 
		"1": "ESP  activated"
	}
	}, 
	"EPSDongleState": {
	"bitscount": 2, 
	"lists": {
		"0": "Unavailable value", 
		"1": "Operational / learnt", 
		"2": "Operational / blank", 
		"3": "Not operational"
	}
	}, 
	"DTCStatus.testFailed": {
	"bitscount": 1, 
	"lists": {
		"0": "No", 
		"1": "Yes"
	}
	}
}
}