{
"obd": {
	"baudrate": 10400, 
	"protocol": "CAN", 
	"recv_id": "7E9", 
	"funcname": "TCM", 
	"funcaddr": "6E", 
	"send_id": "7E1"
}, 
"devices": [
	{
	"dtc": 1797, 
	"devicedata": {}, 
	"dtctype": 0, 
	"name": "Inhibitor switch failure"
	}, 
	{
	"dtc": 1378, 
	"devicedata": {}, 
	"dtctype": 0, 
	"name": "Battery Voltage - Too low"
	}, 
	{
	"dtc": 2402, 
	"devicedata": {}, 
	"dtctype": 3, 
	"name": "Primary Pressure Solenoid Failure"
	}, 
	{
	"dtc": 50176, 
	"devicedata": {}, 
	"dtctype": 0, 
	"name": "CAN - DLC Failure"
	}, 
	{
	"dtc": 2085, 
	"devicedata": {}, 
	"dtctype": 0, 
	"name": "Manual mode switches failure"
	}, 
	{
	"dtc": 1878, 
	"devicedata": {}, 
	"dtctype": 3, 
	"name": "Line Pressure (P/L) Solenoid Failure"
	}, 
	{
	"dtc": 1813, 
	"devicedata": {}, 
	"dtctype": 0, 
	"name": "Primary revolution speed sensor failure"
	}, 
	{
	"dtc": 6073, 
	"devicedata": {}, 
	"dtctype": 0, 
	"name": "Output revolution speed sensor failure"
	}, 
	{
	"dtc": 49472, 
	"devicedata": {}, 
	"dtctype": 0, 
	"name": "CAN Mute BCM"
	}, 
	{
	"dtc": 49441, 
	"devicedata": {}, 
	"dtctype": 0, 
	"name": "CAN Mute ABS/VDC"
	}, 
	{
	"dtc": 0, 
	"devicedata": {
		"Vehicle Identification Number": "0", 
		"CRC": "0"
	}, 
	"dtctype": 4, 
	"name": "Read VIN"
	}, 
	{
	"dtc": 1824, 
	"devicedata": {}, 
	"dtctype": 0, 
	"name": "Secondary revolution speed sensor failure"
	}, 
	{
	"dtc": 1542, 
	"devicedata": {}, 
	"dtctype": 0, 
	"name": "Memory back up failure"
	}, 
	{
	"dtc": 49267, 
	"devicedata": {}, 
	"dtctype": 0, 
	"name": "CAN - Bus off"
	}, 
	{
	"dtc": 1809, 
	"devicedata": {}, 
	"dtctype": 0, 
	"name": "Oil temperature sensor failure - Functional"
	}, 
	{
	"dtc": 2117, 
	"devicedata": {}, 
	"dtctype": 0, 
	"name": "Secondary pressure sensor failure"
	}, 
	{
	"dtc": 1808, 
	"devicedata": {}, 
	"dtctype": 0, 
	"name": "Oil temperature sensor failure"
	}, 
	{
	"dtc": 6146, 
	"devicedata": {}, 
	"dtctype": 0, 
	"name": "Secondary pressure sensor failure - Functional"
	}, 
	{
	"dtc": 1857, 
	"devicedata": {}, 
	"dtctype": 3, 
	"name": "Lock-up (L/U) Solenoid Failure - Functional"
	}, 
	{
	"dtc": 2152, 
	"devicedata": {}, 
	"dtctype": 0, 
	"name": "Secondary oil pressure Drop"
	}, 
	{
	"dtc": 5945, 
	"devicedata": {}, 
	"dtctype": 3, 
	"name": "High/Reverse clutch (H/R) Solenoid Failure"
	}, 
	{
	"dtc": 5510, 
	"devicedata": {}, 
	"dtctype": 0, 
	"name": "G Sensor failure"
	}, 
	{
	"dtc": 49540, 
	"devicedata": {}, 
	"dtctype": 0, 
	"name": "CAN Mute - MULTIDRIVE(RADIO)"
	}, 
	{
	"dtc": 50177, 
	"devicedata": {}, 
	"dtctype": 0, 
	"name": "CAN Mute ECM"
	}, 
	{
	"dtc": 1859, 
	"devicedata": {}, 
	"dtctype": 3, 
	"name": "Lock-up (L/U) Solenoid Failure"
	}, 
	{
	"dtc": 5946, 
	"devicedata": {}, 
	"dtctype": 3, 
	"name": "Low Brake (L/B) Solenoid Failure"
	}, 
	{
	"dtc": 2345, 
	"devicedata": {}, 
	"dtctype": 3, 
	"name": "Shift Lock Solenoid Failure"
	}, 
	{
	"dtc": 6144, 
	"devicedata": {}, 
	"dtctype": 3, 
	"name": "Line Pressure (P/L) Solenoid Failure - Functional"
	}, 
	{
	"dtc": 49153, 
	"devicedata": {}, 
	"dtctype": 4, 
	"name": "CAN Control unit failure"
	}
], 
"ecuname": "DK0 CVT7 v2.0", 
"autoidents": [
	{
	"diagversion": "54", 
	"supplier": "APY", 
	"version": "0060", 
	"soft": "006C"
	}, 
	{
	"diagversion": "54", 
	"supplier": "APY", 
	"version": "0080", 
	"soft": "006C"
	}
], 
"endian": "Big", 
"requests": [
	{
	"name": "LFailOUT4", 
	"replybytes": "63", 
	"deny_sds": [], 
	"receivebyte_dataitems": {
		"LFailOUT4": {
		"firstbyte": 2
		}
	}, 
	"minbytes": 2, 
	"sentbytes": "2300809C110001"
	}, 
	{
	"name": "Start Line Pressure (PL) Solenoid Control", 
	"deny_sds": [], 
	"minbytes": 3, 
	"sentbytes": "3011070190", 
	"replybytes": "7011"
	}, 
	{
	"name": "LFailOUT1", 
	"replybytes": "63", 
	"deny_sds": [], 
	"receivebyte_dataitems": {
		"LFailOUT1": {
		"firstbyte": 2
		}
	}, 
	"minbytes": 2, 
	"sentbytes": "2300809C0E0001"
	}, 
	{
	"name": "ECU Reset 2", 
	"replybytes": "5100", 
	"deny_sds": [], 
	"receivebyte_dataitems": {
		"ECU reset": {
		"firstbyte": 2
		}
	}, 
	"minbytes": 2, 
	"sentbytes": "11FA"
	}, 
	{
	"name": "Stop Line Pressure (PL) Solenoid Control", 
	"deny_sds": [], 
	"minbytes": 3, 
	"sentbytes": "301100", 
	"replybytes": "70"
	}, 
	{
	"name": "LFailOUT2", 
	"replybytes": "63", 
	"deny_sds": [], 
	"receivebyte_dataitems": {
		"LFailOUT2": {
		"firstbyte": 2
		}
	}, 
	"minbytes": 2, 
	"sentbytes": "2300809C0F0001"
	}, 
	{
	"name": "Report Current Control of High/Reverse Clutch (H/R) Solenoid", 
	"replybytes": "70", 
	"deny_sds": [], 
	"receivebyte_dataitems": {
		"Command Current of High/Reverse Clutch (H/R) Solenoid": {
		"firstbyte": 4
		}
	}, 
	"minbytes": 5, 
	"sentbytes": "301701"
	}, 
	{
	"name": "Start High/Reverse Clutch (H/R) Solenoid Control", 
	"deny_sds": [], 
	"minbytes": 3, 
	"sentbytes": "3017070190", 
	"replybytes": "7017"
	}, 
	{
	"name": "DataRead.Identification.RenaultR2", 
	"replybytes": "6180", 
	"deny_sds": [], 
	"receivebyte_dataitems": {
		"HardwareNumber.BasicPartList": {
		"ref": true, 
		"firstbyte": 24
		}, 
		"DiagnosticIdentificationCode": {
		"ref": true, 
		"firstbyte": 8
		}, 
		"CalibrationNumber": {
		"ref": true, 
		"firstbyte": 21
		}, 
		"Version number": {
		"ref": true, 
		"firstbyte": 19
		}, 
		"SupplierNumber.ITG": {
		"ref": true, 
		"firstbyte": 9
		}, 
		"HardwareNumber.LowerPart": {
		"ref": true, 
		"firstbyte": 12
		}, 
		"PartNumber.BasicPartList": {
		"ref": true, 
		"firstbyte": 23
		}, 
		"ManufacturerIdentificationCode": {
		"ref": true, 
		"firstbyte": 26
		}, 
		"ApprovalNumber.BasicPartList": {
		"ref": true, 
		"firstbyte": 25
		}, 
		"PartNumber.LowerPart": {
		"ref": true, 
		"firstbyte": 3
		}, 
		"SoftwareNumber": {
		"ref": true, 
		"firstbyte": 17
		}
	}, 
	"minbytes": 26, 
	"sentbytes": "2180"
	}, 
	{
	"name": "EngREV", 
	"replybytes": "63", 
	"deny_sds": [], 
	"receivebyte_dataitems": {
		"EngREV": {
		"firstbyte": 2
		}
	}, 
	"minbytes": 3, 
	"sentbytes": "23008099900002"
	}, 
	{
	"name": "ECUReset", 
	"replybytes": "5100", 
	"deny_sds": [
		"nosds"
	], 
	"manualsend": true, 
	"receivebyte_dataitems": {
		"ECU reset": {
		"firstbyte": 2
		}
	}, 
	"sendbyte_dataitems": {
		"ResetMode": {
		"firstbyte": 2
		}
	}, 
	"minbytes": 2, 
	"sentbytes": "11FF"
	}, 
	{
	"name": "Stop High/Reverse Clutch (H/R) Solenoid Control", 
	"deny_sds": [], 
	"minbytes": 1, 
	"sentbytes": "301700", 
	"replybytes": "70"
	}, 
	{
	"name": "Read date of last after-sales operation", 
	"replybytes": "61B0", 
	"deny_sds": [], 
	"receivebyte_dataitems": {
		"After-sales day": {
		"firstbyte": 5
		}, 
		"After-sales year": {
		"firstbyte": 3
		}, 
		"After-sales month": {
		"firstbyte": 4
		}
	}, 
	"minbytes": 5, 
	"sentbytes": "21B0"
	}, 
	{
	"name": "DAIMLER Identification", 
	"deny_sds": [], 
	"minbytes": 3, 
	"sentbytes": "21EF", 
	"replybytes": "61EF00"
	}, 
	{
	"name": "LFailICAN4", 
	"replybytes": "63", 
	"deny_sds": [], 
	"receivebyte_dataitems": {
		"LFailCAN4": {
		"firstbyte": 2
		}
	}, 
	"minbytes": 2, 
	"sentbytes": "2300809C0D0001"
	}, 
	{
	"name": "Start Low-Brake (L/B) Solenoid Control", 
	"deny_sds": [], 
	"minbytes": 3, 
	"sentbytes": "3016070190", 
	"replybytes": "7016"
	}, 
	{
	"name": "StartDiagnosticSession", 
	"replybytes": "50C0", 
	"deny_sds": [], 
	"manualsend": true, 
	"minbytes": 2, 
	"sentbytes": "10C0"
	}, 
	{
	"name": "StartDevelopmentSession", 
	"deny_sds": [], 
	"minbytes": 2, 
	"sentbytes": "1086", 
	"replybytes": "5086"
	}, 
	{
	"name": "LFailIN4", 
	"replybytes": "63", 
	"deny_sds": [], 
	"receivebyte_dataitems": {
		"LFailIN4": {
		"firstbyte": 2
		}
	}, 
	"minbytes": 2, 
	"sentbytes": "2300809C070001"
	}, 
	{
	"name": "LFailIN3", 
	"replybytes": "63", 
	"deny_sds": [], 
	"receivebyte_dataitems": {
		"LFailIN3": {
		"firstbyte": 2
		}
	}, 
	"minbytes": 2, 
	"sentbytes": "2300809C060001"
	}, 
	{
	"name": "LFailIN2", 
	"replybytes": "63", 
	"deny_sds": [], 
	"receivebyte_dataitems": {
		"LFailIN2": {
		"firstbyte": 2
		}
	}, 
	"minbytes": 2, 
	"sentbytes": "2300809C050001"
	}, 
	{
	"name": "LFailIN1", 
	"replybytes": "63", 
	"deny_sds": [], 
	"receivebyte_dataitems": {
		"LFailIN1": {
		"firstbyte": 2
		}
	}, 
	"minbytes": 2, 
	"sentbytes": "2300809C040001"
	}, 
	{
	"name": "Stop Low-Brake (L/B) Solenoid Control", 
	"deny_sds": [], 
	"minbytes": 3, 
	"sentbytes": "301600", 
	"replybytes": "70"
	}, 
	{
	"name": "Read after sale frame A3", 
	"replybytes": "61A3", 
	"deny_sds": [], 
	"receivebyte_dataitems": {
		"Confirmed failures 4": {
		"firstbyte": 6
		}, 
		"Confirmed failures 5": {
		"firstbyte": 15
		}, 
		"Confirmed failures 6": {
		"firstbyte": 16
		}, 
		"Confirmed failures 7": {
		"firstbyte": 17
		}, 
		"Confirmed failures 1": {
		"firstbyte": 3
		}, 
		"Confirmed failures 2": {
		"firstbyte": 4
		}, 
		"Confirmed failures 3": {
		"firstbyte": 5
		}, 
		"OBD pending failures 10": {
		"firstbyte": 28
		}, 
		"Confirmed failures 9": {
		"firstbyte": 19
		}, 
		"OBD pending failures 12": {
		"firstbyte": 30
		}, 
		"OBD pending failures 11": {
		"firstbyte": 29
		}, 
		"OBD memorized failures 12": {
		"firstbyte": 38
		}, 
		"OBD memorized failures 10": {
		"firstbyte": 36
		}, 
		"OBD memorized failures 11": {
		"firstbyte": 37
		}, 
		"Confirmed failures 8": {
		"firstbyte": 18
		}, 
		"OBD memorized failures 8": {
		"firstbyte": 34
		}, 
		"OBD memorized failures 9": {
		"firstbyte": 35
		}, 
		"Confirmed failures 12": {
		"firstbyte": 22
		}, 
		"Confirmed failures 10": {
		"firstbyte": 20
		}, 
		"Confirmed failures 11": {
		"firstbyte": 21
		}, 
		"OBD memorized failures 1": {
		"firstbyte": 11
		}, 
		"OBD memorized failures 2": {
		"firstbyte": 12
		}, 
		"OBD memorized failures 3": {
		"firstbyte": 13
		}, 
		"OBD memorized failures 4": {
		"firstbyte": 14
		}, 
		"OBD memorized failures 5": {
		"firstbyte": 31
		}, 
		"OBD memorized failures 6": {
		"firstbyte": 32
		}, 
		"OBD memorized failures 7": {
		"firstbyte": 33
		}, 
		"OBD pending failures 7": {
		"firstbyte": 25
		}, 
		"OBD pending failures 6": {
		"firstbyte": 24
		}, 
		"OBD pending failures 5": {
		"firstbyte": 23
		}, 
		"OBD pending failures 4": {
		"firstbyte": 10
		}, 
		"OBD pending failures 3": {
		"firstbyte": 9
		}, 
		"OBD pending failures 2": {
		"firstbyte": 8
		}, 
		"OBD pending failures 1": {
		"firstbyte": 7
		}, 
		"OBD pending failures 9": {
		"firstbyte": 27
		}, 
		"OBD pending failures 8": {
		"firstbyte": 26
		}
	}, 
	"minbytes": 38, 
	"sentbytes": "21A3"
	}, 
	{
	"name": "LFailSYS1", 
	"replybytes": "63", 
	"deny_sds": [], 
	"receivebyte_dataitems": {
		"LFailSYS1": {
		"firstbyte": 2
		}
	}, 
	"minbytes": 2, 
	"sentbytes": "2300809C120001"
	}, 
	{
	"name": "Read Freeze Frame", 
	"replybytes": "5200", 
	"deny_sds": [], 
	"receivebyte_dataitems": {
		"FFD_VRatio0": {
		"firstbyte": 23
		}, 
		"TvoSEN": {
		"firstbyte": 15
		}, 
		"FFD_DRatio": {
		"firstbyte": 11
		}, 
		"DTC low order": {
		"firstbyte": 33
		}, 
		"ACTHprs": {
		"firstbyte": 7
		}, 
		"FFD_vSUBRATIO0": {
		"firstbyte": 24
		}, 
		"vSUBSFTPINF": {
		"firstbyte": 25
		}, 
		"FFD_Ratio": {
		"firstbyte": 9
		}, 
		"VignADBUF": {
		"firstbyte": 18
		}, 
		"FFD_LUImon": {
		"firstbyte": 13
		}, 
		"FFD_DsrREV": {
		"firstbyte": 12
		}, 
		"VspSEN": {
		"firstbyte": 5
		}, 
		"FFD_ReqTRQ": {
		"firstbyte": 19
		}, 
		"FFD_EngREV": {
		"firstbyte": 3
		}, 
		"FFD_TENGcan": {
		"firstbyte": 16
		}, 
		"FFD_SecREV": {
		"firstbyte": 10
		}, 
		"TempSEN": {
		"firstbyte": 8
		}, 
		"CurRNG": {
		"firstbyte": 14
		}, 
		"FFD_PRIImon": {
		"firstbyte": 21
		}, 
		"OdoMileage": {
		"firstbyte": 27
		}, 
		"FFD_Gdata(signed)": {
		"firstbyte": 26
		}, 
		"FFD_PHImon": {
		"firstbyte": 20
		}, 
		"DTC high order": {
		"firstbyte": 32
		}, 
		"FFD_PriREV": {
		"firstbyte": 4
		}, 
		"LuPTN": {
		"firstbyte": 22
		}, 
		"FFD_LRImon": {
		"firstbyte": 17
		}
	}, 
	"sendbyte_dataitems": {
		"FirstDTC": {
		"firstbyte": 4
		}
	}, 
	"minbytes": 33, 
	"sentbytes": "1200040000"
	}, 
	{
	"name": "Data Monitor", 
	"replybytes": "6101", 
	"deny_sds": [], 
	"receivebyte_dataitems": {
		"Acceleration": {
		"firstbyte": 27
		}, 
		"RDTC": {
		"firstbyte": 3
		}, 
		"HR Solenoid Monitor Current": {
		"firstbyte": 67
		}, 
		"Tbn revolution": {
		"firstbyte": 18
		}, 
		"Target Pully Ratio": {
		"firstbyte": 41
		}, 
		"Engine RPM Limitation Request Value": {
		"firstbyte": 50
		}, 
		"TCS Operation Signal": {
		"bitoffset": 3, 
		"firstbyte": 75
		}, 
		"Vehicle Speed sensor(RPM)": {
		"firstbyte": 10
		}, 
		"Gear position": {
		"firstbyte": 79
		}, 
		"Oil Temperature (LB \"0\" Point Learning Value)": {
		"firstbyte": 100
		}, 
		"Target HR pressure": {
		"firstbyte": 46
		}, 
		"P Range Indicator": {
		"bitoffset": 7, 
		"firstbyte": 73
		}, 
		"VDC Operation Signal": {
		"bitoffset": 1, 
		"firstbyte": 75
		}, 
		"Line Pressure control status": {
		"bitoffset": 2, 
		"firstbyte": 80
		}, 
		"Manual UP(Lever SW)": {
		"bitoffset": 5, 
		"firstbyte": 72
		}, 
		"Service Learning Count(Low/B)": {
		"firstbyte": 95
		}, 
		"Brake SW": {
		"bitoffset": 4, 
		"firstbyte": 71
		}, 
		"MEX SW Status": {
		"firstbyte": 121
		}, 
		"Actual Engine Torque": {
		"firstbyte": 32
		}, 
		"Manual DOWN(Lever SW)": {
		"bitoffset": 4, 
		"firstbyte": 72
		}, 
		"Sec revolution": {
		"firstbyte": 20
		}, 
		"Lock Up Smooth On Status": {
		"firstbyte": 116
		}, 
		"HC Study Gain Value": {
		"firstbyte": 101
		}, 
		"Slip Revolution": {
		"firstbyte": 23
		}, 
		"D range SW": {
		"firstbyte": 71
		}, 
		"Target SLCT Pressure": {
		"firstbyte": 47
		}, 
		"Target Total Ratio": {
		"firstbyte": 40
		}, 
		"LB Solenoid Output Current": {
		"firstbyte": 59
		}, 
		"PTD APO": {
		"firstbyte": 30
		}, 
		"OUTPUT SPEED": {
		"firstbyte": 21
		}, 
		"Vehicle Speed signal": {
		"firstbyte": 7
		}, 
		"Oil Temperature (HC \"0\" Point Learning Value)": {
		"firstbyte": 103
		}, 
		"Target Sec Pressure": {
		"firstbyte": 44
		}, 
		"APO": {
		"firstbyte": 28
		}, 
		"N range SW": {
		"bitoffset": 1, 
		"firstbyte": 71
		}, 
		"Torque Ratio": {
		"firstbyte": 36
		}, 
		"CAN Auto-config Status (AEBS)": {
		"bitoffset": 4, 
		"firstbyte": 86
		}, 
		"N Range Indicator": {
		"bitoffset": 5, 
		"firstbyte": 73
		}, 
		"SubShifting Phase Information": {
		"firstbyte": 82
		}, 
		"VDC Fail Signal": {
		"firstbyte": 75
		}, 
		"Pri revolution sensor": {
		"firstbyte": 8
		}, 
		"Service Learning Count(Rev/B)": {
		"firstbyte": 97
		}, 
		"Lock Up Pattern": {
		"firstbyte": 113
		}, 
		"CVT LAMP Output": {
		"bitoffset": 2, 
		"firstbyte": 74
		}, 
		"PULLEY RATIO($2101)": {
		"firstbyte": 25
		}, 
		"ECO Mode Inforamation": {
		"bitoffset": 1, 
		"firstbyte": 74
		}, 
		"Service Learning Pressure(Rev/B)": {
		"firstbyte": 94
		}, 
		"Normal Engine Torque Down Request Value": {
		"firstbyte": 49
		}, 
		"Target SubGear Ratio": {
		"firstbyte": 89
		}, 
		"G Sensor Calibration Status": {
		"firstbyte": 73
		}, 
		"Torque Down Information1": {
		"firstbyte": 108
		}, 
		"Range": {
		"firstbyte": 78
		}, 
		"Torque Down Information3": {
		"firstbyte": 110
		}, 
		"Target L/U Pressure difference": {
		"firstbyte": 43
		}, 
		"Engine Water Temp": {
		"firstbyte": 90
		}, 
		"TOTAL GEAR RATIO": {
		"firstbyte": 24
		}, 
		"Sec revolution sensor": {
		"firstbyte": 9
		}, 
		"VIGN Voltage": {
		"firstbyte": 15
		}, 
		"SubShifting Mode": {
		"firstbyte": 83
		}, 
		"Pri Solenoid Output Current": {
		"firstbyte": 55
		}, 
		"TCS Shift Schedule Change Signal": {
		"bitoffset": 4, 
		"firstbyte": 75
		}, 
		"R Range Indicator": {
		"bitoffset": 6, 
		"firstbyte": 73
		}, 
		"M Mode Indicator": {
		"bitoffset": 4, 
		"firstbyte": 74
		}, 
		"Input Torque": {
		"firstbyte": 35
		}, 
		"ABS Fail Signal": {
		"bitoffset": 6, 
		"firstbyte": 75
		}, 
		"MEX SW_BRIO Mode": {
		"bitoffset": 7, 
		"firstbyte": 120
		}, 
		"Sec Pressure sensor": {
		"firstbyte": 12
		}, 
		"HC Study PreCharge": {
		"firstbyte": 104
		}, 
		"Service Learning Pressure(High/C)": {
		"firstbyte": 93
		}, 
		"Saturated Engine Torque Down Request Value": {
		"firstbyte": 48
		}, 
		"APO for shift control": {
		"firstbyte": 31
		}, 
		"Oil Temperature sensor": {
		"firstbyte": 13
		}, 
		"Service Learning Count(High/C)": {
		"firstbyte": 96
		}, 
		"HC\"0\" Point Learning Value": {
		"firstbyte": 102
		}, 
		"P range SW": {
		"bitoffset": 3, 
		"firstbyte": 71
		}, 
		"Target Pully Revolution": {
		"firstbyte": 39
		}, 
		"Throttle Openning": {
		"firstbyte": 29
		}, 
		"PRI Solenoid Monitor Current": {
		"firstbyte": 65
		}, 
		"PL Solenoid Output Current": {
		"firstbyte": 53
		}, 
		"Neutral Target Total Ratio": {
		"firstbyte": 111
		}, 
		"Sec Pully Pressure": {
		"firstbyte": 37
		}, 
		"D Range Indicator": {
		"bitoffset": 4, 
		"firstbyte": 73
		}, 
		"Pri revolution": {
		"firstbyte": 19
		}, 
		"Shifting Mode": {
		"firstbyte": 81
		}, 
		"PL Solenoid Monitor Current": {
		"firstbyte": 63
		}, 
		"Vehicle Speed sensor(Km/h)": {
		"firstbyte": 6
		}, 
		"Automated Engine Brake Level": {
		"firstbyte": 87
		}, 
		"Engine Revolution": {
		"firstbyte": 22
		}, 
		"ABS Operation Signal": {
		"bitoffset": 7, 
		"firstbyte": 75
		}, 
		"Vehicle speed for shift control": {
		"firstbyte": 17
		}, 
		"M Mode SW": {
		"bitoffset": 7, 
		"firstbyte": 72
		}, 
		"MEX SW_NORMAL Mode": {
		"bitoffset": 6, 
		"firstbyte": 120
		}, 
		"CAN Auto-config Status (MEX)": {
		"bitoffset": 6, 
		"firstbyte": 86
		}, 
		"Lock Up Inhibition Condition": {
		"firstbyte": 114
		}, 
		"G Sensor(ATCU)": {
		"firstbyte": 14
		}, 
		"PVIGN Voltage": {
		"firstbyte": 88
		}, 
		"Torque Down Information2": {
		"firstbyte": 109
		}, 
		"Vehicle speed($2101)": {
		"firstbyte": 16
		}, 
		"ATF Temperature": {
		"firstbyte": 38
		}, 
		"HR Solenoid Output Current": {
		"firstbyte": 57
		}, 
		"Engine RPM": {
		"firstbyte": 11
		}, 
		"TCS Shift Schedule Change Signal 2": {
		"bitoffset": 5, 
		"firstbyte": 75
		}, 
		"R range SW": {
		"bitoffset": 2, 
		"firstbyte": 71
		}, 
		"MEX SW_ECO Mode": {
		"bitoffset": 5, 
		"firstbyte": 120
		}, 
		"Target Pri Pressure": {
		"firstbyte": 45
		}, 
		"G sensor - Grade": {
		"firstbyte": 84
		}, 
		"LB \"0\" Point Learning Value": {
		"firstbyte": 99
		}, 
		"LU Solenoid Monitor Current": {
		"firstbyte": 61
		}, 
		"LB Solenoid Monitor Current": {
		"firstbyte": 69
		}, 
		"Target SubGear position": {
		"firstbyte": 42
		}, 
		"Current SubGear position": {
		"firstbyte": 26
		}, 
		"G Sensor Calibration Status($2101 #86)": {
		"firstbyte": 86
		}, 
		"NILS Learning Status": {
		"bitoffset": 1, 
		"firstbyte": 86
		}, 
		"N-Idle Standby Signal": {
		"firstbyte": 106
		}, 
		"Service Learning Pressure(Low/B)": {
		"firstbyte": 92
		}, 
		"LU Solenoid Output Current": {
		"firstbyte": 51
		}, 
		"Desired Line Pressure": {
		"firstbyte": 105
		}, 
		"LB Study Gain Value": {
		"firstbyte": 98
		}, 
		"Requested Engine Torque": {
		"firstbyte": 33
		}, 
		"NIDL Status": {
		"bitoffset": 2, 
		"firstbyte": 86
		}
	}, 
	"minbytes": 122, 
	"sentbytes": "2101"
	}, 
	{
	"name": "LFailICAN1", 
	"replybytes": "63", 
	"deny_sds": [], 
	"receivebyte_dataitems": {
		"LFailCAN1": {
		"firstbyte": 2
		}
	}, 
	"minbytes": 2, 
	"sentbytes": "2300809C090001"
	}, 
	{
	"name": "TvoSEN", 
	"replybytes": "63", 
	"deny_sds": [], 
	"receivebyte_dataitems": {
		"TvoSEN($23)": {
		"firstbyte": 2
		}
	}, 
	"minbytes": 2, 
	"sentbytes": "230080997A0001"
	}, 
	{
	"name": "Report Current Control of Primary Pressure (PRI) Solenoid", 
	"replybytes": "70", 
	"deny_sds": [], 
	"receivebyte_dataitems": {
		"Command Current of Primary Pressure (PRI) Solenoid": {
		"firstbyte": 4
		}
	}, 
	"minbytes": 5, 
	"sentbytes": "301501"
	}, 
	{
	"name": "Read after sale frame A1", 
	"replybytes": "61A1", 
	"deny_sds": [], 
	"receivebyte_dataitems": {
		"Gear engaged in manual mode": {
		"firstbyte": 5
		}, 
		"Current sub shift gear position": {
		"firstbyte": 22
		}, 
		"Gearbox pattern": {
		"firstbyte": 4
		}, 
		"Shift mode": {
		"firstbyte": 3
		}, 
		"Manual mode: tip down switch": {
		"firstbyte": 19
		}, 
		"Lock-up inhibition 2": {
		"firstbyte": 8
		}, 
		"Gear Ratio": {
		"firstbyte": 10
		}, 
		"Lock-up area": {
		"firstbyte": 14
		}, 
		"Lock-up inhibition 1": {
		"firstbyte": 6
		}, 
		"Pulley ratio": {
		"firstbyte": 16
		}, 
		"Manual mode: tip up switch": {
		"firstbyte": 18
		}, 
		"Lock-up positon": {
		"firstbyte": 15
		}, 
		"Gear lever position": {
		"firstbyte": 20
		}, 
		"CrankingAuthorization_AT (CAN)": {
		"firstbyte": 13
		}, 
		"Sub shift control phase": {
		"firstbyte": 21
		}, 
		"BrakeInfoStatus (CAN)": {
		"firstbyte": 12
		}
	}, 
	"minbytes": 22, 
	"sentbytes": "21A1"
	}, 
	{
	"name": "Traceability information", 
	"replybytes": "6184", 
	"deny_sds": [], 
	"receivebyte_dataitems": {
		"Reserved 20": {
		"ref": true, 
		"firstbyte": 19
		}, 
		"Date of production": {
		"firstbyte": 7
		}, 
		"ITG supplier code in ASCII": {
		"firstbyte": 3
		}, 
		"Definition of the supplier production line": {
		"firstbyte": 6
		}, 
		"Production number": {
		"firstbyte": 13
		}
	}, 
	"minbytes": 22, 
	"sentbytes": "2184"
	}, 
	{
	"name": "Start Primary Pressure (PRI) Solenoid Control", 
	"deny_sds": [], 
	"minbytes": 3, 
	"sentbytes": "3015070190", 
	"replybytes": "7015"
	}, 
	{
	"name": "Read VIN", 
	"replybytes": "6181", 
	"deny_sds": [], 
	"receivebyte_dataitems": {
		"Vehicle Identification Number": {
		"ref": true, 
		"firstbyte": 3
		}, 
		"CRC": {
		"ref": true, 
		"firstbyte": 20
		}
	}, 
	"minbytes": 21, 
	"sentbytes": "2181"
	}, 
	{
	"name": "N/C learning", 
	"replybytes": "63", 
	"deny_sds": [], 
	"receivebyte_dataitems": {
		"N/C learning flag": {
		"firstbyte": 2
		}
	}, 
	"minbytes": 2, 
	"sentbytes": "23008044DA0001"
	}, 
	{
	"name": "G Sensor Learning Status", 
	"replybytes": "71", 
	"deny_sds": [], 
	"receivebyte_dataitems": {
		"G Sensor Zero point status": {
		"firstbyte": 3
		}
	}, 
	"minbytes": 3, 
	"sentbytes": "310101"
	}, 
	{
	"name": "LFailSYS2", 
	"replybytes": "63", 
	"deny_sds": [], 
	"receivebyte_dataitems": {
		"LFailSYS2": {
		"firstbyte": 2
		}
	}, 
	"minbytes": 2, 
	"sentbytes": "2300809C130001"
	}, 
	{
	"name": "Start Lock-up (L/U) Solenoid Control", 
	"deny_sds": [], 
	"minbytes": 3, 
	"sentbytes": "3010070190", 
	"replybytes": "7010"
	}, 
	{
	"name": "Read Memory By Address", 
	"replybytes": "63", 
	"deny_sds": [], 
	"manualsend": true, 
	"receivebyte_dataitems": {
		"Record values": {
		"firstbyte": 2
		}
	}, 
	"sendbyte_dataitems": {
		"Memory address": {
		"firstbyte": 2
		}, 
		"Memory size": {
		"firstbyte": 6
		}
	}, 
	"minbytes": 2, 
	"sentbytes": "23000000000000"
	}, 
	{
	"name": "Write VIN", 
	"replybytes": "7B81", 
	"deny_sds": [], 
	"manualsend": true, 
	"sendbyte_dataitems": {
		"Vehicle Identification Number": {
		"firstbyte": 3
		}, 
		"CRC": {
		"firstbyte": 20
		}
	}, 
	"minbytes": 2, 
	"sentbytes": "3B8100000000000000000000000000000000000000"
	}, 
	{
	"name": "LFailOUT3", 
	"replybytes": "63", 
	"deny_sds": [], 
	"receivebyte_dataitems": {
		"LFailOUT3": {
		"firstbyte": 2
		}
	}, 
	"minbytes": 2, 
	"sentbytes": "2300809C100001"
	}, 
	{
	"name": "LFailIN5", 
	"replybytes": "63", 
	"deny_sds": [], 
	"receivebyte_dataitems": {
		"LFailIN5": {
		"firstbyte": 2
		}
	}, 
	"minbytes": 2, 
	"sentbytes": "2300809C080001"
	}, 
	{
	"name": "Start Shift Lock Solenoid Control (0-1-0-1-0)", 
	"deny_sds": [], 
	"minbytes": 3, 
	"sentbytes": "30140702", 
	"replybytes": "70"
	}, 
	{
	"name": "Stop Lock-up (L/U) Solenoid Control", 
	"deny_sds": [], 
	"minbytes": 3, 
	"sentbytes": "301000", 
	"replybytes": "70"
	}, 
	{
	"name": "VspSEN", 
	"replybytes": "63", 
	"deny_sds": [], 
	"receivebyte_dataitems": {
		"VspSEN": {
		"firstbyte": 2
		}
	}, 
	"minbytes": 3, 
	"sentbytes": "23008099A00002"
	}, 
	{
	"name": "DataRead.Identification.F", 
	"replybytes": "61FF", 
	"deny_sds": [], 
	"receivebyte_dataitems": {
		"Approval number (21FF)": {
		"firstbyte": 3
		}
	}, 
	"minbytes": 26, 
	"sentbytes": "21FF"
	}, 
	{
	"name": "DataRead.Identification.E", 
	"deny_sds": [], 
	"minbytes": 1, 
	"sentbytes": "21FE", 
	"replybytes": "61FE"
	}, 
	{
	"name": "Read software name", 
	"replybytes": "6190", 
	"deny_sds": [], 
	"receivebyte_dataitems": {
		"Software name": {
		"ref": true, 
		"firstbyte": 3
		}
	}, 
	"minbytes": 12, 
	"sentbytes": "2190"
	}, 
	{
	"name": "Read approval number", 
	"replybytes": "63", 
	"deny_sds": [], 
	"receivebyte_dataitems": {
		"ApprovalNumber": {
		"firstbyte": 6
		}
	}, 
	"minbytes": 15, 
	"sentbytes": "23000D0589000A", 
	"shiftbytescount": 6
	}, 
	{
	"name": "Monitor MUX_ID", 
	"replybytes": "6182", 
	"deny_sds": [], 
	"manualsend": true, 
	"receivebyte_dataitems": {
		"ECM Absent-Current Failure(Long period)": {
		"bitoffset": 1, 
		"firstbyte": 7
		}, 
		"Mute Module parameter-Current Failure(Short period)": {
		"firstbyte": 6
		}, 
		"BCM Absent-Current Falilure(Short period)": {
		"firstbyte": 10
		}, 
		"RADIO Absent- Fail Counter": {
		"bitoffset": 2, 
		"firstbyte": 11
		}, 
		"USM Absent-Current Failure(Long period)": {
		"bitoffset": 1, 
		"firstbyte": 26
		}, 
		"BCM Absent- Fail Counter": {
		"bitoffset": 2, 
		"firstbyte": 10
		}, 
		"I-CON Absent Parameter": {
		"firstbyte": 72
		}, 
		"ECM Absent- Fail Counter": {
		"bitoffset": 2, 
		"firstbyte": 7
		}, 
		"MET Absent- Fail Counter": {
		"bitoffset": 2, 
		"firstbyte": 9
		}, 
		"ECM Absent-Current Falilure(Short period)": {
		"firstbyte": 7
		}, 
		"Mux messaging reference": {
		"firstbyte": 3
		}, 
		"BUS OFF Parameter-Fail Counter": {
		"bitoffset": 2, 
		"firstbyte": 5
		}, 
		"M4WD Absent Parameter": {
		"firstbyte": 36
		}, 
		"Mute Module parameter-Current Failure(Long period)": {
		"bitoffset": 1, 
		"firstbyte": 6
		}, 
		"VDC Absent-Current Failure(Long period)": {
		"bitoffset": 1, 
		"firstbyte": 8
		}, 
		"USM Absent- Fail Counter": {
		"bitoffset": 2, 
		"firstbyte": 26
		}, 
		"VDC Absent-Current Falilure(Short period)": {
		"firstbyte": 8
		}, 
		"MET Absent-Current Failure(Long period)": {
		"bitoffset": 1, 
		"firstbyte": 9
		}, 
		"USM Absent-Current Falilure(Short period)": {
		"firstbyte": 26
		}, 
		"MET Absent-Current Falilure(Short period)": {
		"firstbyte": 9
		}, 
		"BCM Absent-Current Failure(Long period)": {
		"bitoffset": 1, 
		"firstbyte": 10
		}, 
		"RADIO Absent-Current Failure(Long period)": {
		"bitoffset": 1, 
		"firstbyte": 11
		}, 
		"Mute Module Parameter- Fail Counter": {
		"bitoffset": 2, 
		"firstbyte": 6
		}, 
		"RADIO Absent-Current Falilure(Short period)": {
		"firstbyte": 11
		}, 
		"ITS Absent Parameter": {
		"firstbyte": 16
		}, 
		"BUS OFF parameter-Current Failure(Long period)": {
		"bitoffset": 1, 
		"firstbyte": 5
		}, 
		"VDC Absent- Fail Counter": {
		"bitoffset": 2, 
		"firstbyte": 8
		}, 
		"BUS OFF parameter-Current Falilure(Short period)": {
		"firstbyte": 5
		}
	}, 
	"minbytes": 90, 
	"sentbytes": "2182"
	}, 
	{
	"name": "Ratio", 
	"replybytes": "63", 
	"deny_sds": [], 
	"receivebyte_dataitems": {
		"Ratio": {
		"firstbyte": 2
		}
	}, 
	"minbytes": 3, 
	"sentbytes": "230080999E0002"
	}, 
	{
	"name": "LFailSYS3", 
	"replybytes": "63", 
	"deny_sds": [], 
	"receivebyte_dataitems": {
		"LFailSYS3": {
		"firstbyte": 2
		}
	}, 
	"minbytes": 2, 
	"sentbytes": "2300809C140001"
	}, 
	{
	"name": "Report Current Control of Line Pressure (PL) Solenoid", 
	"replybytes": "70", 
	"deny_sds": [], 
	"receivebyte_dataitems": {
		"Command Current of Line Pressure (PL) Solenoid": {
		"firstbyte": 4
		}
	}, 
	"minbytes": 5, 
	"sentbytes": "301101"
	}, 
	{
	"name": "OutputControl", 
	"replybytes": "700000", 
	"deny_sds": [
		"nosds"
	], 
	"manualsend": true, 
	"sendbyte_dataitems": {
		"Record local identifier": {
		"firstbyte": 2
		}, 
		"Input output control parameter": {
		"firstbyte": 3
		}
	}, 
	"minbytes": 3, 
	"sentbytes": "3000000000"
	}, 
	{
	"name": "Start Shift Lock Solenoid Control", 
	"deny_sds": [], 
	"minbytes": 3, 
	"sentbytes": "30140701", 
	"replybytes": "70"
	}, 
	{
	"name": "LFailICAN3", 
	"replybytes": "63", 
	"deny_sds": [], 
	"receivebyte_dataitems": {
		"LFailCAN3": {
		"firstbyte": 2
		}
	}, 
	"minbytes": 2, 
	"sentbytes": "2300809C0B0001"
	}, 
	{
	"name": "LFailICAN2", 
	"replybytes": "63", 
	"deny_sds": [], 
	"receivebyte_dataitems": {
		"LFailCAN2": {
		"firstbyte": 2
		}
	}, 
	"minbytes": 2, 
	"sentbytes": "2300809C0A0001"
	}, 
	{
	"name": "G Sensor Learning", 
	"deny_sds": [], 
	"minbytes": 3, 
	"sentbytes": "310100", 
	"replybytes": "71"
	}, 
	{
	"name": "Report Current Control of Lock-up (L/U) Solenoid", 
	"replybytes": "70", 
	"deny_sds": [], 
	"receivebyte_dataitems": {
		"Command Current of Lock-up (L/U) Solenoid": {
		"firstbyte": 4
		}
	}, 
	"minbytes": 5, 
	"sentbytes": "301001"
	}, 
	{
	"name": "Report Current Control of Low-Brake (L/B) Solenoid", 
	"replybytes": "70", 
	"deny_sds": [], 
	"receivebyte_dataitems": {
		"Command Current of Low-Brake (L/B) Solenoid": {
		"firstbyte": 4
		}
	}, 
	"minbytes": 5, 
	"sentbytes": "301601"
	}, 
	{
	"name": "Stop Shift Lock Solenoid Control", 
	"deny_sds": [], 
	"minbytes": 3, 
	"sentbytes": "301400", 
	"replybytes": "70"
	}, 
	{
	"name": "Clear diagnostic information", 
	"replybytes": "54FF0000", 
	"deny_sds": [
		"nosds"
	], 
	"receivebyte_dataitems": {
		"Group of diagnostic information": {
		"firstbyte": 3
		}
	}, 
	"minbytes": 4, 
	"sentbytes": "14FF00"
	}, 
	{
	"name": "Start Shift Lock Solenoid Control(off)", 
	"deny_sds": [], 
	"minbytes": 3, 
	"sentbytes": "30140700", 
	"replybytes": "70"
	}, 
	{
	"name": "Report Current Control of Shift Lock Solenoid", 
	"replybytes": "70", 
	"deny_sds": [], 
	"receivebyte_dataitems": {
		"Command status of shift lock solenoid": {
		"firstbyte": 4
		}
	}, 
	"minbytes": 4, 
	"sentbytes": "301401"
	}, 
	{
	"name": "BefPOS", 
	"replybytes": "63", 
	"deny_sds": [], 
	"receivebyte_dataitems": {
		"BefPOS": {
		"firstbyte": 2
		}
	}, 
	"minbytes": 2, 
	"sentbytes": "2300809A980001"
	}, 
	{
	"name": "Inhibition request", 
	"deny_sds": [], 
	"minbytes": 3, 
	"sentbytes": "31F002", 
	"replybytes": "71"
	}, 
	{
	"name": "Read after sale frame A2", 
	"replybytes": "61A2", 
	"deny_sds": [], 
	"receivebyte_dataitems": {
		"Target lock-up pressure": {
		"firstbyte": 32
		}, 
		"Oil temperature": {
		"firstbyte": 18
		}, 
		"Battery voltage": {
		"firstbyte": 19
		}, 
		"Actual secondary pressure": {
		"firstbyte": 6
		}, 
		"Primary pressure solenoid current": {
		"firstbyte": 10
		}, 
		"Grade": {
		"firstbyte": 36
		}, 
		"Low brake solenoid current": {
		"firstbyte": 30
		}, 
		"Vehicle speed": {
		"firstbyte": 34
		}, 
		"Self-learning flag": {
		"firstbyte": 23
		}, 
		"High clutch & reverse brake solenoid current": {
		"firstbyte": 26
		}, 
		"Target high clutch pressure": {
		"firstbyte": 24
		}, 
		"Shift vehicle speed": {
		"firstbyte": 14
		}, 
		"Line pressure solenoid current": {
		"firstbyte": 12
		}, 
		"Secondary pulley speed": {
		"firstbyte": 20
		}, 
		"Throttle valve opening": {
		"firstbyte": 22
		}, 
		"Lock-up solenoid current": {
		"firstbyte": 8
		}, 
		"Power battery voltage": {
		"firstbyte": 7
		}, 
		"Target low brake pressure": {
		"firstbyte": 28
		}, 
		"Target line pressure": {
		"firstbyte": 5
		}, 
		"Turbine speed": {
		"firstbyte": 16
		}, 
		"Target primary pressure": {
		"firstbyte": 3
		}
	}, 
	"minbytes": 37, 
	"sentbytes": "21A2"
	}, 
	{
	"name": "Re-activation request", 
	"deny_sds": [], 
	"minbytes": 3, 
	"sentbytes": "31F001", 
	"replybytes": "71"
	}, 
	{
	"name": "Read after sale frame A0", 
	"replybytes": "61A0", 
	"deny_sds": [], 
	"receivebyte_dataitems": {
		"Cruise Control Status (CAN)": {
		"firstbyte": 8
		}, 
		"EngineTorque_WithoutGBRequest (CAN)": {
		"firstbyte": 16
		}, 
		"AT_MinimumIdleSpeedRequest (CAN)": {
		"firstbyte": 18
		}, 
		"ECM_TorqueRequestStatus (CAN)": {
		"firstbyte": 17
		}, 
		"PowerTrainSetPoint (CAN)": {
		"firstbyte": 21
		}, 
		"Output Shaft Speed": {
		"firstbyte": 5
		}, 
		"MeanEffectiveTorque (CAN)": {
		"firstbyte": 14
		}, 
		"Turbine speed": {
		"firstbyte": 3
		}, 
		"AT_TorqueControlType (CAN)": {
		"firstbyte": 9
		}, 
		"FastTorqueRequest (CAN)": {
		"firstbyte": 10
		}, 
		"Raw Pedal (CAN)": {
		"firstbyte": 7
		}, 
		"KickDownActivated (CAN)": {
		"firstbyte": 22
		}, 
		"EngineRPM (CAN)": {
		"firstbyte": 19
		}, 
		"Limit_SlowTorqueRequest (CAN)": {
		"firstbyte": 12
		}
	}, 
	"minbytes": 22, 
	"sentbytes": "21A0"
	}, 
	{
	"name": "SftPOS", 
	"replybytes": "63", 
	"deny_sds": [], 
	"receivebyte_dataitems": {
		"SftPOS": {
		"firstbyte": 2
		}
	}, 
	"minbytes": 2, 
	"sentbytes": "2300809A000001"
	}, 
	{
	"name": "Stop Primary Pressure (PRI) Solenoid Control", 
	"deny_sds": [], 
	"minbytes": 3, 
	"sentbytes": "301500", 
	"replybytes": "70"
	}, 
	{
	"name": "ReadDTC", 
	"replybytes": "57", 
	"deny_sds": [], 
	"manualsend": true, 
	"receivebyte_dataitems": {
		"Type Of Fault": {
		"firstbyte": 5
		}, 
		"NDTC": {
		"firstbyte": 2
		}, 
		"Historical Failure": {
		"bitoffset": 1, 
		"firstbyte": 5
		}, 
		"Current Failure": {
		"bitoffset": 2, 
		"firstbyte": 5
		}, 
		"FirstDTC": {
		"firstbyte": 3
		}, 
		"Specific Fault": {
		"bitoffset": 3, 
		"firstbyte": 5
		}, 
		"Standard Fault": {
		"bitoffset": 3, 
		"firstbyte": 5
		}
	}, 
	"sendbyte_dataitems": {
		"MoreDTC": {
		"firstbyte": 3
		}
	}, 
	"minbytes": 2, 
	"sentbytes": "17FF00", 
	"shiftbytescount": 3
	}, 
	{
	"name": "Read current situation", 
	"replybytes": "71", 
	"deny_sds": [], 
	"receivebyte_dataitems": {
		"Current situation": {
		"firstbyte": 3
		}
	}, 
	"minbytes": 3, 
	"sentbytes": "31F000"
	}, 
	{
	"name": "DCForPDTC", 
	"replybytes": "63", 
	"deny_sds": [], 
	"receivebyte_dataitems": {
		"DrivingCycleForPDTC": {
		"firstbyte": 2
		}
	}, 
	"minbytes": 2, 
	"sentbytes": "23008042170001"
	}, 
	{
	"name": "EEPROM Clear", 
	"deny_sds": [], 
	"minbytes": 2, 
	"sentbytes": "310400", 
	"replybytes": "7104"
	}, 
	{
	"name": "Write date of last after-sales operation", 
	"replybytes": "7BB0", 
	"deny_sds": [], 
	"manualsend": true, 
	"sendbyte_dataitems": {
		"After-sales day": {
		"firstbyte": 5
		}, 
		"After-sales year": {
		"firstbyte": 3
		}, 
		"After-sales month": {
		"firstbyte": 4
		}
	}, 
	"minbytes": 2, 
	"sentbytes": "3BB0000000"
	}
], 
"data": {
	"HR Solenoid Monitor Current": {
	"scaled": true, 
	"bytescount": 2, 
	"divideby": 1000.0, 
	"bitscount": 16, 
	"unit": "A"
	}, 
	"MEX SW Status": {
	"lists": {
		"0": "Mode AT 1(Eco)", 
		"1": "Mode AT 2(Normal)", 
		"2": "Mode AT 3(Brio)", 
		"3": "Mode AT 4(Race)", 
		"4": "Mode AT 5", 
		"5": "Mode AT 6(Normal forced)", 
		"6": "Mode AT 7", 
		"7": "Unavailable"
	}
	}, 
	"Shifting Mode": {
	"lists": {
		"0": "NORMAL MODE", 
		"1": "ABSVFAL MODE", 
		"2": "ECONOMY MODE", 
		"3": "MANUAL MODE", 
		"4": "AUTO POWER MODE", 
		"5": "LINEAR MODE", 
		"6": "ETCFAL MODE", 
		"7": "START MODE"
	}
	}, 
	"CruiseControlStatus_forTM (CAN)": {
	"comment": "Type of cruise control running (speed limiter or cruise control)", 
	"lists": {
		"0": "CC and SL inactive", 
		"1": "Pedal recovery", 
		"2": "CC or SL active"
	}
	}, 
	"Battery voltage": {
	"comment": "Potential voltage on battery", 
	"divideby": 1023.0, 
	"format": "#0.00", 
	"scaled": true, 
	"step": 80.0, 
	"unit": "V"
	}, 
	"Memory address": {
	"comment": "Data encoded with 4 bytes", 
	"bytescount": 4, 
	"byte": true, 
	"bitscount": 32
	}, 
	"VDC Operation Signal": {
	"bitscount": 1, 
	"lists": {
		"0": "OFF", 
		"1": "ON"
	}
	}, 
	"Line Pressure control status": {
	"bitscount": 6, 
	"lists": {
		"0": "PLMIN", 
		"1": "the lowest temperature", 
		"2": "low opening racing", 
		"3": "low speed racing", 
		"4": "high rotation racing", 
		"5": "normal select", 
		"6": "Minimum pressure when Idle", 
		"7": "Normal", 
		"8": "low opening RD select", 
		"9": "low opening racing2", 
		"10": "LU solenoid fail"
	}
	}, 
	"Historical Failure": {
	"bitscount": 1, 
	"lists": {
		"0": "No", 
		"1": "Yes"
	}
	}, 
	"Current Failure": {
	"comment": "Indicating if the failure is always present or not", 
	"bitscount": 1, 
	"lists": {
		"0": "No", 
		"1": "Yes"
	}
	}, 
	"Manual UP(Lever SW)": {
	"bitscount": 1, 
	"lists": {
		"0": "OFF", 
		"1": "ON"
	}
	}, 
	"BefPOS": {
	"scaled": true
	}, 
	"Service Learning Count(Low/B)": {
	"scaled": true, 
	"unit": "Count"
	}, 
	"Primary pressure solenoid current": {
	"scaled": true, 
	"bytescount": 2, 
	"bitscount": 16, 
	"unit": "mA"
	}, 
	"ITG supplier code in ASCII": {
	"bytesascii": true, 
	"bytescount": 3, 
	"byte": true, 
	"bitscount": 24
	}, 
	"Target SLCT Pressure": {
	"scaled": true, 
	"divideby": 1000.0, 
	"step": 25.0, 
	"unit": "MPa"
	}, 
	"OUTPUT SPEED": {
	"scaled": true, 
	"step": 64.0, 
	"unit": "rpm"
	}, 
	"Oil Temperature (HC \"0\" Point Learning Value)": {
	"scaled": true, 
	"divideby": -40.0, 
	"unit": "\u00b0C"
	}, 
	"N range SW": {
	"bitscount": 1, 
	"lists": {
		"0": "OFF", 
		"1": "ON"
	}
	}, 
	"FFD_Gdata(signed)": {
	"scaled": true, 
	"divideby": 32.0, 
	"comment": "G Sensor", 
	"unit": "G", 
	"signed": true
	}, 
	"N Range Indicator": {
	"bitscount": 1, 
	"lists": {
		"0": "OFF", 
		"1": "ON"
	}
	}, 
	"EngREV": {
	"scaled": true, 
	"bytescount": 2, 
	"bitscount": 16, 
	"unit": "rpm"
	}, 
	"Pri revolution sensor": {
	"scaled": true, 
	"step": 32.0, 
	"unit": "rpm"
	}, 
	"Target step motor displacement": {
	"comment": "Desired step motor displacement regarding initial position", 
	"divideby": 177.0, 
	"bitscount": 16, 
	"format": "#0.0", 
	"signed": true, 
	"scaled": true, 
	"step": 100.0, 
	"bytescount": 2, 
	"unit": "%"
	}, 
	"Producer ECM absent": {
	"byte": true
	}, 
	"Lock Up Pattern": {
	"lists": {
		"0": "Lock up off", 
		"16": "Lock up on", 
		"192": "Lock up off(C0)", 
		"32": "Lock up off(20h)", 
		"48": "Lock up on(30h)"
	}
	}, 
	"FFD_DsrREV": {
	"scaled": true, 
	"comment": "Desire engine revolution speed", 
	"step": 32.0, 
	"unit": "rpm"
	}, 
	"ApprovalNumber": {
	"bytesascii": true, 
	"bytescount": 10, 
	"byte": true, 
	"bitscount": 80
	}, 
	"PartNumber.LowerPart": {
	"bytesascii": true, 
	"bytescount": 5, 
	"byte": true, 
	"bitscount": 40
	}, 
	"Service Learning Pressure(Rev/B)": {
	"scaled": true, 
	"divideby": 16000.0, 
	"step": 25.0, 
	"unit": "MPa"
	}, 
	"M4WD Absent Parameter": {
	"scaled": true
	}, 
	"Throttle valve opening": {
	"comment": "Engine throttle valve opening", 
	"divideby": 255.0, 
	"format": "#0.0", 
	"scaled": true, 
	"step": 100.0, 
	"unit": "%"
	}, 
	"FFD_EngREV": {
	"scaled": true, 
	"comment": "Engine Speed", 
	"step": 32.0, 
	"unit": "rpm", 
	"format": "0000"
	}, 
	"Current situation": {
	"lists": {
		"1": "Normal status", 
		"2": "Inhibited (ready for bench)"
	}
	}, 
	"Oil temperature": {
	"scaled": true, 
	"format": "#0", 
	"unit": "\u00b0C", 
	"offset": -55.0
	}, 
	"Engine Water Temp": {
	"scaled": true, 
	"divideby": -40.0, 
	"unit": "\u00b0C"
	}, 
	"TOTAL GEAR RATIO": {
	"scaled": true, 
	"divideby": 100.0, 
	"step": 4.0
	}, 
	"Torque Down Information2": {
	"scaled": true
	}, 
	"Definition of the supplier production line": {
	"byte": true, 
	"bytesascii": true
	}, 
	"Command Current of Low-Brake (L/B) Solenoid": {
	"scaled": true, 
	"bytescount": 2, 
	"bitscount": 16, 
	"unit": "mA", 
	"format": "000"
	}, 
	"Command Current of Primary Pressure (PRI) Solenoid": {
	"scaled": true, 
	"bytescount": 2, 
	"bitscount": 16, 
	"unit": "mA", 
	"format": "000"
	}, 
	"SoftwareNumber": {
	"comment": "Software identification number", 
	"bytescount": 2, 
	"byte": true, 
	"bitscount": 16
	}, 
	"Vehicle speed for shift control": {
	"scaled": true, 
	"unit": "km/h"
	}, 
	"Confirmed failures 10": {
	"scaled": true, 
	"format": "bin"
	}, 
	"After-sales month": {
	"byte": true
	}, 
	"Sub shift control phase": {
	"comment": "Sub shift control phase", 
	"lists": {
		"0": "sub shift control OFF"
	}
	}, 
	"ACTHprs": {
	"scaled": true, 
	"divideby": 40.0, 
	"comment": "Real mesured secondary pressure", 
	"unit": "MPa", 
	"format": "#0.000"
	}, 
	"HC Study PreCharge": {
	"scaled": true, 
	"divideby": 1000.0
	}, 
	"APO for shift control": {
	"scaled": true, 
	"divideby": 255.0, 
	"step": 80.0, 
	"unit": "\u00b0"
	}, 
	"Mute module parameter": {
	"byte": true
	}, 
	"HC\"0\" Point Learning Value": {
	"scaled": true, 
	"divideby": 1000.0, 
	"step": 25.0, 
	"unit": "MPa"
	}, 
	"P range SW": {
	"bitscount": 1, 
	"lists": {
		"0": "OFF", 
		"1": "ON"
	}
	}, 
	"Target Pully Revolution": {
	"scaled": true, 
	"step": 32.0, 
	"unit": "rpm"
	}, 
	"Date of production": {
	"bytesascii": true, 
	"bytescount": 6, 
	"byte": true, 
	"bitscount": 48
	}, 
	"ECM_TorqueRequestStatus (CAN)": {
	"comment": "Type of torque request sent by gearbox to the engine", 
	"lists": {
		"0": "Normal", 
		"1": "Exact torque request cannot be achieved (mesure imprecision)", 
		"2": "Transient state preventing torque request realization", 
		"3": "Torque request can not be achieved"
	}
	}, 
	"Manual mode: tip down switch": {
	"lists": {
		"0": "OFF", 
		"1": "ON"
	}
	}, 
	"Vehicle Speed sensor(Km/h)": {
	"scaled": true, 
	"unit": "km/h"
	}, 
	"Engine Revolution": {
	"scaled": true, 
	"step": 32.0, 
	"unit": "rpm"
	}, 
	"ABS Operation Signal": {
	"bitscount": 1, 
	"lists": {
		"0": "OFF", 
		"1": "ON"
	}
	}, 
	"Confirmed failures 4": {
	"scaled": true, 
	"format": "bin"
	}, 
	"Confirmed failures 5": {
	"scaled": true, 
	"format": "bin"
	}, 
	"Confirmed failures 6": {
	"scaled": true, 
	"format": "bin"
	}, 
	"Confirmed failures 7": {
	"scaled": true, 
	"format": "bin"
	}, 
	"Confirmed failures 1": {
	"scaled": true, 
	"format": "bin"
	}, 
	"Confirmed failures 2": {
	"scaled": true, 
	"format": "bin"
	}, 
	"Confirmed failures 3": {
	"scaled": true, 
	"format": "bin"
	}, 
	"Mute Module parameter-Current Failure(Short period)": {
	"comment": "CAN Monitor", 
	"bitscount": 1, 
	"lists": {
		"0": "No Fail", 
		"1": "Fail"
	}
	}, 
	"Confirmed failures 8": {
	"scaled": true, 
	"format": "bin"
	}, 
	"Confirmed failures 9": {
	"scaled": true, 
	"format": "bin"
	}, 
	"Automated Engine Brake Level": {
	"lists": {
		"0": "ON", 
		"4": "OFF"
	}
	}, 
	"Gear Ratio": {
	"comment": "Current gear ratio (primary pulley speed/secondary pulley speed)", 
	"divideby": 10000.0, 
	"bitscount": 16, 
	"format": "#0.000", 
	"scaled": true, 
	"bytescount": 2
	}, 
	"PL Solenoid Output Current": {
	"scaled": true, 
	"bytescount": 2, 
	"divideby": 1000.0, 
	"bitscount": 16, 
	"unit": "A"
	}, 
	"CalibrationNumber": {
	"comment": "Numero de calibration en Hexa", 
	"bytescount": 2, 
	"byte": true, 
	"bitscount": 16
	}, 
	"LU Solenoid Monitor Current": {
	"scaled": true, 
	"bytescount": 2, 
	"divideby": 1000.0, 
	"bitscount": 16, 
	"unit": "A"
	}, 
	"ATF Temperature": {
	"scaled": true, 
	"unit": "\u00b0C", 
	"offset": -40.0
	}, 
	"EngineRPM": {
	"scaled": true, 
	"bytescount": 2, 
	"bitscount": 16, 
	"unit": "rpm", 
	"format": "0000"
	}, 
	"Target ratio": {
	"scaled": true, 
	"bytescount": 2, 
	"divideby": 25600.0, 
	"bitscount": 16, 
	"format": "#0.000"
	}, 
	"Line pressure solenoid current": {
	"scaled": true, 
	"bytescount": 2, 
	"comment": "Current detected value of line pressure solenoid", 
	"bitscount": 16, 
	"unit": "mA"
	}, 
	"G Sensor Calibration Status($2101 #86)": {
	"bitscount": 1, 
	"lists": {
		"0": "Not Finished", 
		"1": "Finished"
	}
	}, 
	"Desired Line Pressure": {
	"scaled": true, 
	"divideby": 1000.0, 
	"step": 25.0, 
	"unit": "MPa"
	}, 
	"NIDL Status": {
	"bitscount": 1, 
	"lists": {
		"0": "Not N-Idle", 
		"1": "N-Idle"
	}
	}, 
	"BUS OFF parameter-Current Falilure(Short period)": {
	"comment": "CAN Monitor", 
	"bitscount": 1, 
	"lists": {
		"0": "No Fail", 
		"1": "Fail"
	}
	}, 
	"RDTC": {
	"bytescount": 3, 
	"byte": true, 
	"bitscount": 24
	}, 
	"Tbn revolution": {
	"scaled": true, 
	"step": 32.0, 
	"unit": "rpm"
	}, 
	"LB Study Gain Value": {
	"scaled": true, 
	"divideby": 100.0
	}, 
	"PartNumber.BasicPartList": {
	"lists": {
		"0": "N_A", 
		"1": "31032", 
		"2": "31039"
	}
	}, 
	"Group of diagnostic information": {
	"bytescount": 2, 
	"byte": true, 
	"bitscount": 16
	}, 
	"Low brake solenoid current": {
	"scaled": true, 
	"bytescount": 2, 
	"bitscount": 16, 
	"unit": "mA"
	}, 
	"Producer ACC absent": {
	"byte": true
	}, 
	"MET Absent- Fail Counter": {
	"comment": "CAN Monitor", 
	"bitscount": 6, 
	"lists": {
		"0": "No Fail", 
		"32": "Fail"
	}
	}, 
	"TCS Shift Schedule Change Signal 2": {
	"bitscount": 1, 
	"lists": {
		"0": "OFF", 
		"1": "ON"
	}
	}, 
	"Lock-up inhibition 2": {
	"bytescount": 2, 
	"bitscount": 16, 
	"lists": {
		"0": "Lock-up inhibition OFF"
	}
	}, 
	"TvoSEN($23)": {
	"scaled": true, 
	"divideby": 10000.0, 
	"step": 3137.0, 
	"unit": "\u00b0"
	}, 
	"Lock-up inhibition 1": {
	"bytescount": 2, 
	"bitscount": 16, 
	"lists": {
		"0": "Lock-up infibition OFF"
	}
	}, 
	"VDC Absent-Current Falilure(Short period)": {
	"comment": "CAN Monitor", 
	"bitscount": 1, 
	"lists": {
		"0": "No Fail", 
		"1": "Fail"
	}
	}, 
	"ECO Mode Inforamation": {
	"bitscount": 1, 
	"lists": {
		"0": "OFF", 
		"1": "ECO mode"
	}
	}, 
	"Target Total Ratio": {
	"scaled": true, 
	"divideby": 100.0, 
	"step": 4.0
	}, 
	"LB Solenoid Output Current": {
	"scaled": true, 
	"bytescount": 2, 
	"divideby": 1000.0, 
	"bitscount": 16, 
	"unit": "A"
	}, 
	"BCM Absent-Current Failure(Long period)": {
	"comment": "CAN Monitor", 
	"bitscount": 1, 
	"lists": {
		"0": "No Fail", 
		"1": "Fail"
	}
	}, 
	"Target Sec Pressure": {
	"scaled": true, 
	"divideby": 1000.0, 
	"step": 25.0, 
	"unit": "MPa"
	}, 
	"Mute Module Parameter- Fail Counter": {
	"comment": "CAN Monitor", 
	"bitscount": 6, 
	"lists": {
		"0": "No Fail", 
		"32": "Fail"
	}
	}, 
	"APO": {
	"scaled": true, 
	"divideby": 255.0, 
	"step": 80.0, 
	"unit": "\u00b0"
	}, 
	"FFD_PriREV": {
	"scaled": true, 
	"comment": "Primary Pulley RPM", 
	"step": 32.0, 
	"unit": "rpm", 
	"format": "0000"
	}, 
	"Limit_SlowTorqueRequest (CAN)": {
	"bitscount": 16, 
	"scaled": true, 
	"step": 0.5, 
	"bytescount": 2, 
	"offset": -400.0, 
	"unit": "Nm"
	}, 
	"Torque Ratio": {
	"scaled": true, 
	"divideby": 64.0
	}, 
	"ECM Absent-Current Failure(Long period)": {
	"comment": "CAN Monitor", 
	"bitscount": 1, 
	"lists": {
		"0": "No Fail", 
		"1": "Fail"
	}
	}, 
	"SubShifting Phase Information": {
	"lists": {
		"0": "Not Shifting Phase", 
		"1": "Standby Phase", 
		"2": "Torque Phase", 
		"3": "Inertial Phase", 
		"4": "End Phase"
	}
	}, 
	"Version number": {
	"comment": "Software version(edition) number", 
	"bytescount": 2, 
	"byte": true, 
	"bitscount": 16
	}, 
	"Service Learning Count(Rev/B)": {
	"scaled": true, 
	"unit": "Count"
	}, 
	"Gearbox pattern": {
	"comment": "Mechnical current position", 
	"lists": {
		"0": "D-range", 
		"1": "S-range", 
		"2": "L-range", 
		"3": "N-range", 
		"4": "R-range", 
		"15": "Mask-range"
	}
	}, 
	"I-CON Absent Parameter": {
	"scaled": true
	}, 
	"Eng Torque": {
	"scaled": true, 
	"divideby": 10.0, 
	"unit": "Nm"
	}, 
	"PULLEY RATIO($2101)": {
	"scaled": true, 
	"divideby": 100.0, 
	"step": 4.0
	}, 
	"BrakeInfoStatus (CAN)": {
	"comment": "Brake information status received from ABS", 
	"lists": {
		"1": "OFF", 
		"2": "ON", 
		"4": "ON (Confirmed)", 
		"7": "Unavailable"
	}
	}, 
	"Normal Engine Torque Down Request Value": {
	"scaled": true, 
	"step": 2.0, 
	"unit": "N\u00b7m", 
	"offset": -100.0
	}, 
	"MoreDTC": {
	"scaled": true, 
	"signed": true
	}, 
	"G Sensor Calibration Status": {
	"bitscount": 1, 
	"lists": {
		"0": "Not Finished", 
		"1": "Finished"
	}
	}, 
	"VIGN Voltage": {
	"scaled": true, 
	"divideby": 255.0, 
	"step": 20.0, 
	"unit": "V"
	}, 
	"Confirmed failures 12": {
	"scaled": true, 
	"format": "bin"
	}, 
	"FirstDTC": {
	"comment": "List of DTCs", 
	"bytescount": 2, 
	"bitscount": 16, 
	"lists": {
		"6144": "Line Pressure (P/L) Solenoid Failure - Functional", 
		"49153": "CAN Control unit failure", 
		"6146": "Secondary pressure sensor failure - Functional", 
		"49540": "CAN Mute - MULTIDRIVE(RADIO)", 
		"1797": "Inhibitor switch failure", 
		"5510": "G Sensor failure", 
		"50177": "CAN Mute ECM", 
		"1808": "Oil temperature sensor failure", 
		"1809": "Oil temperature sensor failure - Functional", 
		"1813": "Primary revolution speed sensor failure", 
		"1824": "Secondary revolution speed sensor failure", 
		"49441": "CAN Mute ABS/VDC", 
		"1542": "Memory back up failure", 
		"50176": "CAN - DLC Failure", 
		"2345": "Shift Lock Solenoid Failure", 
		"6073": "Output revolution speed sensor failure", 
		"5946": "Low Brake (L/B) Solenoid Failure", 
		"49472": "CAN Mute BCM", 
		"1857": "Lock-up (L/U) Solenoid Failure - Functional", 
		"1859": "Lock-up (L/U) Solenoid Failure", 
		"2117": "Secondary pressure sensor failure", 
		"1378": "Battery Voltage - Too low", 
		"1878": "Line Pressure (P/L) Solenoid Failure", 
		"5945": "High/Reverse clutch (H/R) Solenoid Failure", 
		"2085": "Manual mode switches failure", 
		"2402": "Primary Pressure Solenoid Failure", 
		"2152": "Secondary oil pressure Drop", 
		"49267": "CAN - Bus off"
	}
	}, 
	"Approval number (21FF)": {
	"bytesascii": true, 
	"bytescount": 5, 
	"byte": true, 
	"bitscount": 40
	}, 
	"Confirmed failures 11": {
	"scaled": true, 
	"format": "bin"
	}, 
	"Grade": {
	"divideby": 100.0, 
	"bitscount": 16, 
	"signed": true, 
	"scaled": true, 
	"bytescount": 2, 
	"unit": "%"
	}, 
	"Engine RPM": {
	"scaled": true, 
	"step": 32.0, 
	"unit": "rpm"
	}, 
	"TCS Shift Schedule Change Signal": {
	"bitscount": 1, 
	"lists": {
		"0": "OFF", 
		"1": "ON"
	}
	}, 
	"Input Torque": {
	"scaled": true, 
	"divideby": 10.0, 
	"step": 64.0, 
	"unit": "N\u00b7m"
	}, 
	"LFailIN5": {
	"scaled": true
	}, 
	"LFailIN4": {
	"scaled": true
	}, 
	"LFailIN3": {
	"scaled": true
	}, 
	"LFailIN2": {
	"scaled": true
	}, 
	"LFailIN1": {
	"scaled": true
	}, 
	"Target lock-up pressure": {
	"divideby": 25600.0, 
	"bitscount": 16, 
	"signed": true, 
	"scaled": true, 
	"bytescount": 2, 
	"unit": "MPa"
	}, 
	"Saturated Engine Torque Down Request Value": {
	"scaled": true, 
	"step": 2.0, 
	"unit": "N\u00b7m", 
	"offset": -100.0
	}, 
	"TvoSEN": {
	"comment": "Engine throttle valve opening", 
	"divideby": 255.0, 
	"format": "#0.0", 
	"scaled": true, 
	"step": 100.0, 
	"unit": "%"
	}, 
	"Oil Temperature sensor": {
	"scaled": true, 
	"divideby": 1000000000.0, 
	"step": 9803922.0, 
	"unit": "V"
	}, 
	"ECM Absent- Fail Counter": {
	"comment": "CAN Monitor", 
	"bitscount": 6, 
	"lists": {
		"0": "No Fail", 
		"32": "Fail"
	}
	}, 
	"ResetMode": {
	"lists": {
		"255": "All teach-ins"
	}
	}, 
	"After-sales year": {
	"byte": true
	}, 
	"Command status of shift lock solenoid": {
	"lists": {
		"0": "off", 
		"1": "on"
	}
	}, 
	"Target low brake pressure": {
	"divideby": 256000.0, 
	"bitscount": 16, 
	"scaled": true, 
	"step": 25.0, 
	"bytescount": 2, 
	"unit": "MPa"
	}, 
	"ECM Absent-Current Falilure(Short period)": {
	"comment": "CAN Monitor", 
	"bitscount": 1, 
	"lists": {
		"0": "No Fail", 
		"1": "Fail"
	}
	}, 
	"Target primary pressure": {
	"divideby": 256000.0, 
	"bitscount": 16, 
	"scaled": true, 
	"step": 25.0, 
	"bytescount": 2, 
	"unit": "MPa"
	}, 
	"Self-learning flag": {
	"comment": "Flag that indicates the writing in EEprom is well done", 
	"lists": {
		"0": "Deleted", 
		"3": "Performed"
	}
	}, 
	"PL Solenoid Monitor Current": {
	"scaled": true, 
	"bytescount": 2, 
	"divideby": 1000.0, 
	"bitscount": 16, 
	"unit": "A"
	}, 
	"MET Absent-Current Falilure(Short period)": {
	"comment": "CAN Monitor", 
	"bitscount": 1, 
	"lists": {
		"0": "No Fail", 
		"1": "Fail"
	}
	}, 
	"AT_MinimumIdleSpeedRequest (CAN)": {
	"scaled": true, 
	"comment": "Minimum requested value of engine idle speed", 
	"step": 8.0, 
	"unit": "rpm"
	}, 
	"Record local identifier": {
	"comment": "Record Local Identifier", 
	"lists": {
		"16": "L/U & SEL Solenoid", 
		"17": "PL Solenoid", 
		"18": "SEC Solenoid", 
		"19": "L/U & SEL ON/OFF Solenoid", 
		"20": "P Shift Lock Solenoid"
	}
	}, 
	"Record values": {
	"byte": true
	}, 
	"Producer AT CVT2": {
	"byte": true
	}, 
	"M Mode SW": {
	"bitscount": 1, 
	"lists": {
		"0": "OFF", 
		"1": "ON"
	}
	}, 
	"DiagnosticIdentificationCode": {
	"comment": "Diag evolution number", 
	"byte": true
	}, 
	"BUS OFF Parameter-Fali Counter": {
	"comment": "CAN Monitor", 
	"bitscount": 6, 
	"lists": {
		"0": "No Fail", 
		"32": "Fail"
	}
	}, 
	"Command Current of Line Pressure (PL) Solenoid": {
	"scaled": true, 
	"bytescount": 2, 
	"bitscount": 16, 
	"unit": "mA", 
	"format": "000"
	}, 
	"Engine torque": {
	"comment": "Actual torque delivered by the engine", 
	"divideby": 10.0, 
	"bitscount": 16, 
	"signed": true, 
	"scaled": true, 
	"bytescount": 2, 
	"unit": "Nm"
	}, 
	"G Sensor(ATCU)": {
	"scaled": true, 
	"divideby": 255.0, 
	"step": 5.0, 
	"unit": "V"
	}, 
	"G Sensor Zero point status": {
	"lists": {
		"1": "Calibration on going", 
		"2": "Calibration OK", 
		"4": "Calibration NOK"
	}
	}, 
	"HR Solenoid Output Current": {
	"scaled": true, 
	"bytescount": 2, 
	"divideby": 1000.0, 
	"bitscount": 16, 
	"unit": "A"
	}, 
	"Target line pressure": {
	"scaled": true, 
	"divideby": 40.0, 
	"unit": "MPa", 
	"format": "#0.000"
	}, 
	"Bus OFF parameter": {
	"byte": true
	}, 
	"Manual DOWN(Lever SW)": {
	"bitscount": 1, 
	"lists": {
		"0": "OFF", 
		"1": "ON"
	}
	}, 
	"LB \"0\" Point Learning Value": {
	"scaled": true, 
	"divideby": 1000.0, 
	"step": 25.0, 
	"unit": "MPa"
	}, 
	"LB Solenoid Monitor Current": {
	"scaled": true, 
	"bytescount": 2, 
	"divideby": 1000.0, 
	"bitscount": 16, 
	"unit": "A"
	}, 
	"Target SubGear position": {
	"lists": {
		"1": "1st", 
		"2": "2nd"
	}
	}, 
	"USM Absent-Current Falilure(Short period)": {
	"comment": "CAN Monitor", 
	"bitscount": 1, 
	"lists": {
		"0": "No Fail", 
		"1": "Fail"
	}
	}, 
	"NDTC": {
	"scaled": true
	}, 
	"EngineTorque_WithoutGBRequest (CAN)": {
	"scaled": true, 
	"step": 2.0, 
	"unit": "Nm", 
	"offset": -100.0
	}, 
	"TempSEN": {
	"scaled": true, 
	"comment": "Oil temperature", 
	"format": "#0", 
	"unit": "\u00b0C", 
	"offset": -55.0
	}, 
	"Output Shaft Speed": {
	"scaled": true, 
	"bytescount": 2, 
	"bitscount": 16, 
	"format": "rpm"
	}, 
	"Shift mode": {
	"lists": {
		"0": "NORMAL MODE", 
		"1": "ABSVFAL MODE", 
		"2": "ECONOMY MODE", 
		"3": "MANUAL MODE", 
		"4": "AUTO POWER MODE", 
		"5": "LINEAR MODE", 
		"6": "ETCFAL MODE", 
		"7": "START MODE"
	}
	}, 
	"Vehicle speed($2101)": {
	"scaled": true, 
	"unit": "km/h"
	}, 
	"HardwareNumber.LowerPart": {
	"bytesascii": true, 
	"bytescount": 5, 
	"byte": true, 
	"bitscount": 40
	}, 
	"ApprovalNumber.BasicPartList": {
	"lists": {
		"0": "82010", 
		"1": "HMLGT"
	}
	}, 
	"Power battery voltage": {
	"scaled": true, 
	"divideby": 1023.0, 
	"step": 80.0, 
	"unit": "V"
	}, 
	"Standard Fault": {
	"bitscount": 5, 
	"lists": {
		"0": "No possible classification about the type of fault", 
		"1": "Open circuit", 
		"2": "Short circuit to ground", 
		"3": "Short circuit to power supply", 
		"4": "Parameter at minimum value", 
		"5": "Parameter at maximum value", 
		"6": "Incoherency, not plausible", 
		"7": "No signal", 
		"8": "Below minimum threshold", 
		"9": "Above maximum threshold", 
		"10": "Permanent low level", 
		"11": "Permanent high level", 
		"12": "Lines short-circuited", 
		"13": "Internal electronic anomaly", 
		"14": "Network default", 
		"15": "Remote diagnostic", 
		"16": "Disturbed communication", 
		"17": "Microcuts", 
		"18": "Abnormal voltage", 
		"19": "Value out of range", 
		"20": "Open circuit or short circuit to ground", 
		"21": "Open circuit or short circuit to power supply", 
		"22": "Initialization / configuration not valid"
	}
	}, 
	"Ratio": {
	"scaled": true, 
	"bytescount": 2, 
	"divideby": 10000.0, 
	"bitscount": 16
	}, 
	"Target Pully Ratio": {
	"scaled": true, 
	"divideby": 100.0, 
	"step": 4.0
	}, 
	"BCM Absent-Current Falilure(Short period)": {
	"comment": "CAN Monitor", 
	"bitscount": 1, 
	"lists": {
		"0": "No Fail", 
		"1": "Fail"
	}
	}, 
	"TCS Operation Signal": {
	"bitscount": 1, 
	"lists": {
		"0": "OFF", 
		"1": "ON"
	}
	}, 
	"RADIO Absent- Fail Counter": {
	"comment": "CAN Monitor", 
	"bitscount": 6, 
	"lists": {
		"0": "No Fail", 
		"32": "Fail"
	}
	}, 
	"Vehicle Speed sensor(RPM)": {
	"scaled": true, 
	"step": 64.0
	}, 
	"Target HR pressure": {
	"scaled": true, 
	"divideby": 1000.0, 
	"step": 25.0, 
	"unit": "MPa"
	}, 
	"Cruise Control Status (CAN)": {
	"lists": {
		"1": "CC or SL Active"
	}
	}, 
	"P Range Indicator": {
	"bitscount": 1, 
	"lists": {
		"0": "OFF", 
		"1": "ON"
	}
	}, 
	"N/C learning flag": {
	"lists": {
		"4": "Completed"
	}
	}, 
	"Brake SW": {
	"bitscount": 1, 
	"lists": {
		"0": "OFF", 
		"1": "ON"
	}
	}, 
	"Mux messaging reference": {
	"bytesascii": true, 
	"bytescount": 2, 
	"byte": true, 
	"bitscount": 16
	}, 
	"OBD memorized failures 8": {
	"scaled": true, 
	"format": "bin"
	}, 
	"OBD memorized failures 9": {
	"scaled": true, 
	"format": "bin"
	}, 
	"Secondary pulley speed": {
	"comment": "Secondary axle revolution speed", 
	"bitscount": 16, 
	"format": "0000", 
	"scaled": true, 
	"bytescount": 2, 
	"unit": "rpm"
	}, 
	"Secondary pressure solenoid current": {
	"comment": "Current detected value of secondary pressure solenoid", 
	"divideby": 1000.0, 
	"bitscount": 16, 
	"format": "#0.000", 
	"scaled": true, 
	"bytescount": 2, 
	"unit": "A"
	}, 
	"OBD memorized failures 1": {
	"scaled": true, 
	"format": "bin"
	}, 
	"OBD memorized failures 2": {
	"scaled": true, 
	"format": "bin"
	}, 
	"OBD memorized failures 3": {
	"scaled": true, 
	"format": "bin"
	}, 
	"OBD memorized failures 4": {
	"scaled": true, 
	"format": "bin"
	}, 
	"OBD memorized failures 5": {
	"scaled": true, 
	"format": "bin"
	}, 
	"OBD memorized failures 6": {
	"scaled": true, 
	"format": "bin"
	}, 
	"OBD memorized failures 7": {
	"scaled": true, 
	"format": "bin"
	}, 
	"Actual primary pressure": {
	"scaled": true, 
	"divideby": 40.0, 
	"comment": "Real mesured line (primary) pressure", 
	"unit": "MPa", 
	"format": "#0.000"
	}, 
	"PTD APO": {
	"scaled": true, 
	"divideby": 255.0, 
	"step": 80.0, 
	"unit": "\u00b0"
	}, 
	"Vehicle Speed signal": {
	"scaled": true, 
	"unit": "km/h"
	}, 
	"Shift vehicle speed": {
	"comment": "Physisal value of vehicle speed", 
	"divideby": 256.0, 
	"bitscount": 16, 
	"format": "###", 
	"scaled": true, 
	"bytescount": 2, 
	"unit": "km/h"
	}, 
	"Memory size": {
	"bytescount": 2, 
	"byte": true, 
	"bitscount": 16
	}, 
	"CAN Auto-config Status (AEBS)": {
	"bitscount": 2, 
	"lists": {
		"0": "Auto-config(without AEBS)", 
		"1": "Auto-config(with AEBS)", 
		"2": "without AEBS", 
		"3": "with AEBS"
	}
	}, 
	"FFD_DRatio": {
	"scaled": true, 
	"divideby": 100.0, 
	"step": 4.0, 
	"format": "#0.000"
	}, 
	"CRC": {
	"bytescount": 2, 
	"byte": true, 
	"bitscount": 16
	}, 
	"Step motor displacement": {
	"divideby": 177.0, 
	"bitscount": 16, 
	"format": "#0.0", 
	"signed": true, 
	"scaled": true, 
	"step": 100.0, 
	"bytescount": 2, 
	"unit": "%"
	}, 
	"EngineCoolantTemp (CAN)": {
	"scaled": true, 
	"unit": "\u00b0C", 
	"offset": -40.0
	}, 
	"FFD_vSUBRATIO0": {
	"scaled": true, 
	"divideby": 100.0, 
	"step": 4.0
	}, 
	"Production number": {
	"bytesascii": true, 
	"bytescount": 6, 
	"byte": true, 
	"bitscount": 48
	}, 
	"BCM Absent- Fail Counter": {
	"comment": "CAN Monitor", 
	"bitscount": 6, 
	"lists": {
		"0": "No Fail", 
		"32": "Fail"
	}
	}, 
	"Actual Engine Torque": {
	"scaled": true, 
	"divideby": 10.0, 
	"step": 64.0, 
	"unit": "N\u00b7m"
	}, 
	"Producer BCM absent": {
	"byte": true
	}, 
	"FFD_ReqTRQ": {
	"scaled": true, 
	"divideby": -100.0, 
	"step": 2.0, 
	"comment": "Requested Torque", 
	"unit": "N\u00b7m"
	}, 
	"AT_TorqueControlType (CAN)": {
	"comment": "Type of torque control performed to the engine", 
	"lists": {
		"0": "Torque limitation without transmission change", 
		"5": "Upper torque value limitation", 
		"6": "Lower torque value limitation", 
		"7": "Full torque control"
	}
	}, 
	"Lock-up positon": {
	"comment": "Lock-up position", 
	"byte": true
	}, 
	"ECU reset": {
	"lists": {
		"0": "COMPLETED", 
		"3": "NOT COMPLETED"
	}
	}, 
	"Target L/U Pressure difference": {
	"scaled": true, 
	"divideby": 100.0, 
	"unit": "MPa"
	}, 
	"RawSensor (CAN)": {
	"scaled": true, 
	"divideby": 256.0, 
	"step": 100.0, 
	"unit": "%", 
	"format": "#0.0"
	}, 
	"Type Of Fault": {
	"bitscount": 1, 
	"lists": {
		"0": "Standard", 
		"1": "Specific"
	}
	}, 
	"Actual secondary pressure": {
	"scaled": true, 
	"divideby": 40.0, 
	"comment": "Real mesured secondary pressure", 
	"unit": "MPa", 
	"format": "#0.000"
	}, 
	"OBD pending failures 7": {
	"scaled": true
	}, 
	"OBD pending failures 6": {
	"scaled": true
	}, 
	"OBD pending failures 5": {
	"scaled": true
	}, 
	"OBD pending failures 4": {
	"scaled": true, 
	"format": "bin"
	}, 
	"OBD pending failures 3": {
	"scaled": true, 
	"format": "bin"
	}, 
	"OBD pending failures 2": {
	"scaled": true, 
	"format": "bin"
	}, 
	"OBD pending failures 1": {
	"scaled": true, 
	"format": "bin"
	}, 
	"VDC Absent- Fail Counter": {
	"comment": "CAN Monitor", 
	"bitscount": 6, 
	"lists": {
		"0": "No Fail", 
		"32": "Fail"
	}
	}, 
	"Pri Solenoid Output Current": {
	"scaled": true, 
	"bytescount": 2, 
	"divideby": 1000.0, 
	"bitscount": 16, 
	"unit": "A"
	}, 
	"HC Study Gain Value": {
	"scaled": true, 
	"divideby": 100.0
	}, 
	"OBD pending failures 9": {
	"scaled": true
	}, 
	"OBD pending failures 8": {
	"scaled": true
	}, 
	"Torque Request Status (CAN)": {
	"lists": {
		"0": "Normal", 
		"1": "Others"
	}
	}, 
	"R Range Indicator": {
	"bitscount": 1, 
	"lists": {
		"0": "OFF", 
		"1": "ON"
	}
	}, 
	"LFailSYS1": {
	"scaled": true
	}, 
	"LFailSYS2": {
	"scaled": true
	}, 
	"LFailSYS3": {
	"scaled": true
	}, 
	"FFD_Ratio": {
	"scaled": true, 
	"divideby": 100.0, 
	"step": 4.0, 
	"comment": "Pulley Ratio", 
	"format": "#0.000"
	}, 
	"Service Learning Pressure(High/C)": {
	"scaled": true, 
	"divideby": 16000.0, 
	"step": 25.0, 
	"unit": "MPa"
	}, 
	"Primary pulley speed": {
	"comment": "Primary axle revolution speed", 
	"bitscount": 16, 
	"format": "0000", 
	"scaled": true, 
	"bytescount": 2, 
	"unit": "rpm"
	}, 
	"DTC high order": {
	"scaled": true
	}, 
	"KickDownActivated (CAN)": {
	"lists": {
		"0": "Kick down off", 
		"1": "Kick down activated"
	}
	}, 
	"Throttle Openning": {
	"scaled": true, 
	"divideby": 255.0, 
	"step": 80.0, 
	"unit": "\u00b0"
	}, 
	"Lock-up solenoid current": {
	"scaled": true, 
	"bytescount": 2, 
	"comment": "Current detected value of lock-up solenoid", 
	"bitscount": 16, 
	"unit": "mA"
	}, 
	"USM Absent- Fail Counter": {
	"comment": "CAN Monitor", 
	"bitscount": 6, 
	"lists": {
		"0": "No Fail", 
		"32": "Fail"
	}
	}, 
	"Pri revolution": {
	"scaled": true, 
	"step": 32.0, 
	"unit": "rpm"
	}, 
	"MET Absent-Current Failure(Long period)": {
	"comment": "CAN Monitor", 
	"bitscount": 1, 
	"lists": {
		"0": "No Fail", 
		"1": "Fail"
	}
	}, 
	"FFD_TENGcan": {
	"scaled": true, 
	"divideby": -100.0, 
	"step": 2.0, 
	"unit": "N\u00b7m"
	}, 
	"Current sub shift gear position": {
	"lists": {
		"0": "be somewhere in between 1st and 2nd", 
		"1": "1st", 
		"2": "2nd"
	}
	}, 
	"RADIO Absent-Current Failure(Long period)": {
	"comment": "CAN Monitor", 
	"bitscount": 1, 
	"lists": {
		"0": "No Fail", 
		"1": "Fail"
	}
	}, 
	"LFailCAN3": {
	"scaled": true
	}, 
	"LFailCAN2": {
	"scaled": true
	}, 
	"LFailCAN1": {
	"scaled": true
	}, 
	"LFailCAN4": {
	"scaled": true
	}, 
	"Specific Fault": {
	"bitscount": 5, 
	"lists": {
		"0": "Engine revolution speed failure", 
		"1": "Brake switch failure", 
		"2": "Engine torque control failure", 
		"3": "Ergonomic pedal failure", 
		"4": "OBD failure", 
		"5": "Short DLC", 
		"6": "Control unit failure", 
		"7": "Belt damaged", 
		"8": "ABS malfunction", 
		"9": "Abnormal wheel spin"
	}
	}, 
	"EngineRPM (CAN)": {
	"scaled": true, 
	"bytescount": 2, 
	"bitscount": 16, 
	"unit": "rpm", 
	"format": "0000"
	}, 
	"FastTorqueRequest (CAN)": {
	"bitscount": 16, 
	"scaled": true, 
	"step": 0.5, 
	"bytescount": 2, 
	"offset": -400.0, 
	"unit": "Nm"
	}, 
	"Vehicle speed": {
	"comment": "Physisal value of vehicle speed", 
	"divideby": 256.0, 
	"bitscount": 16, 
	"format": "0000", 
	"scaled": true, 
	"bytescount": 2, 
	"unit": "km/h"
	}, 
	"Lock Up Inhibition Condition": {
	"lists": {
		"0": "Lock Up Permission"
	}
	}, 
	"Lock-up area": {
	"lists": {
		"0": "T/C AREA"
	}
	}, 
	"CrankingAuthorization_AT (CAN)": {
	"comment": "Autorization by the gearbox for engine to crank", 
	"lists": {
		"0": "Cranking not allowed", 
		"1": "Cranking Allowed", 
		"2": "Reserved", 
		"3": "Unavailable"
	}
	}, 
	"ManufacturerIdentificationCode": {
	"lists": {
		"0": "Renault R1", 
		"128": "Nissan N1", 
		"130": "Nissan N3", 
		"129": "Nissan N2", 
		"136": "5DIGITS", 
		"255": "Renault R3"
	}
	}, 
	"Command Current of Lock-up (L/U) Solenoid": {
	"scaled": true, 
	"bytescount": 2, 
	"bitscount": 16, 
	"unit": "mA", 
	"format": "000"
	}, 
	"Target SubGear Ratio": {
	"scaled": true, 
	"divideby": 100.0, 
	"step": 4.0
	}, 
	"RADIO Absent-Current Falilure(Short period)": {
	"comment": "CAN Monitor", 
	"bitscount": 1, 
	"lists": {
		"0": "No Fail", 
		"1": "Fail"
	}
	}, 
	"SupplierNumber.ITG": {
	"bytesascii": true, 
	"bytescount": 3, 
	"byte": true, 
	"bitscount": 24, 
	"comment": "Supplier ITG code"
	}, 
	"SubShifting Mode": {
	"lists": {
		"1": "Power ON Up", 
		"2": "Power OFF Up", 
		"3": "Power ON Down", 
		"4": "Power OFF Down"
	}
	}, 
	"R range SW": {
	"bitscount": 1, 
	"lists": {
		"0": "OFF", 
		"1": "ON"
	}
	}, 
	"G sensor - Grade": {
	"scaled": true, 
	"bytescount": 2, 
	"divideby": 100.0, 
	"bitscount": 16, 
	"unit": "%"
	}, 
	"BUS OFF parameter-Current Failure(Long period)": {
	"comment": "CAN Monitor", 
	"bitscount": 1, 
	"lists": {
		"0": "No Fail", 
		"1": "Fail"
	}
	}, 
	"High clutch & reverse brake solenoid current": {
	"scaled": true, 
	"bytescount": 2, 
	"bitscount": 16, 
	"unit": "mA"
	}, 
	"MeanEffectiveTorque (CAN)": {
	"divideby": 10.0, 
	"bitscount": 16, 
	"signed": true, 
	"scaled": true, 
	"bytescount": 2, 
	"unit": "Nm"
	}, 
	"Pulley ratio": {
	"scaled": true, 
	"bytescount": 2, 
	"divideby": 10000.0, 
	"bitscount": 16
	}, 
	"Current SubGear position": {
	"lists": {
		"0": "Shifting", 
		"1": "1st", 
		"2": "2nd"
	}
	}, 
	"Input output control parameter": {
	"lists": {
		"0": "Return Control to ECU", 
		"1": "Report Current Status", 
		"7": "Short Term Adjustement"
	}
	}, 
	"Gear engaged in manual mode": {
	"comment": "Gear engaged (from 1 to 8) when gearbox running in manual mode", 
	"lists": {
		"0": "1st", 
		"1": "2nd", 
		"2": "3th", 
		"3": "4th", 
		"4": "5th", 
		"5": "6th", 
		"6": "7th", 
		"7": "8th"
	}
	}, 
	"FFD_PRIImon": {
	"scaled": true, 
	"comment": "Primary Solenoid Current", 
	"step": 4.0, 
	"unit": "mA"
	}, 
	"N-Idle Standby Signal": {
	"lists": {
		"0": "Not Standby", 
		"1": "Standby"
	}
	}, 
	"Service Learning Pressure(Low/B)": {
	"scaled": true, 
	"divideby": 16000.0, 
	"step": 25.0, 
	"unit": "MPa"
	}, 
	"Raw Pedal (CAN)": {
	"scaled": true, 
	"divideby": 255.0, 
	"step": 125.0, 
	"unit": "\u00b0"
	}, 
	"Acceleration": {
	"scaled": true, 
	"divideby": 1000.0, 
	"step": 31.0, 
	"unit": "G"
	}, 
	"FFD_VRatio0": {
	"scaled": true, 
	"divideby": 100.0, 
	"step": 4.0
	}, 
	"Target primary pulley speed": {
	"scaled": true, 
	"bytescount": 2, 
	"comment": "Desire engine revolution speed", 
	"bitscount": 16, 
	"unit": "rpm"
	}, 
	"Engine RPM Limitation Request Value": {
	"scaled": true, 
	"step": 50.0, 
	"unit": "rpm"
	}, 
	"Gear position": {
	"lists": {
		"0": "1st", 
		"1": "2nd", 
		"2": "3rd", 
		"3": "4th", 
		"4": "5th", 
		"5": "6th", 
		"6": "7th", 
		"7": "8th"
	}
	}, 
	"Oil Temperature (LB \"0\" Point Learning Value)": {
	"scaled": true, 
	"divideby": -40.0, 
	"unit": "\u00b0C"
	}, 
	"HardwareNumber.BasicPartList": {
	"lists": {
		"1": "31032"
	}
	}, 
	"Target high clutch pressure": {
	"divideby": 256000.0, 
	"bitscount": 16, 
	"scaled": true, 
	"step": 25.0, 
	"bytescount": 2, 
	"unit": "MPa"
	}, 
	"MEX SW_ECO Mode": {
	"bitscount": 1, 
	"lists": {
		"0": "OFF", 
		"1": "ECO MODE"
	}
	}, 
	"PVIGN Voltage": {
	"scaled": true, 
	"divideby": 255.0, 
	"step": 20.0, 
	"unit": "V"
	}, 
	"Sec revolution": {
	"scaled": true, 
	"step": 64.0, 
	"unit": "rpm"
	}, 
	"VDC Absent-Current Failure(Long period)": {
	"comment": "CAN Monitor", 
	"bitscount": 1, 
	"lists": {
		"0": "No Fail", 
		"1": "Fail"
	}
	}, 
	"Lock Up Smooth On Status": {
	"lists": {
		"0": "Lock Up Permission"
	}
	}, 
	"Vehicle Identification Number": {
	"bytesascii": true, 
	"bytescount": 17, 
	"byte": true, 
	"bitscount": 136
	}, 
	"Manual mode: tip up switch": {
	"lists": {
		"0": "OFF", 
		"1": "ON"
	}
	}, 
	"Slip Revolution": {
	"scaled": true, 
	"unit": "rpm"
	}, 
	"D range SW": {
	"bitscount": 1, 
	"lists": {
		"0": "OFF", 
		"1": "ON"
	}
	}, 
	"Reserved 20": {
	"bytescount": 4, 
	"byte": true, 
	"bitscount": 32
	}, 
	"Command Current of High/Reverse Clutch (H/R) Solenoid": {
	"scaled": true, 
	"bytescount": 2, 
	"bitscount": 16, 
	"unit": "mA", 
	"format": "000"
	}, 
	"Gear lever position": {
	"lists": {
		"0": "mDPOS", 
		"2": "mLPOS", 
		"3": "mNPOS", 
		"4": "mRPOS", 
		"5": "mPPOS", 
		"8": "mPRPOS", 
		"9": "mRNPOS", 
		"10": "mND1POS", 
		"12": "mDLPOS", 
		"13": "No signal", 
		"15": "Unavailable"
	}
	}, 
	"LuPTN": {
	"byte": true
	}, 
	"FFD_LRImon": {
	"scaled": true, 
	"comment": "Low-Brake Solenoid Current", 
	"step": 4.0, 
	"unit": "mA"
	}, 
	"OBD pending failures 12": {
	"scaled": true
	}, 
	"OBD pending failures 11": {
	"scaled": true
	}, 
	"OBD pending failures 10": {
	"scaled": true
	}, 
	"VDC Fail Signal": {
	"bitscount": 1, 
	"lists": {
		"0": "OFF", 
		"1": "ON"
	}
	}, 
	"DTC low order": {
	"scaled": true
	}, 
	"SessionName": {
	"lists": {
		"160": "EngineeringSession", 
		"129": "DefaultSession", 
		"192": "AfterSaleSession"
	}
	}, 
	"New": {
	"scaled": true
	}, 
	"Target secondary pressure": {
	"scaled": true, 
	"divideby": 40.0, 
	"unit": "MPa", 
	"format": "#0.000"
	}, 
	"CVT LAMP Output": {
	"bitscount": 1, 
	"lists": {
		"0": "OFF", 
		"1": "ON"
	}
	}, 
	"VspSEN": {
	"comment": "Physisal value of vehicle speed", 
	"divideby": 256.0, 
	"bitscount": 16, 
	"format": "0000", 
	"scaled": true, 
	"bytescount": 2, 
	"unit": "km/h"
	}, 
	"Torque Down Information1": {
	"scaled": true
	}, 
	"Range": {
	"lists": {
		"0": "D", 
		"1": "S", 
		"2": "L", 
		"3": "N-P", 
		"4": "R"
	}
	}, 
	"Torque Down Information3": {
	"scaled": true
	}, 
	"FFD_SecREV": {
	"scaled": true, 
	"comment": "Secondary pulley RPM", 
	"step": 64.0, 
	"unit": "rpm"
	}, 
	"Sec revolution sensor": {
	"scaled": true, 
	"step": 64.0, 
	"unit": "rpm"
	}, 
	"Turbine speed": {
	"comment": "Output speed of torque converter", 
	"bitscount": 16, 
	"format": "0000", 
	"scaled": true, 
	"bytescount": 2, 
	"unit": "rpm"
	}, 
	"LFailOUT4": {
	"scaled": true
	}, 
	"LFailOUT1": {
	"scaled": true
	}, 
	"LFailOUT3": {
	"scaled": true
	}, 
	"LFailOUT2": {
	"scaled": true
	}, 
	"FFD_LUImon": {
	"scaled": true, 
	"comment": "LockUp Solenoid Current", 
	"step": 4.0, 
	"unit": "mA", 
	"format": "#0.000"
	}, 
	"ABS Fail Signal": {
	"bitscount": 1, 
	"lists": {
		"0": "OFF", 
		"1": "ON"
	}
	}, 
	"MEX SW_BRIO Mode": {
	"bitscount": 1, 
	"lists": {
		"0": "OFF", 
		"1": "BRIO MODE"
	}
	}, 
	"Sec Pressure sensor": {
	"scaled": true, 
	"divideby": 255.0, 
	"step": 5.0, 
	"unit": "V"
	}, 
	"vSUBSFTPINF": {
	"byte": true, 
	"bytesascii": true
	}, 
	"OBD memorized failures 12": {
	"scaled": true, 
	"format": "bin"
	}, 
	"OBD memorized failures 10": {
	"scaled": true, 
	"format": "bin"
	}, 
	"OBD memorized failures 11": {
	"scaled": true, 
	"format": "bin"
	}, 
	"Service Learning Count(High/C)": {
	"scaled": true, 
	"unit": "Count"
	}, 
	"SftPOS": {
	"scaled": true
	}, 
	"BUS OFF Parameter-Fail Counter": {
	"comment": "CAN Monitor", 
	"bitscount": 6, 
	"lists": {
		"0": "No Fail", 
		"32": "Fail"
	}
	}, 
	"Command status of select on/off solenoid": {
	"lists": {
		"0": "off", 
		"1": "on"
	}
	}, 
	"Neutral Target Total Ratio": {
	"scaled": true, 
	"divideby": 100.0, 
	"step": 4.0
	}, 
	"Sec Pully Pressure": {
	"scaled": true, 
	"divideby": 1000.0, 
	"step": 25.0, 
	"unit": "MPa"
	}, 
	"D Range Indicator": {
	"bitscount": 1, 
	"lists": {
		"0": "OFF", 
		"1": "ON"
	}
	}, 
	"Mute Module Parameter-Fail Counter": {
	"comment": "CAN Monitor", 
	"bitscount": 6, 
	"lists": {
		"0": "No Fail", 
		"32": "Fail"
	}
	}, 
	"Producer ABS absent": {
	"byte": true
	}, 
	"M Mode Indicator": {
	"bitscount": 1, 
	"lists": {
		"0": "OFF", 
		"1": "ON"
	}
	}, 
	"MEX SW_NORMAL Mode": {
	"bitscount": 1, 
	"lists": {
		"0": "OFF", 
		"1": "NORMAL MODE"
	}
	}, 
	"CAN Auto-config Status (MEX)": {
	"bitscount": 2, 
	"lists": {
		"0": "Auto-config(without MEX)", 
		"1": "Auto-config(with MEX)", 
		"2": "without MEX", 
		"3": "with MEX"
	}
	}, 
	"Software name": {
	"bytesascii": true, 
	"bytescount": 10, 
	"byte": true, 
	"bitscount": 80
	}, 
	"DrivingCycleForPDTC": {
	"scaled": true
	}, 
	"PRI Solenoid Monitor Current": {
	"scaled": true, 
	"bytescount": 2, 
	"divideby": 1000.0, 
	"bitscount": 16, 
	"unit": "A"
	}, 
	"USM Absent-Current Failure(Long period)": {
	"comment": "CAN Monitor", 
	"bitscount": 1, 
	"lists": {
		"0": "No Fail", 
		"1": "Fail"
	}
	}, 
	"VignADBUF": {
	"comment": "Potential voltage on battery", 
	"divideby": 1023.0, 
	"format": "#0.00", 
	"scaled": true, 
	"step": 80.0, 
	"unit": "V"
	}, 
	"ITS Absent Parameter": {
	"scaled": true
	}, 
	"Target Pri Pressure": {
	"scaled": true, 
	"divideby": 1000.0, 
	"step": 25.0, 
	"unit": "MPa"
	}, 
	"Mute Module parameter-Current Failure(Long period)": {
	"comment": "CAN Monitor", 
	"bitscount": 1, 
	"lists": {
		"0": "No Fail", 
		"1": "Fail"
	}
	}, 
	"After-sales day": {
	"byte": true
	}, 
	"PowerTrainSetPoint (CAN)": {
	"scaled": true, 
	"divideby": 255.0, 
	"step": 100.0, 
	"unit": "%", 
	"format": "#0.0"
	}, 
	"NILS Learning Status": {
	"bitscount": 1, 
	"lists": {
		"0": "Learning Complete", 
		"1": "Learning State"
	}
	}, 
	"CurRNG": {
	"lists": {
		"0": "Drive / Manual", 
		"3": "Parking / Neutral", 
		"4": "Reverse"
	}
	}, 
	"OdoMileage": {
	"comment": "DistanceTotalizer (CAN)", 
	"divideby": 100.0, 
	"bitscount": 32, 
	"signed": true, 
	"scaled": true, 
	"bytescount": 4, 
	"unit": "km"
	}, 
	"LU Solenoid Output Current": {
	"scaled": true, 
	"bytescount": 2, 
	"divideby": 1000.0, 
	"bitscount": 16, 
	"unit": "A"
	}, 
	"FFD_PHImon": {
	"scaled": true, 
	"comment": "Secondary Solenoid Current", 
	"step": 4.0, 
	"unit": "mA", 
	"format": "#0.000"
	}, 
	"Requested Engine Torque": {
	"scaled": true, 
	"divideby": 10.0, 
	"step": 64.0, 
	"unit": "N\u00b7m"
	}
}
}