{
"obd": {
	"baudrate": 10400, 
	"protocol": "CAN", 
	"recv_id": "7A2", 
	"funcname": "AAU", 
	"funcaddr": "86", 
	"send_id": "782"
}, 
"devices": [
	{
	"dtc": 37643, 
	"devicedata": {}, 
	"dtctype": 3, 
	"name": "Rear Right Loudspeaker"
	}, 
	{
	"dtc": 37645, 
	"devicedata": {}, 
	"dtctype": 3, 
	"name": "Front Right Loudspeaker"
	}, 
	{
	"dtc": 37665, 
	"devicedata": {}, 
	"dtctype": 3, 
	"name": "Front Right Tweeter"
	}, 
	{
	"dtc": 37649, 
	"devicedata": {}, 
	"dtctype": 3, 
	"name": "Rear Left Loudspeaker"
	}, 
	{
	"dtc": 37697, 
	"devicedata": {}, 
	"dtctype": 2, 
	"name": "Virgin Or incomplete configuration"
	}, 
	{
	"dtc": 37698, 
	"devicedata": {}, 
	"dtctype": 2, 
	"name": "ECU"
	}, 
	{
	"dtc": 37666, 
	"devicedata": {}, 
	"dtctype": 3, 
	"name": "Front Left Tweeter"
	}, 
	{
	"dtc": 37744, 
	"devicedata": {}, 
	"dtctype": 3, 
	"name": "Bass Box"
	}, 
	{
	"dtc": 37647, 
	"devicedata": {}, 
	"dtctype": 3, 
	"name": "Front Left Loudspeaker"
	}, 
	{
	"dtc": 37701, 
	"devicedata": {}, 
	"dtctype": 2, 
	"name": "Temperature"
	}
], 
"ecuname": "Flattened Amplifier v0.2", 
"autoidents": [
	{
	"diagversion": "9", 
	"supplier": "398", 
	"version": "FFFF", 
	"soft": "FFFF"
	}
], 
"endian": "Big", 
"requests": [
	{
	"name": "StartDiagnosticSession.Default", 
	"replybytes": "5001", 
	"deny_sds": [], 
	"manualsend": true, 
	"minbytes": 2, 
	"sentbytes": "1001"
	}, 
	{
	"name": "DataRead.diagnosticVersion", 
	"replybytes": "62F1A0", 
	"deny_sds": [], 
	"receivebyte_dataitems": {
		"diagnosticVersion": {
		"ref": true, 
		"firstbyte": 4
		}
	}, 
	"minbytes": 4, 
	"sentbytes": "22F1A0"
	}, 
	{
	"name": "DataRead.vehicleManufacturerECUSoftwareNumber", 
	"replybytes": "62F188", 
	"deny_sds": [], 
	"receivebyte_dataitems": {
		"vehicleManufacturerECUSoftwareNumber": {
		"ref": true, 
		"firstbyte": 4
		}
	}, 
	"minbytes": 13, 
	"sentbytes": "22F188"
	}, 
	{
	"name": "ReadDTCInformation.ReportNumberOfDTCByStatusMask", 
	"replybytes": "5901", 
	"deny_sds": [], 
	"receivebyte_dataitems": {
		"DTCCount": {
		"firstbyte": 5
		}, 
		"DTCFormatIdentifier": {
		"firstbyte": 4
		}, 
		"DTCStatusAvailabilityMask": {
		"firstbyte": 3
		}
	}, 
	"sendbyte_dataitems": {
		"Status mask": {
		"firstbyte": 3
		}
	}, 
	"minbytes": 3, 
	"sentbytes": "1901FF", 
	"shiftbytescount": 3
	}, 
	{
	"name": "DataRead.LIN_IN", 
	"replybytes": "620101", 
	"deny_sds": [], 
	"receivebyte_dataitems": {
		"LIN_IN.SystemON": {
		"bitoffset": 7, 
		"ref": true, 
		"firstbyte": 4
		}, 
		"LIN_IN.AudioSignal": {
		"bitoffset": 6, 
		"ref": true, 
		"firstbyte": 4
		}
	}, 
	"minbytes": 4, 
	"sentbytes": "220101"
	}, 
	{
	"name": "OutputControl.LoudspeakerStopTest", 
	"replybytes": "6F9002", 
	"deny_sds": [], 
	"manualsend": true, 
	"receivebyte_dataitems": {
		"OutputControlStatus": {
		"firstbyte": 4
		}
	}, 
	"sendbyte_dataitems": {
		"OutputControlCommand": {
		"firstbyte": 4
		}, 
		"OutputPermanentControlList": {
		"firstbyte": 2
		}
	}, 
	"minbytes": 4, 
	"sentbytes": "2F900200"
	}, 
	{
	"name": "DataRead.Analog_Level.Battery", 
	"replybytes": "620200", 
	"deny_sds": [], 
	"receivebyte_dataitems": {
		"Analog_Level.Battery": {
		"ref": true, 
		"firstbyte": 4
		}
	}, 
	"minbytes": 4, 
	"sentbytes": "220200"
	}, 
	{
	"name": "ReadDTCInformation.ReportDTCSnapshotIdentification", 
	"deny_sds": [], 
	"minbytes": 2, 
	"sentbytes": "1903000000FF", 
	"replybytes": "5903"
	}, 
	{
	"name": "DataRead.systemSupplierIdentifier", 
	"replybytes": "62F18A", 
	"deny_sds": [], 
	"receivebyte_dataitems": {
		"systemSupplierIdentifier": {
		"ref": true, 
		"firstbyte": 4
		}
	}, 
	"minbytes": 6, 
	"sentbytes": "22F18A"
	}, 
	{
	"name": "DataWrite.ECU Configuration", 
	"replybytes": "6E2111", 
	"deny_sds": [], 
	"manualsend": true, 
	"sendbyte_dataitems": {
		"ECU Configuration": {
		"firstbyte": 4
		}
	}, 
	"minbytes": 3, 
	"sentbytes": "2E211100"
	}, 
	{
	"name": "DataRead.VIN", 
	"replybytes": "62F190", 
	"deny_sds": [], 
	"receivebyte_dataitems": {
		"VIN": {
		"ref": true, 
		"firstbyte": 4
		}
	}, 
	"minbytes": 20, 
	"sentbytes": "22F190"
	}, 
	{
	"name": "StartDiagnosticSession.Extended", 
	"replybytes": "5003", 
	"deny_sds": [], 
	"manualsend": true, 
	"minbytes": 2, 
	"sentbytes": "1003"
	}, 
	{
	"name": "DataRead.vehicleManufacturerSparePartNumber", 
	"replybytes": "62F187", 
	"deny_sds": [], 
	"receivebyte_dataitems": {
		"vehicleManufacturerSparePartNumber": {
		"ref": true, 
		"firstbyte": 4
		}
	}, 
	"minbytes": 13, 
	"sentbytes": "22F187"
	}, 
	{
	"name": "DataRead.Operational Reference", 
	"replybytes": "62F012", 
	"deny_sds": [], 
	"receivebyte_dataitems": {
		"Operational Reference": {
		"ref": true, 
		"firstbyte": 4
		}
	}, 
	"minbytes": 13, 
	"sentbytes": "22F012"
	}, 
	{
	"name": "ReadDTCInformation.ReportSnapshot", 
	"replybytes": "5904", 
	"deny_sds": [], 
	"receivebyte_dataitems": {
		"StatusOfDTC": {
		"firstbyte": 6
		}
	}, 
	"minbytes": 6, 
	"sentbytes": "1904000000FF"
	}, 
	{
	"name": "ClearDiagnosticInformation.All", 
	"replybytes": "54", 
	"deny_sds": [], 
	"manualsend": true, 
	"minbytes": 1, 
	"sentbytes": "14FFFFFF"
	}, 
	{
	"name": "DataRead.systemSupplierECUSoftwareNumber", 
	"replybytes": "62F194", 
	"deny_sds": [], 
	"receivebyte_dataitems": {
		"systemSupplierECUSoftwareNumber": {
		"ref": true, 
		"firstbyte": 4
		}
	}, 
	"minbytes": 5, 
	"sentbytes": "22F194"
	}, 
	{
	"name": "ReadDTCInformation.ReportExtendedData.Mileage", 
	"replybytes": "59060000000080000000", 
	"deny_sds": [], 
	"receivebyte_dataitems": {
		"StatusOfDTC": {
		"firstbyte": 6
		}
	}, 
	"minbytes": 6, 
	"sentbytes": "190600000080"
	}, 
	{
	"name": "ECUReset.keyoffon", 
	"replybytes": "5102", 
	"deny_sds": [], 
	"manualsend": true, 
	"minbytes": 2, 
	"sentbytes": "1102"
	}, 
	{
	"name": "DataWrite.VIN", 
	"replybytes": "6EF190", 
	"deny_sds": [], 
	"manualsend": true, 
	"sendbyte_dataitems": {
		"VIN": {
		"firstbyte": 4
		}
	}, 
	"minbytes": 3, 
	"sentbytes": "2EF1900000000000000000000000000000000000"
	}, 
	{
	"name": "DataRead.ECU Configuration", 
	"replybytes": "622111", 
	"deny_sds": [], 
	"receivebyte_dataitems": {
		"ECU Configuration": {
		"ref": true, 
		"firstbyte": 4
		}
	}, 
	"minbytes": 4, 
	"sentbytes": "222111"
	}, 
	{
	"name": "DataRead.ECUSerialNumber", 
	"replybytes": "62F18C", 
	"deny_sds": [], 
	"receivebyte_dataitems": {
		"ECUSerialNumber": {
		"ref": true, 
		"firstbyte": 4
		}
	}, 
	"minbytes": 23, 
	"sentbytes": "22F18C"
	}, 
	{
	"name": "StartDiagnosticSession.Reprog", 
	"replybytes": "5002", 
	"deny_sds": [], 
	"manualsend": true, 
	"minbytes": 2, 
	"sentbytes": "1002"
	}, 
	{
	"name": "ReadDTCInformation.ReportSupportedDTC", 
	"replybytes": "590A", 
	"deny_sds": [], 
	"receivebyte_dataitems": {
		"DTCStatusAvailabilityMask": {
		"firstbyte": 3
		}
	}, 
	"minbytes": 3, 
	"sentbytes": "190A"
	}, 
	{
	"name": "DataRead.systemSupplierECUSoftwareVersionNumber", 
	"replybytes": "62F195", 
	"deny_sds": [], 
	"receivebyte_dataitems": {
		"systemSupplierECUSoftwareVersionNumber": {
		"ref": true, 
		"firstbyte": 4
		}
	}, 
	"minbytes": 5, 
	"sentbytes": "22F195"
	}, 
	{
	"name": "ReadDTCInformation.ReportDTC", 
	"replybytes": "5902", 
	"deny_sds": [], 
	"receivebyte_dataitems": {
		"DTCStatus.pendingDTC": {
		"bitoffset": 5, 
		"firstbyte": 7
		}, 
		"DTCDeviceIdentifier": {
		"firstbyte": 4
		}, 
		"DTCStatus.testFailedSinceLastClear": {
		"bitoffset": 2, 
		"firstbyte": 7
		}, 
		"DTCDeviceAndFailureTypeOBD": {
		"firstbyte": 4
		}, 
		"DTCFailureType.ManufacturerOrSupplier": {
		"firstbyte": 6
		}, 
		"DTCFailureType.Category": {
		"firstbyte": 6
		}, 
		"DTCFailureType": {
		"firstbyte": 6
		}, 
		"DTCStatus.testNotCompletedSinceLastClear": {
		"bitoffset": 3, 
		"firstbyte": 7
		}, 
		"DTCStatus.testNotCompletedThisMonitoringCycle": {
		"bitoffset": 1, 
		"firstbyte": 7
		}, 
		"DTCStatusAvailabilityMask": {
		"firstbyte": 3
		}, 
		"DTCStatus.warningIndicatorRequested": {
		"firstbyte": 7
		}, 
		"StatusOfDTC": {
		"firstbyte": 7
		}, 
		"DTCStatus.testFailedThisMonitoringCycle": {
		"bitoffset": 6, 
		"firstbyte": 7
		}, 
		"DTCStatus.testFailed": {
		"bitoffset": 7, 
		"firstbyte": 7
		}, 
		"DTCStatus.confirmedDTC": {
		"bitoffset": 4, 
		"firstbyte": 7
		}
	}, 
	"sendbyte_dataitems": {
		"Status mask": {
		"firstbyte": 3
		}
	}, 
	"minbytes": 3, 
	"sentbytes": "1902FF", 
	"shiftbytescount": 4
	}, 
	{
	"name": "ECUReset.config", 
	"replybytes": "5140", 
	"deny_sds": [], 
	"manualsend": true, 
	"minbytes": 2, 
	"sentbytes": "1140"
	}, 
	{
	"name": "ReadDTCInformation.ReportExtendedData", 
	"replybytes": "590600000000", 
	"deny_sds": [], 
	"receivebyte_dataitems": {
		"DTCExtendedData.AgingCounter": {
		"firstbyte": 8
		}, 
		"StatusOfDTC": {
		"firstbyte": 6
		}, 
		"DTCExtendedData.DTCOccurrenceCounter": {
		"firstbyte": 8
		}
	}, 
	"minbytes": 6, 
	"sentbytes": "1906000000FF"
	}, 
	{
	"name": "DataRead.IO.Tweeter_result", 
	"replybytes": "629011", 
	"deny_sds": [], 
	"receivebyte_dataitems": {
		"IO.Tweeter_result": {
		"ref": true, 
		"firstbyte": 4
		}
	}, 
	"minbytes": 4, 
	"sentbytes": "229011"
	}, 
	{
	"name": "ECUReset.hard", 
	"replybytes": "5101", 
	"deny_sds": [], 
	"manualsend": true, 
	"minbytes": 2, 
	"sentbytes": "1101"
	}, 
	{
	"name": "DataRead.vehicleManufacturerECUHardwareNumber", 
	"replybytes": "62F191", 
	"deny_sds": [], 
	"receivebyte_dataitems": {
		"vehicleManufacturerECUHardwareNumber": {
		"ref": true, 
		"firstbyte": 4
		}
	}, 
	"minbytes": 13, 
	"sentbytes": "22F191"
	}, 
	{
	"name": "TesterPresent.WithResponse", 
	"deny_sds": [], 
	"minbytes": 1, 
	"sentbytes": "3E00", 
	"replybytes": "7E"
	}, 
	{
	"name": "OutputControl.LoudspeakerStartTest", 
	"replybytes": "6F9002", 
	"deny_sds": [], 
	"manualsend": true, 
	"receivebyte_dataitems": {
		"OutputControlStatus": {
		"firstbyte": 4
		}
	}, 
	"sendbyte_dataitems": {
		"IO.Tone_Frequency": {
		"bitoffset": 1, 
		"firstbyte": 6
		}, 
		"OutputControlCommand": {
		"firstbyte": 4
		}, 
		"IO.Loudspeaker_Number": {
		"firstbyte": 5
		}, 
		"IO.Tone_Level": {
		"bitoffset": 2, 
		"firstbyte": 7
		}, 
		"OutputPermanentControlList": {
		"firstbyte": 2
		}
	}, 
	"minbytes": 7, 
	"sentbytes": "2F900203000000"
	}, 
	{
	"name": "OutputControl.Tweeter", 
	"replybytes": "6F9003", 
	"deny_sds": [], 
	"manualsend": true, 
	"receivebyte_dataitems": {
		"OutputControlStatus": {
		"firstbyte": 4
		}, 
		"IO.Tweeter_result": {
		"firstbyte": 5
		}
	}, 
	"sendbyte_dataitems": {
		"OutputControlCommand": {
		"firstbyte": 4
		}, 
		"OutputPermanentControlList": {
		"firstbyte": 2
		}
	}, 
	"minbytes": 5, 
	"sentbytes": "2F90110300"
	}
], 
"data": {
	"Analog_Level.Battery": {
	"scaled": true, 
	"comment": "Battery level", 
	"step": 0.2, 
	"unit": "V"
	}, 
	"LIN_IN.AudioSignal": {
	"bitscount": 1, 
	"lists": {
		"0": "Not detected", 
		"1": "Detected"
	}
	}, 
	"vehicleManufacturerECUHardwareNumber": {
	"bytesascii": true, 
	"bytescount": 10, 
	"byte": true, 
	"bitscount": 80
	}, 
	"OutputControlCommand": {
	"comment": "test control", 
	"lists": {
		"0": "Stop test", 
		"3": "Start test"
	}
	}, 
	"DTCFailureType.Category": {
	"bitscount": 4, 
	"lists": {
		"0": "General Failure Information", 
		"1": "General Electrical Failures", 
		"2": "General Signal Failures", 
		"3": "FM / PWM Failures", 
		"4": "System Internal Failures", 
		"5": "System Programming Failures", 
		"6": "Algorithm Based Failures", 
		"7": "Mechanical Failures", 
		"8": "Bus Signal / Message Failures", 
		"9": "Component Failures", 
		"15": "Vehicle manufacturer / System supplier specific"
	}
	}, 
	"DTCFailureType": {
	"lists": {
		"0": "Device and failure type ODB codding", 
		"1": "General Electrical Failure", 
		"2": "General signal failure", 
		"3": "FM / PWM Failures", 
		"4": "System Internal Failures", 
		"5": "System Programming Failures", 
		"6": "Algorithm Based Failures", 
		"7": "Mechanical Failures", 
		"8": "Bus Signal / Message Failures", 
		"9": "Component Failures", 
		"17": "circuit short to ground", 
		"18": "circuit short to battery", 
		"19": "circuit open", 
		"20": "circuit short to ground or open", 
		"21": "circuit short to battery or open", 
		"22": "circuit voltage below threshold", 
		"23": "circuit voltage above threshold", 
		"24": "circuit current below threshold", 
		"25": "circuit current above threshold", 
		"26": "circuit resistance below threshold", 
		"27": "circuit resistance above threshold", 
		"28": "circuit voltage out of range", 
		"29": "circuit current out of range", 
		"30": "circuit resistance out of range", 
		"31": "circuit intermittent", 
		"33": "signal amplitude < minimum", 
		"34": "signal amplitude > maximum", 
		"35": "signal stuck low", 
		"36": "signal stuck high", 
		"37": "signal shape / waveform failure", 
		"38": "signal rate of change below threshold", 
		"39": "signal rate of change above threshold", 
		"40": "signal level out of range/zero adjustment failure", 
		"41": "signal signal invalid", 
		"47": "signal erratic", 
		"49": "no signal", 
		"50": "signal low time < minimum", 
		"51": "signal low time > maximum", 
		"52": "signal high time < minimum", 
		"53": "signal high time > maximum", 
		"54": "signal frequency too low", 
		"55": "signal frequency too high", 
		"56": "signal frequency incorrect", 
		"57": "incorrect has too few pulses", 
		"58": "incorrect has too many pulses", 
		"65": "general checksum failure", 
		"66": "general memory failure", 
		"67": "special memory failure", 
		"68": "data memory failure", 
		"69": "program memory failure", 
		"70": "calibration / parameter memory failure", 
		"71": "watchdog / safety \u00b5C failure", 
		"72": "supervision software failure", 
		"73": "internal electronic failure", 
		"74": "incorrect component installed", 
		"75": "over temperature", 
		"81": "not programmed", 
		"82": "not activated", 
		"83": "deactivated", 
		"84": "missing calibration", 
		"85": "not configured", 
		"97": "signal calculation failure", 
		"98": "signal compare failure", 
		"99": "circuit / component protection time-out", 
		"100": "signal plausibility failure", 
		"101": "signal has too few transitions / events", 
		"102": "signal has too many transitions / events", 
		"103": "signal incorrect after event", 
		"104": "event information", 
		"113": "actuator stuck", 
		"114": "actuator stuck open", 
		"115": "actuator stuck closed", 
		"116": "actuator slipping", 
		"117": "emergency position not reachable", 
		"118": "wrong mounting position", 
		"119": "commanded position not reachable", 
		"120": "alignment or adjustment incorrect", 
		"121": "mechanical linkage failure", 
		"122": "fluid leak or seal failure", 
		"123": "low fluid level", 
		"129": "invalid serial data received", 
		"130": "alive / sequence counter incorrect / not updated", 
		"131": "value of signal protection calculation incorrect", 
		"132": "signal below allowable range", 
		"133": "signal above allowable range", 
		"134": "signal invalid", 
		"135": "missing message", 
		"136": "bus off", 
		"143": "erratic", 
		"145": "parametric", 
		"146": "performance or incorrect operation", 
		"147": "no operation", 
		"148": "unexpected operation", 
		"149": "incorrect assembly", 
		"150": "component internal failure", 
		"151": "Component | system operation obstructed or blocked", 
		"152": "component or system over temperature"
	}
	}, 
	"IO.Tone_Frequency": {
	"scaled": true, 
	"comment": "tone frequency", 
	"bitscount": 7, 
	"unit": "X100Hz"
	}, 
	"DTCStatus.warningIndicatorRequested": {
	"scaled": true, 
	"bitscount": 1
	}, 
	"OutputControlStatus": {
	"comment": "Front display test card status", 
	"lists": {
		"0": "Stopped", 
		"2": "Frozen", 
		"3": "Started"
	}
	}, 
	"systemSupplierIdentifier": {
	"bytesascii": true, 
	"bytescount": 3, 
	"byte": true, 
	"bitscount": 24, 
	"comment": "systemSupplierIdentifier"
	}, 
	"Activation.ANC": {
	"comment": "ANC activation", 
	"lists": {
		"0": "Not activated", 
		"1": "Activated"
	}
	}, 
	"DTCStatus.pendingDTC": {
	"scaled": true, 
	"bitscount": 1
	}, 
	"DTCExtendedData.AgingCounter": {
	"scaled": true
	}, 
	"StatusOfDTC": {
	"scaled": true
	}, 
	"DTCDeviceAndFailureTypeOBD": {
	"bytescount": 2, 
	"bitscount": 16
	}, 
	"diagnosticVersion": {
	"comment": "Alliance specific: VDIAG", 
	"byte": true
	}, 
	"ECUSerialNumber": {
	"bytesascii": true, 
	"bytescount": 20, 
	"byte": true, 
	"bitscount": 160, 
	"comment": "ECUSerialNumber"
	}, 
	"systemSupplierECUSoftwareVersionNumber": {
	"bytesascii": true, 
	"bytescount": 2, 
	"byte": true, 
	"bitscount": 16, 
	"comment": "systemSupplierECUSoftwareVersionNumber"
	}, 
	"systemSupplierECUSoftwareNumber": {
	"bytesascii": true, 
	"bytescount": 2, 
	"byte": true, 
	"bitscount": 16, 
	"comment": "systemSupplierECUSoftwareNumber"
	}, 
	"vehicleManufacturerECUSoftwareNumber": {
	"bytesascii": true, 
	"bytescount": 10, 
	"byte": true, 
	"bitscount": 80, 
	"comment": "vehicleManufacturerECUSoftwareNumber"
	}, 
	"DTCStatusAvailabilityMask": {
	"scaled": true
	}, 
	"CAR Configuration.Twidlers": {
	"comment": "CAR configuration Centerfill Twidlers", 
	"bitscount": 1, 
	"lists": {
		"0": "Not Fitted", 
		"1": "Fitted"
	}
	}, 
	"DTCStatus.confirmedDTC": {
	"comment": "Confirmation of DTC", 
	"bitscount": 1, 
	"lists": {
		"0": "No", 
		"1": "Yes"
	}
	}, 
	"Status mask": {
	"comment": "Mask of DTC status to reply with 1 byte", 
	"lists": {
		"0": "Test Failed", 
		"3": "Confirmed DTC", 
		"4": "Test Not Complete Since Last Clear", 
		"5": "Test Failed Since Last Clear"
	}
	}, 
	"DTCFailureType.ManufacturerOrSupplier": {
	"bitscount": 4
	}, 
	"CAR Configuration.Welcome Sequence volume level": {
	"scaled": true, 
	"comment": "Welcome Sequence volume level", 
	"bitscount": 5
	}, 
	"ECU Configuration.Speakers": {
	"comment": "Speakers configuration", 
	"lists": {
		"0": "Bass Box", 
		"1": "Subwoofers"
	}
	}, 
	"DTCCount": {
	"bytescount": 2, 
	"byte": true, 
	"bitscount": 16
	}, 
	"DTCStatus.testNotCompletedThisMonitoringCycle": {
	"scaled": true, 
	"bitscount": 1
	}, 
	"IO.Tweeter_result": {
	"comment": "Tweeter Result", 
	"lists": {
		"0": "Control in progress", 
		"1": "Control complete and OK", 
		"2": "Control complete and NOK"
	}
	}, 
	"Operational Reference": {
	"bytesascii": true, 
	"bytescount": 10, 
	"byte": true, 
	"bitscount": 80, 
	"comment": "Operational reference"
	}, 
	"LIN_IN.SystemON": {
	"bitscount": 1, 
	"lists": {
		"0": "System_ON Not active", 
		"1": "System_ON Active"
	}
	}, 
	"IO.Tone_Level": {
	"scaled": true, 
	"comment": "Tone Level", 
	"bitscount": 6, 
	"unit": "0 to 31"
	}, 
	"DTCStatus.testFailedThisMonitoringCycle": {
	"scaled": true, 
	"bitscount": 1
	}, 
	"DTCExtendedData.DTCOccurrenceCounter": {
	"scaled": true
	}, 
	"DTCDeviceIdentifier": {
	"bytescount": 2, 
	"bitscount": 16, 
	"lists": {
		"37638": "Surrounds", 
		"37643": "Rear Right Loudspeaker", 
		"37645": "Front Right Loudspeaker", 
		"37647": "Front Left Loudspeaker", 
		"37649": "Rear Left Loudspeaker", 
		"37656": "Central Speaker", 
		"37664": "Rear Right Tweeter", 
		"37665": "Front Right Tweeter", 
		"37666": "Front Left Tweeter", 
		"37667": "Rear Left Tweeter", 
		"37697": "Virgin Or incomplete configuration", 
		"37698": "ECU", 
		"37699": "ROM", 
		"37700": "E2PROM", 
		"37701": "Temperature", 
		"37707": "DSP Problem", 
		"37712": "RAM", 
		"37867": "ANC Microphone 1 (phantom supply)", 
		"37868": "ANC Microphone 2 (phantom supply)", 
		"37869": "ANC Microphone 3 (phantom supply)", 
		"37871": "ANC Controller", 
		"37744": "Subwoofer"
	}
	}, 
	"DTCStatus.testFailedSinceLastClear": {
	"comment": "DTC Test failes since last clear", 
	"bitscount": 1, 
	"lists": {
		"0": "No", 
		"1": "Yes"
	}
	}, 
	"vehicleManufacturerSparePartNumber": {
	"bytesascii": true, 
	"bytescount": 10, 
	"byte": true, 
	"bitscount": 80, 
	"comment": "Spare Part Number"
	}, 
	"Activation.ESE": {
	"comment": "ESE activation", 
	"lists": {
		"0": "Not activated", 
		"1": "Activated"
	}
	}, 
	"DTCFormatIdentifier": {
	"lists": {
		"0": "SAE_J2012-DA_DTCFormat", 
		"1": "ISO_14229-1_DTCFormat", 
		"2": "SAE_J1939-73_DTCFormat", 
		"3": "ISO_11992-4_DTCFormat", 
		"4": "SAE_J2012-DA_WWHOBD_DTCFormat"
	}
	}, 
	"IO.Loudspeaker_Number": {
	"comment": "Loudspeaker line", 
	"lists": {
		"1": "Front left loudspeaker", 
		"2": "Front right loudspeaker", 
		"3": "Rear right loudspeaker", 
		"4": "Rear left loudspeaker", 
		"5": "Front right tweeter", 
		"8": "Front left tweeter", 
		"9": "Subwoofer"
	}
	}, 
	"VIN": {
	"bytesascii": true, 
	"bytescount": 17, 
	"byte": true, 
	"bitscount": 136, 
	"comment": "Serial number of the car, written at Renault factory"
	}, 
	"DTCStatus.testNotCompletedSinceLastClear": {
	"comment": "DTC Test not complete since last clear", 
	"bitscount": 1, 
	"lists": {
		"0": "No", 
		"1": "Yes"
	}
	}, 
	"ECU Configuration.ANC_Microphone": {
	"comment": "ANC_Microphone configuration", 
	"lists": {
		"0": "Not fitted", 
		"1": "Fitted"
	}
	}, 
	"CAR Configuration.Centerfill speaker": {
	"comment": "CAR configuration Centerfill speaker", 
	"bitscount": 1, 
	"lists": {
		"0": "Not Present", 
		"1": "Present"
	}
	}, 
	"CAR Configuration.Rear tweeters": {
	"comment": "CAR configuration Rear tweeters", 
	"bitscount": 1, 
	"lists": {
		"0": "Not Present", 
		"1": "Present"
	}
	}, 
	"OutputPermanentControlList": {
	"comment": "test control", 
	"bytescount": 2, 
	"bitscount": 16, 
	"lists": {
		"36881": "Perform tweeter test", 
		"36866": "Loudspeaker tone test", 
		"65535": "-"
	}
	}, 
	"ECU Configuration": {
	"comment": "Hand drive configuration", 
	"lists": {
		"0": "Left hand drive", 
		"1": "Right hand drive"
	}
	}, 
	"DTCStatus.testFailed": {
	"comment": "DTC Test failed", 
	"bitscount": 1, 
	"lists": {
		"0": "No", 
		"1": "Yes"
	}
	}
}
}