{
"obd": {
	"fastinit": true, 
	"funcname": "GPL", 
	"kw1": "D0", 
	"kw2": "8F", 
	"protocol": "KWP2000", 
	"funcaddr": "79"
}, 
"devices": [
	{
	"dtc": 7008, 
	"devicedata": {
		"Panne pr\u00e9sente micro code": "1", 
		"Panne m\u00e9moris\u00e9e micro code": "1", 
		"Panne m\u00e9moris\u00e9e micro calib": "1", 
		"Panne pr\u00e9sente micro eeprom": "1", 
		"Panne pr\u00e9sente micro calib": "1", 
		"Panne m\u00e9moris\u00e9e micro eeprom": "1"
	}, 
	"dtctype": 2, 
	"name": "Contr\u00f4le m\u00e9moire microcontroleur"
	}, 
	{
	"dtc": 6976, 
	"devicedata": {
		"Panne pr\u00e9sente ev r\u00e9servoir en CC+": "1", 
		"Panne m\u00e9moris\u00e9e ev r\u00e9servoir en CC+": "1"
	}, 
	"dtctype": 3, 
	"name": "Commande \u00e9lectrovanne r\u00e9servoir"
	}, 
	{
	"dtc": 6928, 
	"devicedata": {
		"Temp\u00e9rature gaz injecteur": "0", 
		"Configuration capteur de temp\u00e9rature aval gaz": "0", 
		"Panne pr\u00e9sente temp\u00e9rature gaz basse": "1", 
		"Panne m\u00e9moris\u00e9e temp\u00e9rature gaz haute": "1", 
		"Panne pr\u00e9sente temp\u00e9rature gaz haute": "1", 
		"Panne m\u00e9moris\u00e9e temp\u00e9rature gaz basse": "1"
	}, 
	"dtctype": 0, 
	"name": "Capteur de temp\u00e9rature gaz"
	}, 
	{
	"dtc": 4245, 
	"devicedata": {
		"Panne pr\u00e9sente fuite amont/aval": "1", 
		"Panne m\u00e9moris\u00e9e fuite amont/aval": "1"
	}, 
	"dtctype": 4, 
	"name": "D\u00e9tection de fuite initiale : Fuite en amont ou en aval de l'EV d\u00e9tendeur"
	}, 
	{
	"dtc": 7009, 
	"devicedata": {
		"Delta de pression global injecteur (3)": "0", 
		"Panne pr\u00e9sente pression gaz aval basse": "1", 
		"Panne m\u00e9moris\u00e9e pression gaz aval basse": "1", 
		"Pression gaz (3)": "0", 
		"Panne pr\u00e9sente pression gaz aval haute": "1", 
		"Panne pr\u00e9sente coh\u00e9rence pression gaz aval": "1", 
		"Panne m\u00e9moris\u00e9e coh\u00e9rence pression gaz aval": "1", 
		"Panne m\u00e9moris\u00e9e pression gaz aval haute": "1"
	}, 
	"dtctype": 4, 
	"name": "Diagnostic fonctionnel de la pression gaz"
	}, 
	{
	"dtc": 6978, 
	"devicedata": {
		"Panne m\u00e9moris\u00e9e jauge en CO ou en CC-": "1", 
		"Panne pr\u00e9sente jauge en CC+": "1", 
		"Panne m\u00e9moris\u00e9e jauge en CC+": "1", 
		"Panne pr\u00e9sente jauge en CO ou en CC-": "1"
	}, 
	"dtctype": 3, 
	"name": "Information jauge GNV"
	}, 
	{
	"dtc": 1623, 
	"devicedata": {
		"Panne pr\u00e9sente alimentation jauges": "1", 
		"Tension d'alimentation jauges": "0", 
		"Panne m\u00e9moris\u00e9e alimentation jauges": "1"
	}, 
	"dtctype": 3, 
	"name": "Alimentation jauges"
	}, 
	{
	"dtc": 49408, 
	"devicedata": {
		"Panne m\u00e9moris\u00e9e trame CAN base rapide": "1", 
		"Panne pr\u00e9sente trame CAN base lente": "1", 
		"Panne m\u00e9moris\u00e9e trame CAN injection GPL": "1", 
		"Panne m\u00e9moris\u00e9e trame CAN base lente": "1", 
		"Panne pr\u00e9sente trame CAN injection GPL": "1", 
		"Panne pr\u00e9sente trame CAN base rapide": "1"
	}, 
	"dtctype": 0, 
	"name": "Liaison CAN - absence trame(s) ECU essence"
	}, 
	{
	"dtc": 4243, 
	"devicedata": {
		"Panne pr\u00e9sente fuite amont": "1", 
		"Panne m\u00e9moris\u00e9e fuite amont": "1"
	}, 
	"dtctype": 4, 
	"name": "D\u00e9tection de fuite initiale : Fuite en amont de l'EV d\u00e9tendeur"
	}, 
	{
	"dtc": 6984, 
	"devicedata": {
		"Panne m\u00e9moris\u00e9e LED gaz en CC+": "1", 
		"Panne pr\u00e9sente LED gaz en CC+": "1"
	}, 
	"dtctype": 3, 
	"name": "Commande LED du bouton gaz"
	}, 
	{
	"dtc": 9751, 
	"devicedata": {
		"Panne pr\u00e9sente coh\u00e9rence r\u00e9gime": "1", 
		"R\u00e9gime moteur mux": "0", 
		"R\u00e9gime moteur": "0", 
		"Panne m\u00e9moris\u00e9e coh\u00e9rence r\u00e9gime": "1"
	}, 
	"dtctype": 0, 
	"name": "Coh\u00e9rence r\u00e9gime signal dent"
	}, 
	{
	"dtc": 6981, 
	"devicedata": {
		"Panne pr\u00e9sente relais jauge en CC+": "1", 
		"Panne m\u00e9moris\u00e9e relais jauge en CO ou CC-": "1", 
		"Panne m\u00e9moris\u00e9e relais jauge en CC+": "1", 
		"Panne pr\u00e9sente relais jauge en CO ou CC-": "1"
	}, 
	"dtctype": 3, 
	"name": "Commande relais commutation jauge"
	}, 
	{
	"dtc": 6944, 
	"devicedata": {
		"Panne pr\u00e9sente tension r\u00e9servoir en CO ou en CC+": "1", 
		"Panne pr\u00e9sente tension r\u00e9servoir en CO ou en CC-": "1", 
		"Tension r\u00e9servoir": "0", 
		"Resistance jauge": "0", 
		"Entr\u00e9e analogique de jaugeage activ\u00e9e": "0", 
		"Pression r\u00e9servoir (GNV seulement)": "0", 
		"Panne m\u00e9moris\u00e9e tension r\u00e9servoir en CO ou en CC-": "1", 
		"Panne m\u00e9moris\u00e9e tension r\u00e9servoir en CO ou en CC+": "1", 
		"Entr\u00e9e analogique utilis\u00e9e pour le jaugeage": "0"
	}, 
	"dtctype": 0, 
	"name": "Capteur pression r\u00e9servoir"
	}, 
	{
	"dtc": 6977, 
	"devicedata": {
		"Panne pr\u00e9sente ev d\u00e9tendeur en CC+": "1", 
		"Panne m\u00e9moris\u00e9e ev d\u00e9tendeur en CO ou en CC-": "1", 
		"Panne m\u00e9moris\u00e9e ev d\u00e9tendeur en CC+": "1", 
		"Panne pr\u00e9sente ev d\u00e9tendeur en CO ou en CC-": "1"
	}, 
	"dtctype": 3, 
	"name": "Commande \u00e9lectrovanne d\u00e9tendeur"
	}, 
	{
	"dtc": 4244, 
	"devicedata": {
		"Panne pr\u00e9sente fuite aval": "1", 
		"Panne m\u00e9moris\u00e9e fuite aval": "1"
	}, 
	"dtctype": 4, 
	"name": "D\u00e9tection de fuite en aval du d\u00e9tendeur"
	}, 
	{
	"dtc": 822, 
	"devicedata": {
		"Panne pr\u00e9sente coh\u00e9rence p\u00e9riode pmh": "1", 
		"Panne m\u00e9moris\u00e9e information pmh": "1", 
		"Panne m\u00e9moris\u00e9e coh\u00e9rence p\u00e9riode pmh": "1", 
		"Panne pr\u00e9sente information pmh": "1"
	}, 
	"dtctype": 0, 
	"name": "Coh\u00e9rence p\u00e9riode signal dent / Information signal dent"
	}, 
	{
	"dtc": 49267, 
	"devicedata": {
		"Panne pr\u00e9sente module bus off": "1", 
		"Panne m\u00e9moris\u00e9e module muet": "1", 
		"Panne pr\u00e9sente module muet": "1", 
		"Panne m\u00e9moris\u00e9e module bus off": "1"
	}, 
	"dtctype": 3, 
	"name": "Liaison CAN - module muet ou bus off"
	}, 
	{
	"dtc": 6917, 
	"devicedata": {
		"Pression gaz (2)": "0", 
		"Panne m\u00e9moris\u00e9e capteur de pression GNV en CO ou CC+": "1", 
		"Panne pr\u00e9sente capteur de pression GNV en CC-": "1", 
		"Delta de pression global injecteur (2)": "0", 
		"Panne m\u00e9moris\u00e9e capteur de pression GNV en CC-": "1", 
		"Panne pr\u00e9sente capteur de pression GNV en CO ou CC+": "1"
	}, 
	"dtctype": 0, 
	"name": "Capteur de pression GNV"
	}, 
	{
	"dtc": 1298, 
	"devicedata": {
		"Panne m\u00e9moris\u00e9e parasite clef": "1", 
		"Panne pr\u00e9sente clef en CC": "1", 
		"Panne pr\u00e9sente parasite clef": "1", 
		"Panne m\u00e9moris\u00e9e coh\u00e9rence clef": "1", 
		"Panne m\u00e9moris\u00e9e clef en CC": "1", 
		"Panne pr\u00e9sente coh\u00e9rence clef": "1"
	}, 
	"dtctype": 0, 
	"name": "Coh\u00e9rence clef"
	}, 
	{
	"dtc": 6912, 
	"devicedata": {
		"Pression gaz": "0", 
		"Panne pr\u00e9sente capteur de pression GPL en CC-": "1", 
		"Panne m\u00e9moris\u00e9e capteur de pression GPL en CO ou CC+": "1", 
		"Delta de pression global injecteur": "0", 
		"Panne m\u00e9moris\u00e9e capteur de pression GPL en CC-": "1", 
		"Panne pr\u00e9sente capteur de pression GPL en CO ou CC+": "1"
	}, 
	"dtctype": 0, 
	"name": "Capteur de pression GPL"
	}, 
	{
	"dtc": 6963, 
	"devicedata": {
		"Panne m\u00e9moris\u00e9e injecteur 3 en CO": "1", 
		"Panne pr\u00e9sente injecteur 3 en CC": "1", 
		"Panne m\u00e9moris\u00e9e injecteur 3 en CC": "1", 
		"Panne pr\u00e9sente injecteur 3 en CO": "1"
	}, 
	"dtctype": 3, 
	"name": "Commande injecteur 3"
	}, 
	{
	"dtc": 6979, 
	"devicedata": {
		"Panne pr\u00e9sente pompe \u00e0 essence en CC+": "1", 
		"Panne pr\u00e9sente pompe \u00e0 essence en CO ou CC-": "1", 
		"Panne m\u00e9moris\u00e9e pompe \u00e0 essence en CO ou en CC-": "1", 
		"Panne m\u00e9moris\u00e9e pompe \u00e0 essence en CC+": "1"
	}, 
	"dtctype": 3, 
	"name": "Commande relais coupure pompe \u00e0 essence"
	}, 
	{
	"dtc": 1601, 
	"devicedata": {
		"Panne pr\u00e9sente alimentation capteurs": "1", 
		"Tension d'alimentation capteurs": "0", 
		"Panne m\u00e9moris\u00e9e alimentation capteurs": "1"
	}, 
	"dtctype": 3, 
	"name": "Alimentation capteurs"
	}, 
	{
	"dtc": 6982, 
	"devicedata": {
		"Panne pr\u00e9sente relais r\u00e9servoir en CC+": "1", 
		"Panne m\u00e9moris\u00e9e relais r\u00e9servoir en CO ou CC-": "1", 
		"Panne m\u00e9moris\u00e9e relais r\u00e9servoir en CC+": "1", 
		"Panne pr\u00e9sente relais r\u00e9servoir en CO ou CC-": "1"
	}, 
	"dtctype": 3, 
	"name": "Commande relais \u00e9lectrovanne r\u00e9servoir"
	}, 
	{
	"dtc": 6985, 
	"devicedata": {
		"Panne pr\u00e9sente voyant gaz en CC+": "1", 
		"Panne pr\u00e9sente voyant gaz en CO ou CC-": "1", 
		"Panne m\u00e9moris\u00e9e voyant gaz en CC+": "1", 
		"Panne m\u00e9moris\u00e9e voyant gaz en CO ou CC-": "1"
	}, 
	"dtctype": 3, 
	"name": "Commande relais voyant gaz"
	}, 
	{
	"dtc": 5765, 
	"devicedata": {
		"Panne pr\u00e9sente collision": "1", 
		"Panne m\u00e9moris\u00e9e collision": "1"
	}, 
	"dtctype": 0, 
	"name": "Collision"
	}, 
	{
	"dtc": 6961, 
	"devicedata": {
		"Panne m\u00e9moris\u00e9e injecteur 1 en CC": "1", 
		"Panne pr\u00e9sente injecteur 1 en CO": "1", 
		"Panne m\u00e9moris\u00e9e injecteur 1 en CO": "1", 
		"Panne pr\u00e9sente injecteur 1 en CC": "1"
	}, 
	"dtctype": 3, 
	"name": "Commande injecteur 1"
	}, 
	{
	"dtc": 1376, 
	"devicedata": {
		"Panne pr\u00e9sente batterie haute": "1", 
		"Panne pr\u00e9sente batterie basse": "1", 
		"Panne m\u00e9moris\u00e9e batterie basse": "1", 
		"Panne m\u00e9moris\u00e9e batterie haute": "1"
	}, 
	"dtctype": 0, 
	"name": "Tension batterie"
	}, 
	{
	"dtc": 6962, 
	"devicedata": {
		"Panne pr\u00e9sente injecteur 2 en CO": "1", 
		"Panne m\u00e9moris\u00e9e injecteur 2 en CC": "1", 
		"Panne pr\u00e9sente injecteur 2 en CC": "1", 
		"Panne m\u00e9moris\u00e9e injecteur 2 en CO": "1"
	}, 
	"dtctype": 3, 
	"name": "Commande injecteur 2"
	}, 
	{
	"dtc": 6983, 
	"devicedata": {
		"Panne pr\u00e9sente relais alimentation automatique": "1", 
		"Panne m\u00e9moris\u00e9e relais alimentation automatique": "1"
	}, 
	"dtctype": 3, 
	"name": "Relais auto alim"
	}, 
	{
	"dtc": 6964, 
	"devicedata": {
		"Panne pr\u00e9sente injecteur 4 en CO": "1", 
		"Panne m\u00e9moris\u00e9e injecteur 4 en CC": "1", 
		"Panne pr\u00e9sente injecteur 4 en CC": "1", 
		"Panne m\u00e9moris\u00e9e injecteur 4 en CO": "1"
	}, 
	"dtctype": 3, 
	"name": "Commande injecteur 4"
	}
], 
"ecuname": "GAZ3000 v2.0", 
"autoidents": [
	{
	"diagversion": "16", 
	"supplier": "213", 
	"version": "7000", 
	"soft": "00AB"
	}, 
	{
	"diagversion": "16", 
	"supplier": "213", 
	"version": "8200", 
	"soft": "00AB"
	}
], 
"endian": "Little", 
"requests": [
	{
	"receivebyte_dataitems": {
		"Reserve trame ident": {
		"ref": true, 
		"firstbyte": 24, 
		"endian": "Big"
		}, 
		"Manufacturer Identification Code": {
		"ref": true, 
		"firstbyte": 26, 
		"endian": "Big"
		}, 
		"Num\u00e9ro diagnostic": {
		"ref": true, 
		"firstbyte": 8, 
		"endian": "Big"
		}, 
		"Num\u00e9ro de version logiciel": {
		"ref": true, 
		"firstbyte": 19, 
		"endian": "Big"
		}, 
		"Num\u00e9ro de fournisseur": {
		"ref": true, 
		"firstbyte": 9, 
		"endian": "Big"
		}, 
		"Num\u00e9ro RENAULT du calculateur": {
		"ref": true, 
		"firstbyte": 3, 
		"endian": "Big"
		}, 
		"Num\u00e9ro de calibration": {
		"ref": true, 
		"firstbyte": 21, 
		"endian": "Big"
		}, 
		"Num\u00e9ro de hardware": {
		"ref": true, 
		"firstbyte": 12, 
		"endian": "Big"
		}, 
		"Num\u00e9ro de calibration mise au point": {
		"ref": true, 
		"firstbyte": 23, 
		"endian": "Big"
		}, 
		"Num\u00e9ro du programme": {
		"ref": true, 
		"firstbyte": 17, 
		"endian": "Big"
		}
	}, 
	"deny_sds": [], 
	"minbytes": 26, 
	"sentbytes": "2180", 
	"name": "Trame Identification"
	}, 
	{
	"name": "Output Control", 
	"replybytes": "700201", 
	"deny_sds": [], 
	"receivebyte_dataitems": {
		"Output Control Status": {
		"firstbyte": 3, 
		"endian": "Big"
		}
	}, 
	"sendbyte_dataitems": {
		"Nombre de cycle de pilotage": {
		"firstbyte": 4, 
		"endian": "Big"
		}, 
		"Output Control Command": {
		"firstbyte": 3, 
		"endian": "Big"
		}, 
		"Output Temporary Control List": {
		"firstbyte": 2, 
		"endian": "Big"
		}
	}, 
	"minbytes": 3, 
	"sentbytes": "3002000A"
	}, 
	{
	"name": "Start Diagnostic Session", 
	"deny_sds": [], 
	"manualsend": true, 
	"sendbyte_dataitems": {
		"Session Name": {
		"firstbyte": 2
		}
	}, 
	"minbytes": 1, 
	"sentbytes": "10C0"
	}, 
	{
	"receivebyte_dataitems": {
		"Pression gaz (2)": {
		"ref": true, 
		"firstbyte": 18, 
		"endian": "Big"
		}, 
		"Moteur cal\u00e9": {
		"bitoffset": 2, 
		"ref": true, 
		"firstbyte": 6
		}, 
		"Mode gaz": {
		"bitoffset": 3, 
		"ref": true, 
		"firstbyte": 7
		}, 
		"Demande d\u00e9sactivation syst\u00e8me gaz": {
		"bitoffset": 4, 
		"ref": true, 
		"firstbyte": 8
		}, 
		"Etat \u00e9lectrovanne rampe (not used)": {
		"bitoffset": 6, 
		"ref": true, 
		"firstbyte": 4, 
		"endian": "Big"
		}, 
		"Configuration monocarburation": {
		"bitoffset": 5, 
		"ref": true, 
		"firstbyte": 9
		}, 
		"Configuration capteur de temp\u00e9rature aval gaz": {
		"bitoffset": 3, 
		"ref": true, 
		"firstbyte": 6
		}, 
		"Consigne de d\u00e9bit gaz": {
		"ref": true, 
		"firstbyte": 14, 
		"endian": "Big"
		}, 
		"Mode essence forc\u00e9e r\u00e9servoir vide": {
		"bitoffset": 5, 
		"ref": true, 
		"firstbyte": 7
		}, 
		"Temps injection gaz": {
		"ref": true, 
		"firstbyte": 11, 
		"endian": "Big"
		}, 
		"Mode transition essence vers gaz": {
		"bitoffset": 1, 
		"ref": true, 
		"firstbyte": 7
		}, 
		"D\u00e9faut mineur syst\u00e8me gaz": {
		"bitoffset": 6, 
		"ref": true, 
		"firstbyte": 10
		}, 
		"ETALOG2": {
		"ref": true, 
		"firstbyte": 6
		}, 
		"Pression r\u00e9servoir (GNV seulement)": {
		"ref": true, 
		"firstbyte": 35, 
		"endian": "Big"
		}, 
		"Power latch en cours": {
		"bitoffset": 1, 
		"ref": true, 
		"firstbyte": 4
		}, 
		"Entr\u00e9e analogique de jaugeage activ\u00e9e": {
		"bitoffset": 7, 
		"ref": true, 
		"firstbyte": 6
		}, 
		"Mode essence forc\u00e9e condition gaz": {
		"bitoffset": 6, 
		"ref": true, 
		"firstbyte": 7
		}, 
		"Mode essence forc\u00e9e d\u00e9faut gaz": {
		"bitoffset": 4, 
		"ref": true, 
		"firstbyte": 7
		}, 
		"Etat du relais g\u00e9n\u00e9ral (EV r\u00e9servoir)": {
		"bitoffset": 7, 
		"ref": true, 
		"firstbyte": 4
		}, 
		"Pression collecteur": {
		"ref": true, 
		"firstbyte": 16, 
		"endian": "Big"
		}, 
		"ETAMOD3": {
		"ref": true, 
		"firstbyte": 9
		}, 
		"Autorisation calcul de la temp\u00e9rature gaz": {
		"bitoffset": 4, 
		"ref": true, 
		"firstbyte": 6
		}, 
		"Etat de la demande client gaz": {
		"bitoffset": 5, 
		"ref": true, 
		"firstbyte": 10
		}, 
		"ETAMOD4": {
		"ref": true, 
		"firstbyte": 10
		}, 
		"Mode gaz forc\u00e9": {
		"bitoffset": 2, 
		"ref": true, 
		"firstbyte": 7
		}, 
		"D\u00e9faut grave syst\u00e8me gaz": {
		"bitoffset": 7, 
		"ref": true, 
		"firstbyte": 10
		}, 
		"Consigne essence": {
		"bitoffset": 7, 
		"ref": true, 
		"firstbyte": 8
		}, 
		"Demande activation syst\u00e8me gaz": {
		"bitoffset": 5, 
		"ref": true, 
		"firstbyte": 8
		}, 
		"R\u00e9gime moteur mux": {
		"ref": true, 
		"firstbyte": 22, 
		"endian": "Big"
		}, 
		"Syst\u00e8me gaz pr\u00eat": {
		"bitoffset": 3, 
		"ref": true, 
		"firstbyte": 10
		}, 
		"Delta de pression global injecteur": {
		"ref": true, 
		"firstbyte": 37, 
		"endian": "Big"
		}, 
		"Delta de pression global injecteur (3)": {
		"ref": true, 
		"firstbyte": 37, 
		"endian": "Big"
		}, 
		"Nombre de d\u00e9part essence usine": {
		"ref": true, 
		"firstbyte": 13, 
		"endian": "Big"
		}, 
		"Mode transition gaz vers essence": {
		"ref": true, 
		"firstbyte": 7
		}, 
		"Resistance jauge": {
		"ref": true, 
		"firstbyte": 33, 
		"endian": "Big"
		}, 
		"Temp\u00e9rature air": {
		"ref": true, 
		"firstbyte": 24, 
		"endian": "Big"
		}, 
		"Consigne de fonctionnement gaz": {
		"ref": true, 
		"firstbyte": 8
		}, 
		"Etat de sortie du voyant": {
		"bitoffset": 2, 
		"ref": true, 
		"firstbyte": 4
		}, 
		"Syst\u00e8me gaz en d\u00e9faut": {
		"bitoffset": 4, 
		"ref": true, 
		"firstbyte": 10
		}, 
		"Configuration capteur de pression aval gaz": {
		"ref": true, 
		"firstbyte": 6
		}, 
		"Etat de l'\u00e9lectrovanne d\u00e9tendeur": {
		"bitoffset": 4, 
		"ref": true, 
		"firstbyte": 4
		}, 
		"Temp\u00e9rature eau": {
		"ref": true, 
		"firstbyte": 25, 
		"endian": "Big"
		}, 
		"Delta de pression global injecteur (2)": {
		"ref": true, 
		"firstbyte": 37, 
		"endian": "Big"
		}, 
		"Etat de sortie de la led": {
		"bitoffset": 3, 
		"ref": true, 
		"firstbyte": 4
		}, 
		"Pression gaz (3)": {
		"ref": true, 
		"firstbyte": 18, 
		"endian": "Big"
		}, 
		"Etat du bouton gaz": {
		"bitoffset": 2, 
		"ref": true, 
		"firstbyte": 3
		}, 
		"ETAIN": {
		"ref": true, 
		"firstbyte": 3
		}, 
		"Etat du relais de coupure pompe \u00e0 essence": {
		"bitoffset": 5, 
		"ref": true, 
		"firstbyte": 4
		}, 
		"Mode de fonctionnement moteur": {
		"ref": true, 
		"firstbyte": 7
		}, 
		"Pression gaz": {
		"ref": true, 
		"firstbyte": 18, 
		"endian": "Big"
		}, 
		"Tension d'alimentation jauges": {
		"ref": true, 
		"firstbyte": 29, 
		"endian": "Big"
		}, 
		"ETAOUT": {
		"ref": true, 
		"firstbyte": 4
		}, 
		"Tension d'alimentation capteurs": {
		"ref": true, 
		"firstbyte": 27, 
		"endian": "Big"
		}, 
		"R\u00e9gime moteur": {
		"ref": true, 
		"firstbyte": 20, 
		"endian": "Big"
		}, 
		"Mode essence": {
		"bitoffset": 7, 
		"ref": true, 
		"firstbyte": 7
		}, 
		"Temp\u00e9rature gaz injecteur": {
		"ref": true, 
		"firstbyte": 26, 
		"endian": "Big"
		}, 
		"Tension r\u00e9servoir": {
		"ref": true, 
		"firstbyte": 31, 
		"endian": "Big"
		}, 
		"ETALOG1": {
		"ref": true, 
		"firstbyte": 5
		}, 
		"Remise \u00e0 z\u00e9ro on": {
		"bitoffset": 5, 
		"ref": true, 
		"firstbyte": 6
		}, 
		"Consigne gaz": {
		"bitoffset": 6, 
		"ref": true, 
		"firstbyte": 8
		}, 
		"Entr\u00e9e analogique utilis\u00e9e pour le jaugeage": {
		"bitoffset": 6, 
		"ref": true, 
		"firstbyte": 6
		}
	}, 
	"deny_sds": [], 
	"minbytes": 38, 
	"sentbytes": "21A0", 
	"name": "Trame 01 - Etats et Param\u00e8tres"
	}, 
	{
	"receivebyte_dataitems": {
		"M_busoff": {
		"ref": true, 
		"firstbyte": 3
		}, 
		"Diagbuof": {
		"ref": true, 
		"firstbyte": 3
		}, 
		"Module_non_muet": {
		"bitoffset": 7, 
		"ref": true, 
		"firstbyte": 4
		}, 
		"Diagucx9": {
		"ref": true, 
		"firstbyte": 13
		}, 
		"Diagucx8": {
		"ref": true, 
		"firstbyte": 12
		}, 
		"Module_pr\u00e9sent": {
		"bitoffset": 7, 
		"ref": true, 
		"firstbyte": 5
		}, 
		"Diagucx5": {
		"ref": true, 
		"firstbyte": 9
		}, 
		"Diagucx4": {
		"ref": true, 
		"firstbyte": 8
		}, 
		"Diagucx7": {
		"ref": true, 
		"firstbyte": 11
		}, 
		"Diagucx6": {
		"ref": true, 
		"firstbyte": 10
		}, 
		"Diagucx1": {
		"ref": true, 
		"firstbyte": 5
		}, 
		"Diagucx3": {
		"ref": true, 
		"firstbyte": 7
		}, 
		"Diagucx2": {
		"ref": true, 
		"firstbyte": 6
		}, 
		"Etat_buson": {
		"bitoffset": 7, 
		"ref": true, 
		"firstbyte": 3
		}, 
		"Etat_busoff_conf": {
		"bitoffset": 6, 
		"ref": true, 
		"firstbyte": 3
		}, 
		"Module_muet_conf": {
		"bitoffset": 6, 
		"ref": true, 
		"firstbyte": 4
		}, 
		"Module_absent_conf": {
		"bitoffset": 6, 
		"ref": true, 
		"firstbyte": 5
		}, 
		"M_mute": {
		"ref": true, 
		"firstbyte": 4
		}, 
		"Diagbumu": {
		"ref": true, 
		"firstbyte": 4
		}, 
		"M_absent_cmm": {
		"ref": true, 
		"firstbyte": 5
		}, 
		"Diagucxe": {
		"ref": true, 
		"firstbyte": 18
		}, 
		"Diagucxd": {
		"ref": true, 
		"firstbyte": 17
		}, 
		"Diagucxf": {
		"ref": true, 
		"firstbyte": 19
		}, 
		"Diagucxa": {
		"ref": true, 
		"firstbyte": 14
		}, 
		"Diagucxc": {
		"ref": true, 
		"firstbyte": 16
		}, 
		"Diagucxb": {
		"ref": true, 
		"firstbyte": 15
		}
	}, 
	"deny_sds": [], 
	"minbytes": 21, 
	"sentbytes": "2182", 
	"name": "Trame 03 - Diagnostic R\u00e9seau Mux"
	}, 
	{
	"name": "Routines Activation", 
	"deny_sds": [], 
	"manualsend": true, 
	"receivebyte_dataitems": {
		"Routine Entry Status": {
		"firstbyte": 3, 
		"endian": "Big"
		}
	}, 
	"sendbyte_dataitems": {
		"Routine Entry Options": {
		"firstbyte": 3, 
		"endian": "Big"
		}, 
		"Routines \u00e0 activer": {
		"firstbyte": 2, 
		"endian": "Big"
		}
	}, 
	"minbytes": 3, 
	"sentbytes": "310100"
	}, 
	{
	"sendbyte_dataitems": {
		"FirstDTC": {
		"firstbyte": 4, 
		"endian": "Big"
		}
	}, 
	"deny_sds": [], 
	"minbytes": 1, 
	"sentbytes": "1201040000", 
	"name": "ReadFreezeFrame"
	}, 
	{
	"receivebyte_dataitems": {
		"FLGECM1": {
		"ref": true, 
		"firstbyte": 9
		}, 
		"Panne pr\u00e9sente injecteur 1 en CC": {
		"bitoffset": 7, 
		"ref": true, 
		"firstbyte": 18
		}, 
		"Panne pr\u00e9sente LED gaz": {
		"bitoffset": 5, 
		"ref": true, 
		"firstbyte": 15
		}, 
		"Panne pr\u00e9sente injecteur 1 en CO": {
		"bitoffset": 7, 
		"ref": true, 
		"firstbyte": 22
		}, 
		"Panne pr\u00e9sente micro eeprom": {
		"ref": true, 
		"firstbyte": 26
		}, 
		"Panne m\u00e9moris\u00e9e jauge en CC+": {
		"bitoffset": 3, 
		"ref": true, 
		"firstbyte": 10
		}, 
		"FLGPPF2": {
		"ref": true, 
		"firstbyte": 27
		}, 
		"Panne m\u00e9moris\u00e9e alimentation capteurs": {
		"bitoffset": 4, 
		"ref": true, 
		"firstbyte": 3
		}, 
		"Panne m\u00e9moris\u00e9e relais jauge": {
		"bitoffset": 1, 
		"ref": true, 
		"firstbyte": 12
		}, 
		"Panne pr\u00e9sente jauge": {
		"bitoffset": 5, 
		"ref": true, 
		"firstbyte": 7
		}, 
		"Panne m\u00e9moris\u00e9e temp\u00e9rature gaz basse": {
		"bitoffset": 6, 
		"ref": true, 
		"firstbyte": 5
		}, 
		"Panne m\u00e9moris\u00e9e capteur de pression GPL": {
		"bitoffset": 7, 
		"ref": true, 
		"firstbyte": 4
		}, 
		"Panne pr\u00e9sente trame CAN": {
		"bitoffset": 7, 
		"ref": true, 
		"firstbyte": 27
		}, 
		"Panne pr\u00e9sente alimentation": {
		"bitoffset": 5, 
		"ref": true, 
		"firstbyte": 6
		}, 
		"Panne m\u00e9moris\u00e9e ev rampe": {
		"bitoffset": 3, 
		"ref": true, 
		"firstbyte": 13
		}, 
		"Panne m\u00e9moris\u00e9e micro calib": {
		"bitoffset": 2, 
		"ref": true, 
		"firstbyte": 24
		}, 
		"FLGPPF1": {
		"ref": true, 
		"firstbyte": 26
		}, 
		"Panne pr\u00e9sente temp\u00e9rature gaz basse": {
		"bitoffset": 6, 
		"ref": true, 
		"firstbyte": 8
		}, 
		"Panne m\u00e9moris\u00e9e coh\u00e9rence p\u00e9riode": {
		"bitoffset": 5, 
		"ref": true, 
		"firstbyte": 24
		}, 
		"Panne m\u00e9moris\u00e9e voyant gaz en CC+": {
		"bitoffset": 7, 
		"ref": true, 
		"firstbyte": 21
		}, 
		"Panne m\u00e9moris\u00e9e batterie haute": {
		"ref": true, 
		"firstbyte": 5
		}, 
		"Panne m\u00e9moris\u00e9e tension r\u00e9servoir en CO ou en CC-": {
		"bitoffset": 6, 
		"ref": true, 
		"firstbyte": 30
		}, 
		"Panne m\u00e9moris\u00e9e tension r\u00e9servoir en CO ou en CC+": {
		"bitoffset": 6, 
		"ref": true, 
		"firstbyte": 31
		}, 
		"Panne pr\u00e9sente information pmh": {
		"bitoffset": 7, 
		"ref": true, 
		"firstbyte": 6
		}, 
		"Panne m\u00e9moris\u00e9e parasite clef": {
		"bitoffset": 2, 
		"ref": true, 
		"firstbyte": 5
		}, 
		"Panne pr\u00e9sente pompe \u00e0 essence en CO ou CC-": {
		"bitoffset": 6, 
		"ref": true, 
		"firstbyte": 17
		}, 
		"Panne pr\u00e9sente fonctionnelle information pmh": {
		"bitoffset": 6, 
		"ref": true, 
		"firstbyte": 6
		}, 
		"Panne pr\u00e9sente capteur de pression GPL en CC-": {
		"bitoffset": 7, 
		"ref": true, 
		"firstbyte": 9
		}, 
		"Panne pr\u00e9sente coh\u00e9rence p\u00e9riode pmh": {
		"bitoffset": 4, 
		"ref": true, 
		"firstbyte": 26
		}, 
		"Panne m\u00e9moris\u00e9e clef en CC": {
		"bitoffset": 2, 
		"ref": true, 
		"firstbyte": 10
		}, 
		"FLGECP2": {
		"ref": true, 
		"firstbyte": 31
		}, 
		"FLGPMS2": {
		"ref": true, 
		"firstbyte": 13
		}, 
		"FLGECP1": {
		"ref": true, 
		"firstbyte": 10
		}, 
		"Panne m\u00e9moris\u00e9e pompe \u00e0 essence": {
		"ref": true, 
		"firstbyte": 12
		}, 
		"Panne pr\u00e9sente coh\u00e9rence p\u00e9riode": {
		"bitoffset": 5, 
		"ref": true, 
		"firstbyte": 26
		}, 
		"Panne m\u00e9moris\u00e9e voyant gaz en CO ou CC-": {
		"bitoffset": 2, 
		"ref": true, 
		"firstbyte": 17
		}, 
		"Panne m\u00e9moris\u00e9e relais alimentation automatique": {
		"bitoffset": 7, 
		"ref": true, 
		"firstbyte": 13
		}, 
		"Panne pr\u00e9sente relais r\u00e9servoir en CC+": {
		"bitoffset": 2, 
		"ref": true, 
		"firstbyte": 18
		}, 
		"Panne pr\u00e9sente injecteur 3 en CC": {
		"bitoffset": 5, 
		"ref": true, 
		"firstbyte": 18
		}, 
		"Panne m\u00e9moris\u00e9e alimentation": {
		"bitoffset": 5, 
		"ref": true, 
		"firstbyte": 3
		}, 
		"Panne pr\u00e9sente voyant gaz en CC+": {
		"bitoffset": 7, 
		"ref": true, 
		"firstbyte": 19
		}, 
		"Panne pr\u00e9sente relais r\u00e9servoir": {
		"bitoffset": 2, 
		"ref": true, 
		"firstbyte": 14
		}, 
		"Panne pr\u00e9sente ev d\u00e9tendeur en CC+": {
		"bitoffset": 3, 
		"ref": true, 
		"firstbyte": 18
		}, 
		"Panne m\u00e9moris\u00e9e coh\u00e9rence p\u00e9riode pmh": {
		"bitoffset": 4, 
		"ref": true, 
		"firstbyte": 24
		}, 
		"Panne pr\u00e9sente micro code": {
		"bitoffset": 1, 
		"ref": true, 
		"firstbyte": 26
		}, 
		"Panne m\u00e9moris\u00e9e coh\u00e9rence r\u00e9gime": {
		"bitoffset": 7, 
		"ref": true, 
		"firstbyte": 24
		}, 
		"Panne pr\u00e9sente ev rampe en CC+": {
		"bitoffset": 5, 
		"ref": true, 
		"firstbyte": 19
		}, 
		"Panne m\u00e9moris\u00e9e capteur de pression GNV en CO ou CC+": {
		"ref": true, 
		"firstbyte": 10
		}, 
		"Panne pr\u00e9sente jauge en CC+": {
		"bitoffset": 6, 
		"ref": true, 
		"firstbyte": 10
		}, 
		"FLGPME1": {
		"ref": true, 
		"firstbyte": 3
		}, 
		"FLGPME2": {
		"ref": true, 
		"firstbyte": 4
		}, 
		"FLGPME3": {
		"ref": true, 
		"firstbyte": 5
		}, 
		"Panne pr\u00e9sente injecteur 4 en CC": {
		"bitoffset": 4, 
		"ref": true, 
		"firstbyte": 18
		}, 
		"Panne pr\u00e9sente trame CAN injection GPL": {
		"bitoffset": 4, 
		"ref": true, 
		"firstbyte": 27
		}, 
		"Panne m\u00e9moris\u00e9e injecteur 3 en CC": {
		"bitoffset": 5, 
		"ref": true, 
		"firstbyte": 20
		}, 
		"Panne pr\u00e9sente capteur de pression GPL": {
		"bitoffset": 7, 
		"ref": true, 
		"firstbyte": 7
		}, 
		"Panne pr\u00e9sente injecteur 4 en CO": {
		"bitoffset": 4, 
		"ref": true, 
		"firstbyte": 22
		}, 
		"Panne m\u00e9moris\u00e9e injecteur 3 en CO": {
		"bitoffset": 5, 
		"ref": true, 
		"firstbyte": 23
		}, 
		"Panne pr\u00e9sente trame CAN base lente": {
		"bitoffset": 6, 
		"ref": true, 
		"firstbyte": 27
		}, 
		"Panne pr\u00e9sente relais alimentation automatique": {
		"bitoffset": 7, 
		"ref": true, 
		"firstbyte": 15
		}, 
		"Panne m\u00e9moris\u00e9e temp\u00e9rature gaz": {
		"bitoffset": 7, 
		"ref": true, 
		"firstbyte": 5
		}, 
		"FLGSCM1": {
		"ref": true, 
		"firstbyte": 16
		}, 
		"Panne m\u00e9moris\u00e9e micro code": {
		"bitoffset": 1, 
		"ref": true, 
		"firstbyte": 24
		}, 
		"Panne m\u00e9moris\u00e9e pompe \u00e0 essence en CC+": {
		"ref": true, 
		"firstbyte": 20
		}, 
		"Panne pr\u00e9sente fuite amont": {
		"bitoffset": 7, 
		"ref": true, 
		"firstbyte": 29
		}, 
		"Panne m\u00e9moris\u00e9e collision": {
		"ref": true, 
		"firstbyte": 25
		}, 
		"Panne m\u00e9moris\u00e9e trame CAN": {
		"bitoffset": 7, 
		"ref": true, 
		"firstbyte": 25
		}, 
		"FLGPPF3": {
		"ref": true, 
		"firstbyte": 29
		}, 
		"Panne m\u00e9moris\u00e9e coh\u00e9rence clef": {
		"bitoffset": 3, 
		"ref": true, 
		"firstbyte": 5
		}, 
		"Panne pr\u00e9sente coh\u00e9rence pression gaz aval": {
		"bitoffset": 2, 
		"ref": true, 
		"firstbyte": 7
		}, 
		"Panne pr\u00e9sente fuite amont/aval": {
		"bitoffset": 5, 
		"ref": true, 
		"firstbyte": 29
		}, 
		"Panne m\u00e9moris\u00e9e coh\u00e9rence pression gaz aval": {
		"bitoffset": 2, 
		"ref": true, 
		"firstbyte": 4
		}, 
		"Panne pr\u00e9sente ev rampe": {
		"bitoffset": 3, 
		"ref": true, 
		"firstbyte": 15
		}, 
		"FLGSCP1": {
		"ref": true, 
		"firstbyte": 18
		}, 
		"FLGSCP2": {
		"ref": true, 
		"firstbyte": 19
		}, 
		"FLGSCP3": {
		"ref": true, 
		"firstbyte": 20
		}, 
		"FLGSCP4": {
		"ref": true, 
		"firstbyte": 21
		}, 
		"Panne m\u00e9moris\u00e9e relais r\u00e9servoir en CO ou CC-": {
		"bitoffset": 4, 
		"ref": true, 
		"firstbyte": 16
		}, 
		"Panne pr\u00e9sente pression gaz aval basse": {
		"bitoffset": 4, 
		"ref": true, 
		"firstbyte": 7
		}, 
		"Panne m\u00e9moris\u00e9e micro": {
		"bitoffset": 3, 
		"ref": true, 
		"firstbyte": 24
		}, 
		"Panne pr\u00e9sente batterie basse": {
		"bitoffset": 1, 
		"ref": true, 
		"firstbyte": 8
		}, 
		"Panne pr\u00e9sente capteur de pression GNV en CC-": {
		"bitoffset": 3, 
		"ref": true, 
		"firstbyte": 9
		}, 
		"Panne pr\u00e9sente temp\u00e9rature gaz haute": {
		"bitoffset": 5, 
		"ref": true, 
		"firstbyte": 8
		}, 
		"FLGPMF1": {
		"ref": true, 
		"firstbyte": 24
		}, 
		"FLGPMF3": {
		"ref": true, 
		"firstbyte": 28
		}, 
		"FLGPMF2": {
		"ref": true, 
		"firstbyte": 25
		}, 
		"Panne m\u00e9moris\u00e9e jauge en CO ou en CC-": {
		"bitoffset": 4, 
		"ref": true, 
		"firstbyte": 9
		}, 
		"FLGPPE1": {
		"ref": true, 
		"firstbyte": 6
		}, 
		"FLGPPE3": {
		"ref": true, 
		"firstbyte": 8
		}, 
		"Panne m\u00e9moris\u00e9e ev d\u00e9tendeur": {
		"bitoffset": 3, 
		"ref": true, 
		"firstbyte": 12
		}, 
		"Panne pr\u00e9sente relais jauge en CO ou CC-": {
		"bitoffset": 7, 
		"ref": true, 
		"firstbyte": 17
		}, 
		"Panne m\u00e9moris\u00e9e LED gaz": {
		"bitoffset": 5, 
		"ref": true, 
		"firstbyte": 13
		}, 
		"Panne pr\u00e9sente micro calib": {
		"bitoffset": 2, 
		"ref": true, 
		"firstbyte": 26
		}, 
		"Panne pr\u00e9sente ev rampe en en CO ou en CC-": {
		"bitoffset": 1, 
		"ref": true, 
		"firstbyte": 17
		}, 
		"Panne pr\u00e9sente jauge en CO ou en CC-": {
		"bitoffset": 6, 
		"ref": true, 
		"firstbyte": 9
		}, 
		"Panne m\u00e9moris\u00e9e trame CAN base rapide": {
		"bitoffset": 5, 
		"ref": true, 
		"firstbyte": 25
		}, 
		"Panne pr\u00e9sente alimentation capteurs": {
		"bitoffset": 4, 
		"ref": true, 
		"firstbyte": 6
		}, 
		"FLGECM2": {
		"ref": true, 
		"firstbyte": 30
		}, 
		"Panne m\u00e9moris\u00e9e alimentation jauges": {
		"bitoffset": 3, 
		"ref": true, 
		"firstbyte": 3
		}, 
		"Panne pr\u00e9sente pompe \u00e0 essence": {
		"ref": true, 
		"firstbyte": 14
		}, 
		"Panne pr\u00e9sente module bus off": {
		"bitoffset": 2, 
		"ref": true, 
		"firstbyte": 27
		}, 
		"Panne m\u00e9moris\u00e9e fuite amont/aval": {
		"bitoffset": 5, 
		"ref": true, 
		"firstbyte": 28
		}, 
		"Panne m\u00e9moris\u00e9e pression gaz aval basse": {
		"bitoffset": 4, 
		"ref": true, 
		"firstbyte": 4
		}, 
		"Panne pr\u00e9sente relais jauge en CC+": {
		"bitoffset": 1, 
		"ref": true, 
		"firstbyte": 18
		}, 
		"Panne m\u00e9moris\u00e9e voyant gaz": {
		"bitoffset": 6, 
		"ref": true, 
		"firstbyte": 13
		}, 
		"Panne m\u00e9moris\u00e9e ev rampe en CC+": {
		"bitoffset": 5, 
		"ref": true, 
		"firstbyte": 21
		}, 
		"Panne m\u00e9moris\u00e9e relais r\u00e9servoir en CC+": {
		"bitoffset": 2, 
		"ref": true, 
		"firstbyte": 20
		}, 
		"Panne pr\u00e9sente clef en CC": {
		"bitoffset": 5, 
		"ref": true, 
		"firstbyte": 10
		}, 
		"Panne pr\u00e9sente fuite aval": {
		"bitoffset": 6, 
		"ref": true, 
		"firstbyte": 29
		}, 
		"Panne pr\u00e9sente collision": {
		"ref": true, 
		"firstbyte": 27
		}, 
		"Panne pr\u00e9sente relais automatique": {
		"bitoffset": 4, 
		"ref": true, 
		"firstbyte": 15
		}, 
		"Panne pr\u00e9sente coh\u00e9rence clef": {
		"bitoffset": 3, 
		"ref": true, 
		"firstbyte": 8
		}, 
		"Panne pr\u00e9sente alimentation jauges": {
		"bitoffset": 3, 
		"ref": true, 
		"firstbyte": 6
		}, 
		"Panne m\u00e9moris\u00e9e injecteur 1 en CC": {
		"bitoffset": 7, 
		"ref": true, 
		"firstbyte": 20
		}, 
		"Panne pr\u00e9sente batterie haute": {
		"ref": true, 
		"firstbyte": 8
		}, 
		"Panne m\u00e9moris\u00e9e fuite aval": {
		"bitoffset": 6, 
		"ref": true, 
		"firstbyte": 28
		}, 
		"Panne pr\u00e9sente capteur de pression GNV en CO ou CC+": {
		"bitoffset": 1, 
		"ref": true, 
		"firstbyte": 10
		}, 
		"Panne m\u00e9moris\u00e9e relais jauge en CC+": {
		"bitoffset": 1, 
		"ref": true, 
		"firstbyte": 20
		}, 
		"Panne pr\u00e9sente tension r\u00e9servoir en CO ou en CC+": {
		"bitoffset": 7, 
		"ref": true, 
		"firstbyte": 31
		}, 
		"Panne pr\u00e9sente injecteur 2": {
		"bitoffset": 6, 
		"ref": true, 
		"firstbyte": 14
		}, 
		"Panne pr\u00e9sente injecteur 1": {
		"bitoffset": 7, 
		"ref": true, 
		"firstbyte": 14
		}, 
		"Panne pr\u00e9sente tension r\u00e9servoir en CO ou en CC-": {
		"bitoffset": 7, 
		"ref": true, 
		"firstbyte": 30
		}, 
		"Panne pr\u00e9sente injecteur 4": {
		"bitoffset": 4, 
		"ref": true, 
		"firstbyte": 14
		}, 
		"FLGPMS1": {
		"ref": true, 
		"firstbyte": 12
		}, 
		"Panne pr\u00e9sente injecteur 2 en CC": {
		"bitoffset": 6, 
		"ref": true, 
		"firstbyte": 18
		}, 
		"Panne m\u00e9moris\u00e9e fuite amont": {
		"bitoffset": 7, 
		"ref": true, 
		"firstbyte": 28
		}, 
		"Panne pr\u00e9sente capteur de pression GNV": {
		"ref": true, 
		"firstbyte": 7
		}, 
		"FLGSCM2": {
		"ref": true, 
		"firstbyte": 17
		}, 
		"Panne pr\u00e9sente pression gaz aval haute": {
		"bitoffset": 3, 
		"ref": true, 
		"firstbyte": 7
		}, 
		"Panne pr\u00e9sente ev d\u00e9tendeur en CO ou en CC-": {
		"bitoffset": 7, 
		"ref": true, 
		"firstbyte": 16
		}, 
		"Panne pr\u00e9sente ev d\u00e9tendeur": {
		"bitoffset": 3, 
		"ref": true, 
		"firstbyte": 14
		}, 
		"Panne m\u00e9moris\u00e9e injecteur 4 en CC": {
		"bitoffset": 4, 
		"ref": true, 
		"firstbyte": 20
		}, 
		"Panne pr\u00e9sente voyant gaz": {
		"bitoffset": 6, 
		"ref": true, 
		"firstbyte": 15
		}, 
		"Panne m\u00e9moris\u00e9e injecteur 4 en CO": {
		"bitoffset": 4, 
		"ref": true, 
		"firstbyte": 23
		}, 
		"Panne m\u00e9moris\u00e9e batterie basse": {
		"bitoffset": 1, 
		"ref": true, 
		"firstbyte": 5
		}, 
		"Panne m\u00e9moris\u00e9e module bus off": {
		"bitoffset": 2, 
		"ref": true, 
		"firstbyte": 25
		}, 
		"Panne pr\u00e9sente pression gaz": {
		"bitoffset": 1, 
		"ref": true, 
		"firstbyte": 7
		}, 
		"Panne pr\u00e9sente batterie": {
		"bitoffset": 6, 
		"ref": true, 
		"firstbyte": 7
		}, 
		"Panne m\u00e9moris\u00e9e module muet": {
		"bitoffset": 1, 
		"ref": true, 
		"firstbyte": 25
		}, 
		"Panne m\u00e9moris\u00e9e pression gaz aval haute": {
		"bitoffset": 3, 
		"ref": true, 
		"firstbyte": 4
		}, 
		"Panne m\u00e9moris\u00e9e capteur de pression GNV": {
		"ref": true, 
		"firstbyte": 4
		}, 
		"Panne m\u00e9moris\u00e9e capteur de pression GPL en CO ou CC+": {
		"bitoffset": 4, 
		"ref": true, 
		"firstbyte": 10
		}, 
		"Panne pr\u00e9sente injecteur 3 en CO": {
		"bitoffset": 5, 
		"ref": true, 
		"firstbyte": 22
		}, 
		"Panne pr\u00e9sente module": {
		"bitoffset": 3, 
		"ref": true, 
		"firstbyte": 27
		}, 
		"Panne pr\u00e9sente clef": {
		"bitoffset": 4, 
		"ref": true, 
		"firstbyte": 8
		}, 
		"Panne m\u00e9moris\u00e9e micro eeprom": {
		"ref": true, 
		"firstbyte": 24
		}, 
		"Panne m\u00e9moris\u00e9e information pmh": {
		"bitoffset": 7, 
		"ref": true, 
		"firstbyte": 3
		}, 
		"Panne pr\u00e9sente injecteur 3": {
		"bitoffset": 5, 
		"ref": true, 
		"firstbyte": 14
		}, 
		"FLGPPE2": {
		"ref": true, 
		"firstbyte": 7
		}, 
		"Panne m\u00e9moris\u00e9e ev d\u00e9tendeur en CC+": {
		"bitoffset": 3, 
		"ref": true, 
		"firstbyte": 20
		}, 
		"Panne m\u00e9moris\u00e9e injecteur 4": {
		"bitoffset": 4, 
		"ref": true, 
		"firstbyte": 12
		}, 
		"Panne m\u00e9moris\u00e9e pompe \u00e0 essence en CO ou en CC-": {
		"bitoffset": 3, 
		"ref": true, 
		"firstbyte": 17
		}, 
		"Panne m\u00e9moris\u00e9e injecteur 2": {
		"bitoffset": 6, 
		"ref": true, 
		"firstbyte": 12
		}, 
		"Panne pr\u00e9sente injecteur 2 en CO": {
		"bitoffset": 6, 
		"ref": true, 
		"firstbyte": 22
		}, 
		"Panne pr\u00e9sente temp\u00e9rature gaz": {
		"bitoffset": 7, 
		"ref": true, 
		"firstbyte": 8
		}, 
		"Panne m\u00e9moris\u00e9e injecteur 1": {
		"bitoffset": 7, 
		"ref": true, 
		"firstbyte": 12
		}, 
		"Panne pr\u00e9sente micro": {
		"bitoffset": 3, 
		"ref": true, 
		"firstbyte": 26
		}, 
		"Panne pr\u00e9sente pompe \u00e0 essence en CC+": {
		"ref": true, 
		"firstbyte": 18
		}, 
		"FLGECO": {
		"ref": true, 
		"firstbyte": 11
		}, 
		"Panne pr\u00e9sente relais r\u00e9servoir en CO ou CC-": {
		"bitoffset": 6, 
		"ref": true, 
		"firstbyte": 16
		}, 
		"Panne pr\u00e9sente capteur de pression GPL en CO ou CC+": {
		"bitoffset": 7, 
		"ref": true, 
		"firstbyte": 10
		}, 
		"FLGPPS2": {
		"ref": true, 
		"firstbyte": 15
		}, 
		"FLGPPS1": {
		"ref": true, 
		"firstbyte": 14
		}, 
		"Panne m\u00e9moris\u00e9e relais automatique": {
		"bitoffset": 4, 
		"ref": true, 
		"firstbyte": 13
		}, 
		"Panne m\u00e9moris\u00e9e jauge": {
		"bitoffset": 5, 
		"ref": true, 
		"firstbyte": 4
		}, 
		"Panne m\u00e9moris\u00e9e trame CAN injection GPL": {
		"bitoffset": 4, 
		"ref": true, 
		"firstbyte": 25
		}, 
		"Panne m\u00e9moris\u00e9e relais jauge en CO ou CC-": {
		"bitoffset": 4, 
		"ref": true, 
		"firstbyte": 17
		}, 
		"Panne pr\u00e9sente parasite clef": {
		"bitoffset": 2, 
		"ref": true, 
		"firstbyte": 8
		}, 
		"Panne pr\u00e9sente relais jauge": {
		"bitoffset": 1, 
		"ref": true, 
		"firstbyte": 14
		}, 
		"Panne m\u00e9moris\u00e9e module": {
		"bitoffset": 3, 
		"ref": true, 
		"firstbyte": 25
		}, 
		"Panne m\u00e9moris\u00e9e temp\u00e9rature gaz haute": {
		"bitoffset": 5, 
		"ref": true, 
		"firstbyte": 5
		}, 
		"Panne m\u00e9moris\u00e9e capteur de pression GNV en CC-": {
		"bitoffset": 2, 
		"ref": true, 
		"firstbyte": 9
		}, 
		"Panne m\u00e9moris\u00e9e batterie": {
		"bitoffset": 6, 
		"ref": true, 
		"firstbyte": 4
		}, 
		"Panne pr\u00e9sente trame CAN base rapide": {
		"bitoffset": 5, 
		"ref": true, 
		"firstbyte": 27
		}, 
		"Panne m\u00e9moris\u00e9e ev r\u00e9servoir en CC+": {
		"bitoffset": 4, 
		"ref": true, 
		"firstbyte": 21
		}, 
		"Panne m\u00e9moris\u00e9e ev rampe en en CO ou en CC-": {
		"ref": true, 
		"firstbyte": 17
		}, 
		"Panne m\u00e9moris\u00e9e pression gaz": {
		"bitoffset": 1, 
		"ref": true, 
		"firstbyte": 4
		}, 
		"Panne m\u00e9moris\u00e9e capteur de pression GPL en CC-": {
		"bitoffset": 5, 
		"ref": true, 
		"firstbyte": 9
		}, 
		"Panne pr\u00e9sente coh\u00e9rence r\u00e9gime": {
		"bitoffset": 7, 
		"ref": true, 
		"firstbyte": 26
		}, 
		"Panne pr\u00e9sente coh\u00e9rence r\u00e9gime signal dent": {
		"bitoffset": 6, 
		"ref": true, 
		"firstbyte": 26
		}, 
		"Panne m\u00e9moris\u00e9e fonctionnelle information pmh": {
		"bitoffset": 6, 
		"ref": true, 
		"firstbyte": 3
		}, 
		"FLGSCO1": {
		"ref": true, 
		"firstbyte": 22
		}, 
		"Panne m\u00e9moris\u00e9e LED gaz en CC+": {
		"bitoffset": 6, 
		"ref": true, 
		"firstbyte": 21
		}, 
		"FLGSCO2": {
		"ref": true, 
		"firstbyte": 23
		}, 
		"Panne m\u00e9moris\u00e9e injecteur 2 en CO": {
		"bitoffset": 6, 
		"ref": true, 
		"firstbyte": 23
		}, 
		"Panne m\u00e9moris\u00e9e relais r\u00e9servoir": {
		"bitoffset": 2, 
		"ref": true, 
		"firstbyte": 12
		}, 
		"Panne pr\u00e9sente ev r\u00e9servoir en CC+": {
		"bitoffset": 4, 
		"ref": true, 
		"firstbyte": 19
		}, 
		"Panne m\u00e9moris\u00e9e injecteur 2 en CC": {
		"bitoffset": 6, 
		"ref": true, 
		"firstbyte": 20
		}, 
		"Panne pr\u00e9sente LED gaz en CC+": {
		"bitoffset": 6, 
		"ref": true, 
		"firstbyte": 19
		}, 
		"Panne m\u00e9moris\u00e9e ev d\u00e9tendeur en CO ou en CC-": {
		"bitoffset": 5, 
		"ref": true, 
		"firstbyte": 16
		}, 
		"Panne m\u00e9moris\u00e9e trame CAN base lente": {
		"bitoffset": 6, 
		"ref": true, 
		"firstbyte": 25
		}, 
		"Panne m\u00e9moris\u00e9e injecteur 3": {
		"bitoffset": 5, 
		"ref": true, 
		"firstbyte": 12
		}, 
		"Panne m\u00e9moris\u00e9e coh\u00e9rence r\u00e9gime signal dent": {
		"bitoffset": 6, 
		"ref": true, 
		"firstbyte": 24
		}, 
		"Panne m\u00e9moris\u00e9e clef": {
		"bitoffset": 4, 
		"ref": true, 
		"firstbyte": 5
		}, 
		"Panne pr\u00e9sente voyant gaz en CO ou CC-": {
		"bitoffset": 5, 
		"ref": true, 
		"firstbyte": 17
		}, 
		"Panne m\u00e9moris\u00e9e injecteur 1 en CO": {
		"bitoffset": 7, 
		"ref": true, 
		"firstbyte": 23
		}, 
		"Panne pr\u00e9sente module muet": {
		"bitoffset": 1, 
		"ref": true, 
		"firstbyte": 27
		}
	}, 
	"deny_sds": [], 
	"minbytes": 31, 
	"sentbytes": "21A1", 
	"name": "Trame 02 - Pannes"
	}, 
	{
	"name": "ReadDTC", 
	"replybytes": "57", 
	"deny_sds": [], 
	"receivebyte_dataitems": {
		"Type Of Fault": {
		"firstbyte": 5, 
		"endian": "Big"
		}, 
		"Standard Fault": {
		"bitoffset": 3, 
		"firstbyte": 5, 
		"endian": "Big"
		}, 
		"Historical Failure": {
		"bitoffset": 1, 
		"firstbyte": 5, 
		"endian": "Big"
		}, 
		"Current Failure": {
		"bitoffset": 2, 
		"firstbyte": 5, 
		"endian": "Big"
		}, 
		"FirstDTC": {
		"firstbyte": 3, 
		"endian": "Big"
		}, 
		"Specific Fault": {
		"bitoffset": 3, 
		"firstbyte": 5, 
		"endian": "Big"
		}, 
		"NDTC": {
		"firstbyte": 2, 
		"endian": "Big"
		}
	}, 
	"sendbyte_dataitems": {
		"MoreDTC": {
		"firstbyte": 3, 
		"endian": "Big"
		}
	}, 
	"minbytes": 2, 
	"sentbytes": "17FF00", 
	"shiftbytescount": 3
	}, 
	{
	"name": "Routines Stopping", 
	"deny_sds": [], 
	"manualsend": true, 
	"sendbyte_dataitems": {
		"Routines \u00e0 stopper": {
		"firstbyte": 2
		}
	}, 
	"minbytes": 1, 
	"sentbytes": "320100"
	}
], 
"data": {
	"Pression gaz (2)": {
	"comment": "Pression gaz mesur\u00e9e", 
	"bitscount": 16, 
	"scaled": true, 
	"step": 3.7, 
	"bytescount": 2, 
	"unit": "mb"
	}, 
	"Panne pr\u00e9sente fuite aval": {
	"scaled": true, 
	"bitscount": 1
	}, 
	"Manufacturer Identification Code": {
	"scaled": true
	}, 
	"Temp\u00e9rature eau": {
	"scaled": true, 
	"comment": "Valeur de la temp\u00e9rature d'eau calcul\u00e9e \u00e0 partir de l'information temp\u00e9rature", 
	"step": 0.625, 
	"unit": "\u00b0C", 
	"offset": -40.0
	}, 
	"Panne pr\u00e9sente LED gaz": {
	"scaled": true, 
	"comment": "Panne pr\u00e9sente de la led GPL", 
	"bitscount": 1
	}, 
	"Panne pr\u00e9sente module muet": {
	"scaled": true, 
	"comment": "Panne pr\u00e9sente module muet", 
	"bitscount": 1
	}, 
	"Panne pr\u00e9sente injecteur 1 en CO": {
	"scaled": true, 
	"comment": "Panne pr\u00e9sente de l'injecteur a en circuit ouvert", 
	"bitscount": 1
	}, 
	"Configuration capteur de temp\u00e9rature aval gaz": {
	"comment": "Configuration capteur temp\u00e9rature gaz (0= absent ; 1= pr\u00e9sent)", 
	"bitscount": 1, 
	"lists": {
		"0": "Pas de capteur de temp\u00e9rature aval (Temp\u00e9rature mod\u00e8lis\u00e9e)", 
		"1": "Capteur de temp\u00e9rature aval pr\u00e9sent"
	}
	}, 
	"Mode transition gaz vers essence": {
	"scaled": true, 
	"comment": "Indicateur de transition GPL vers essence", 
	"bitscount": 1
	}, 
	"Etat du relais g\u00e9n\u00e9ral (EV r\u00e9servoir)": {
	"comment": "Etat demand\u00e9 de l'\u00e9lectrovanne r\u00e9servoir (1=ouvert, 0=ferm\u00e9)", 
	"bitscount": 1, 
	"lists": {
		"0": "Relais ouvert / EV ferm\u00e9e", 
		"1": "Relais ferm\u00e9 / EV ouverte"
	}
	}, 
	"Mode essence forc\u00e9e r\u00e9servoir vide": {
	"scaled": true, 
	"comment": "Indicateur de fonctionnement essence forc\u00e9e sur r\u00e9servoir vide", 
	"bitscount": 1
	}, 
	"Temps injection gaz": {
	"comment": "Temps d'injection gaz", 
	"bitscount": 16, 
	"scaled": true, 
	"step": 0.0032, 
	"bytescount": 2, 
	"unit": "ms"
	}, 
	"ETALOG1": {
	"scaled": true, 
	"comment": "Etat n\u00b01 des strat\u00e9gies logiciel"
	}, 
	"D\u00e9faut mineur syst\u00e8me gaz": {
	"comment": "D\u00e9faut mineur du syst\u00e8me gaz", 
	"bitscount": 1, 
	"lists": {
		"0": "Pas de d\u00e9faut mineur", 
		"1": "D\u00e9faut syst\u00e8me mineur"
	}
	}, 
	"ETALOG2": {
	"scaled": true, 
	"comment": "Etat n\u00b02 des strat\u00e9gies logiciel"
	}, 
	"Num\u00e9ro de hardware": {
	"comment": "Reference HARD du calculateur", 
	"bytescount": 5, 
	"byte": true, 
	"bitscount": 40
	}, 
	"Num\u00e9ro du programme": {
	"comment": "Application logiciel", 
	"bytescount": 2, 
	"byte": true, 
	"bitscount": 16
	}, 
	"Panne m\u00e9moris\u00e9e temp\u00e9rature gaz basse": {
	"scaled": true, 
	"comment": "Panne m\u00e9moris\u00e9e de temp\u00e9rature gaz basse", 
	"bitscount": 1
	}, 
	"Panne m\u00e9moris\u00e9e capteur de pression GPL": {
	"scaled": true, 
	"comment": "Panne m\u00e9moris\u00e9e du capteur de pression GPL", 
	"bitscount": 1
	}, 
	"Routine Entry Options": {
	"lists": {
		"0": "Launch Routine", 
		"1": "Status Request"
	}
	}, 
	"Panne pr\u00e9sente alimentation": {
	"scaled": true, 
	"comment": "Panne pr\u00e9sente de l'alimentation", 
	"bitscount": 1
	}, 
	"Diagucx8": {
	"comment": "diag uce n\u00b08", 
	"byte": true
	}, 
	"Output Temporary Control List": {
	"lists": {
		"2": "Power Latch Relay or Main Relay (CAN) - not used", 
		"12": "Gas Injector 1 (CAN)", 
		"13": "Gas Injector 2 (CAN)", 
		"14": "Gas Injector 3 (CAN)", 
		"15": "Gas Injector 4 (CAN)", 
		"172": "Tank Solenoid (K)", 
		"173": "Regulator Solenoid (K)", 
		"174": "Rail Solenoid (K)", 
		"175": "Power Latch Relay or Main Relay (K) - not used", 
		"176": "Gauge Relay (K)", 
		"177": "Gas Lamp / Gas button LED (K)", 
		"178": "Gas Injector 1 (K)", 
		"179": "Gas Injector 2 (K)", 
		"187": "Gas Injector 3 (K)", 
		"188": "Gas Injector 4 (K)", 
		"189": "Cut Fuel Pump Relay (K)", 
		"97": "Cut Fuel Pump Relay (CAN)", 
		"98": "Gauge Relay (CAN)", 
		"99": "Tank Solenoid (CAN)", 
		"100": "Rail Solenoid (CAN)", 
		"101": "Regulator Solenoid (CAN)", 
		"102": "Gas Lamp / Gas button LED (CAN)"
	}
	}, 
	"Diagucx5": {
	"comment": "diag uce n\u00b05", 
	"byte": true
	}, 
	"Diagucx4": {
	"comment": "diag uce n\u00b04", 
	"byte": true
	}, 
	"Diagucx7": {
	"comment": "diag uce n\u00b07", 
	"byte": true
	}, 
	"Diagucx6": {
	"comment": "diag uce n\u00b06", 
	"byte": true
	}, 
	"Panne m\u00e9moris\u00e9e ev rampe": {
	"scaled": true, 
	"comment": "Panne m\u00e9moris\u00e9e de l'\u00e9lectrovanne rampe", 
	"bitscount": 1
	}, 
	"Output Control Command": {
	"lists": {
		"0": "Start Temporary", 
		"1": "Status", 
		"17": "Stop"
	}
	}, 
	"Diagucx3": {
	"comment": "diag uce n\u00b03", 
	"byte": true
	}, 
	"Diagucx2": {
	"comment": "diag uce n\u00b02", 
	"byte": true
	}, 
	"ETAMOD3": {
	"scaled": true, 
	"comment": "Etat n\u00b03 des modes de fonctionnement moteur"
	}, 
	"FLGPPF1": {
	"scaled": true, 
	"comment": "Porteur n\u00b01 des flags de pannes fonctionnelles pr\u00e9sentes"
	}, 
	"Panne pr\u00e9sente temp\u00e9rature gaz basse": {
	"scaled": true, 
	"comment": "Panne pr\u00e9sente de temp\u00e9rature gaz basse", 
	"bitscount": 1
	}, 
	"Panne m\u00e9moris\u00e9e coh\u00e9rence p\u00e9riode": {
	"scaled": true, 
	"comment": "Panne m\u00e9moris\u00e9e sur la coh\u00e9rence p\u00e9riode", 
	"bitscount": 1
	}, 
	"Panne m\u00e9moris\u00e9e voyant gaz en CC+": {
	"scaled": true, 
	"comment": "Panne m\u00e9moris\u00e9e du voyant en court-circuit au +bat", 
	"bitscount": 1
	}, 
	"Panne m\u00e9moris\u00e9e batterie haute": {
	"scaled": true, 
	"comment": "Panne m\u00e9moris\u00e9e de tension batterie haute", 
	"bitscount": 1
	}, 
	"ETAMOD4": {
	"scaled": true, 
	"comment": "Etat n\u00b04 des modes de fonctionnement moteur"
	}, 
	"Panne m\u00e9moris\u00e9e tension r\u00e9servoir en CO ou en CC-": {
	"scaled": true, 
	"bitscount": 1
	}, 
	"Num\u00e9ro de calibration mise au point": {
	"comment": "Version de calibration MAP", 
	"byte": true
	}, 
	"Delta de pression global injecteur": {
	"scaled": true, 
	"bytescount": 2, 
	"step": 3.7, 
	"bitscount": 16, 
	"unit": "mb"
	}, 
	"Consigne essence": {
	"scaled": true, 
	"comment": "Indicateur de fonctionnement en mode essence", 
	"bitscount": 1
	}, 
	"Demande activation syst\u00e8me gaz": {
	"scaled": true, 
	"comment": "Demande d'activation du syst\u00e8me GPL", 
	"bitscount": 1
	}, 
	"R\u00e9gime moteur mux": {
	"scaled": true, 
	"bytescount": 2, 
	"step": 0.125, 
	"bitscount": 16, 
	"comment": "R\u00e9gime moteur lu sur la trame injection base rapide"
	}, 
	"Panne m\u00e9moris\u00e9e parasite clef": {
	"scaled": true, 
	"comment": "Panne m\u00e9moris\u00e9e parasite clef", 
	"bitscount": 1
	}, 
	"Panne pr\u00e9sente pompe \u00e0 essence en CO ou CC-": {
	"scaled": true, 
	"comment": "Panne pr\u00e9sente sur la pompe \u00e0 essence en court-circuit \u00e0 la masse", 
	"bitscount": 1
	}, 
	"Panne pr\u00e9sente fonctionnelle information pmh": {
	"scaled": true, 
	"comment": "Panne pr\u00e9sente fonctionnelle de l'information pmh", 
	"bitscount": 1
	}, 
	"Panne pr\u00e9sente capteur de pression GPL en CC-": {
	"scaled": true, 
	"comment": "Panne pr\u00e9sente sur l'entr\u00e9e pression GPL en court-circuit \u00e0 la masse", 
	"bitscount": 1
	}, 
	"Routines \u00e0 stopper": {
	"lists": {
		"1": "Fuel Feed Inhibtion"
	}
	}, 
	"Routines \u00e0 activer": {
	"lists": {
		"160": "Fuel feed inhibition (K)", 
		"1": "Fuel feed inhibition (CAN)", 
		"2": "Power Latch Stop Request (CAN)", 
		"3": "OBD End Of Line tests (CAN) - not used", 
		"4": "Reinitialization of Non-Volatile Memory (CAN) - not used", 
		"166": "Static Test (K)", 
		"7": "Static Test (CAN)", 
		"161": "Power Latch Stop Request (K)", 
		"162": "OBD End Of Line tests (K) - not used", 
		"163": "Reinitialization of Non-Volatile Memory (K - not used"
	}
	}, 
	"Syst\u00e8me gaz en d\u00e9faut": {
	"comment": "Syst\u00e8me gaz en d\u00e9faut", 
	"bitscount": 1, 
	"lists": {
		"0": "Syst\u00e8me gaz sans d\u00e9faut", 
		"1": "Syst\u00e8me gaz en d\u00e9faut"
	}
	}, 
	"Panne pr\u00e9sente coh\u00e9rence p\u00e9riode pmh": {
	"scaled": true, 
	"comment": "Panne pr\u00e9sente sur la coh\u00e9rence p\u00e9riode pmh", 
	"bitscount": 1
	}, 
	"Configuration capteur de pression aval gaz": {
	"comment": "Capteur de pression gaz amont utilis\u00e9", 
	"bitscount": 2, 
	"lists": {
		"0": "Pas de capteur de pression aval", 
		"1": "Capteur de pression aval SAGEM / JCAE", 
		"2": "Capteur de pression aval KAVLICO"
	}
	}, 
	"Panne m\u00e9moris\u00e9e clef en CC": {
	"scaled": true, 
	"comment": "Panne m\u00e9moris\u00e9e de la clef de contact en court-circuit", 
	"bitscount": 1
	}, 
	"FLGECP2": {
	"scaled": true, 
	"comment": "Porteur des flags de pannes des entr\u00e9es en court-circuit au +bat n\u00b02"
	}, 
	"Panne m\u00e9moris\u00e9e pompe \u00e0 essence": {
	"scaled": true, 
	"comment": "Panne m\u00e9moris\u00e9e de relais de la pompe \u00e0 essence", 
	"bitscount": 1
	}, 
	"Panne pr\u00e9sente trame CAN": {
	"scaled": true, 
	"comment": "Panne pr\u00e9sente sur le CAN", 
	"bitscount": 1
	}, 
	"FLGPMS2": {
	"scaled": true, 
	"comment": "Porteur n\u00b02 des flags de pannes m\u00e9moris\u00e9es des sorties"
	}, 
	"Etat du relais de coupure pompe \u00e0 essence": {
	"comment": "Indicateur de coupure effective de la pompe \u00e0 essence en fonctionnement gaz", 
	"bitscount": 1, 
	"lists": {
		"0": "Ferm\u00e9", 
		"1": "Ouvert"
	}
	}, 
	"Panne m\u00e9moris\u00e9e voyant gaz en CO ou CC-": {
	"scaled": true, 
	"comment": "Panne m\u00e9moris\u00e9e du voyant en court-circuit \u00e0 la masse", 
	"bitscount": 1
	}, 
	"FLGPMS1": {
	"scaled": true, 
	"comment": "Porteur n\u00b01 des flags de pannes m\u00e9moris\u00e9es des sorties"
	}, 
	"Panne pr\u00e9sente micro eeprom": {
	"scaled": true, 
	"comment": "Panne pr\u00e9sente micro eeprom", 
	"bitscount": 1
	}, 
	"Panne pr\u00e9sente relais r\u00e9servoir en CC+": {
	"scaled": true, 
	"comment": "Panne pr\u00e9sente du relais g\u00e9n\u00e9ral en court-circuit au +bat", 
	"bitscount": 1
	}, 
	"Consigne gaz": {
	"scaled": true, 
	"comment": "Indicateur de fonctionnement en mode GPL", 
	"bitscount": 1
	}, 
	"Output Control Status": {
	"lists": {
		"1": "Running", 
		"2": "Stopped"
	}
	}, 
	"Diagbuof": {
	"comment": "Diag bus off", 
	"byte": true
	}, 
	"R\u00e9gime moteur": {
	"comment": "R\u00e9gime moteur calcul\u00e9 \u00e0 partir de l'information PMH", 
	"bitscount": 16, 
	"scaled": true, 
	"step": 0.125, 
	"bytescount": 2, 
	"unit": "tr/min"
	}, 
	"Mode essence": {
	"scaled": true, 
	"comment": "Indicateur de fonctionnement essence", 
	"bitscount": 1
	}, 
	"Num\u00e9ro de calibration": {
	"comment": "Numero de calibration", 
	"bytescount": 2, 
	"byte": true, 
	"bitscount": 16
	}, 
	"Nombre de cycle de pilotage": {
	"scaled": true
	}, 
	"Panne m\u00e9moris\u00e9e alimentation": {
	"scaled": true, 
	"comment": "Panne m\u00e9moris\u00e9e de l'alimentation", 
	"bitscount": 1
	}, 
	"Diagucxe": {
	"comment": "diag uce n\u00b014", 
	"byte": true
	}, 
	"Mode de fonctionnement moteur": {
	"comment": "Etat n\u00b01 des modes de fonctionnement moteur", 
	"lists": {
		"32": "Mode essence r\u00e9servoir gaz vide", 
		"1": "Transition gaz vers essence", 
		"2": "Transition essence vers gaz", 
		"4": "Mode gaz forc\u00e9", 
		"8": "Mode gaz", 
		"64": "Mode essence attente des conditions gaz", 
		"128": "Mode essence", 
		"16": "Mode essence syst\u00e8me gaz en d\u00e9faut"
	}
	}, 
	"Panne pr\u00e9sente relais r\u00e9servoir": {
	"scaled": true, 
	"comment": "Panne pr\u00e9sente du relais g\u00e9n\u00e9ral", 
	"bitscount": 1
	}, 
	"Panne pr\u00e9sente ev d\u00e9tendeur en CC+": {
	"scaled": true, 
	"comment": "Panne pr\u00e9sente de l'\u00e9lectrovanne principale en court-circuit au +bat", 
	"bitscount": 1
	}, 
	"Panne m\u00e9moris\u00e9e coh\u00e9rence p\u00e9riode pmh": {
	"scaled": true, 
	"comment": "Panne m\u00e9moris\u00e9e sur la coh\u00e9rence p\u00e9riode pmh", 
	"bitscount": 1
	}, 
	"Diagucxc": {
	"comment": "diag uce n\u00b012", 
	"byte": true
	}, 
	"Diagucxb": {
	"comment": "diag uce n\u00b011", 
	"byte": true
	}, 
	"Panne pr\u00e9sente micro code": {
	"scaled": true, 
	"comment": "Panne pr\u00e9sente micro code", 
	"bitscount": 1
	}, 
	"Mode gaz": {
	"scaled": true, 
	"comment": "Indicateur de fonctionnement GPL", 
	"bitscount": 1
	}, 
	"Demande d\u00e9sactivation syst\u00e8me gaz": {
	"scaled": true, 
	"comment": "Demande de d\u00e9sactivation du syst\u00e8me GPL", 
	"bitscount": 1
	}, 
	"Panne m\u00e9moris\u00e9e pression gaz aval basse": {
	"scaled": true, 
	"comment": "Panne m\u00e9moris\u00e9e de pression gaz aval trop basse", 
	"bitscount": 1
	}, 
	"Panne m\u00e9moris\u00e9e ev rampe en en CO ou en CC-": {
	"scaled": true, 
	"comment": "Panne m\u00e9moris\u00e9e de l'\u00e9lectrovanne rampe en court-circuit \u00e0 la masse", 
	"bitscount": 1
	}, 
	"Panne pr\u00e9sente ev rampe en CC+": {
	"scaled": true, 
	"comment": "Panne pr\u00e9sente de l'\u00e9lectrovanne rampe en court-circuit au +bat", 
	"bitscount": 1
	}, 
	"Panne m\u00e9moris\u00e9e alimentation capteurs": {
	"scaled": true, 
	"comment": "Panne m\u00e9moris\u00e9e de l'alimentation des capteurs de pression", 
	"bitscount": 1
	}, 
	"Panne m\u00e9moris\u00e9e capteur de pression GNV en CO ou CC+": {
	"scaled": true, 
	"comment": "Panne m\u00e9moris\u00e9e sur l'entr\u00e9e pression GNV en court-circuit au +bat", 
	"bitscount": 1
	}, 
	"Num\u00e9ro RENAULT du calculateur": {
	"comment": "Reference du boitier programme (hard + soft + calib)", 
	"bytescount": 5, 
	"byte": true, 
	"bitscount": 40
	}, 
	"Panne pr\u00e9sente jauge en CC+": {
	"scaled": true, 
	"comment": "Panne pr\u00e9sente de la jauge en court-circuit au +bat", 
	"bitscount": 1
	}, 
	"Configuration monocarburation": {
	"comment": "Configuration monocarburation (0= bi ; 1= mono)", 
	"bitscount": 1, 
	"lists": {
		"0": "Syst\u00e8me bi-carburation", 
		"1": "Syst\u00e8me mono-carburation"
	}
	}, 
	"FLGPME1": {
	"scaled": true, 
	"comment": "Porteur n\u00b01 des flags de pannes m\u00e9moris\u00e9es des entr\u00e9es"
	}, 
	"FLGPME2": {
	"scaled": true, 
	"comment": "Porteur n\u00b02 des flags de pannes m\u00e9moris\u00e9es des entr\u00e9es"
	}, 
	"FLGPME3": {
	"scaled": true, 
	"comment": "Porteur n\u00b03 des flags de pannes m\u00e9moris\u00e9es des entr\u00e9es"
	}, 
	"Mode transition essence vers gaz": {
	"scaled": true, 
	"comment": "Indicateur de transition essence vers GPL", 
	"bitscount": 1
	}, 
	"Panne pr\u00e9sente trame CAN injection GPL": {
	"scaled": true, 
	"comment": "Panne pr\u00e9sente sur le CAN de la trame injection GPL", 
	"bitscount": 1
	}, 
	"Panne m\u00e9moris\u00e9e injecteur 3 en CC": {
	"scaled": true, 
	"comment": "Panne m\u00e9moris\u00e9e de l'injecteur c en court-circuit", 
	"bitscount": 1
	}, 
	"Panne pr\u00e9sente capteur de pression GPL": {
	"scaled": true, 
	"comment": "Panne pr\u00e9sente du capteur de pression GPL", 
	"bitscount": 1
	}, 
	"Panne pr\u00e9sente pompe \u00e0 essence en CC+": {
	"scaled": true, 
	"comment": "Panne pr\u00e9sente du relais de la pompe \u00e0 essence en court-circuit au +bat", 
	"bitscount": 1
	}, 
	"Panne m\u00e9moris\u00e9e injecteur 3 en CO": {
	"scaled": true, 
	"comment": "Panne m\u00e9moris\u00e9e de l'injecteur c en circuit ouvert", 
	"bitscount": 1
	}, 
	"Reserve trame ident": {
	"scaled": true, 
	"bytescount": 2, 
	"bitscount": 16
	}, 
	"Panne pr\u00e9sente trame CAN base lente": {
	"scaled": true, 
	"comment": "Panne pr\u00e9sente sur le CAN de la trame base lente", 
	"bitscount": 1
	}, 
	"Panne pr\u00e9sente relais alimentation automatique": {
	"scaled": true, 
	"comment": "Panne pr\u00e9sente du relais d'alimentation automatique", 
	"bitscount": 1
	}, 
	"Panne m\u00e9moris\u00e9e temp\u00e9rature gaz": {
	"scaled": true, 
	"comment": "Panne m\u00e9moris\u00e9e sur la temp\u00e9rature gaz", 
	"bitscount": 1
	}, 
	"Power latch en cours": {
	"comment": "Actif sous phase de power latch", 
	"bitscount": 1, 
	"lists": {
		"0": "Non", 
		"1": "Oui"
	}
	}, 
	"Panne m\u00e9moris\u00e9e micro code": {
	"scaled": true, 
	"comment": "Panne m\u00e9moris\u00e9e micro code", 
	"bitscount": 1
	}, 
	"Panne m\u00e9moris\u00e9e pompe \u00e0 essence en CC+": {
	"scaled": true, 
	"comment": "Panne m\u00e9moris\u00e9e du relais de la pompe \u00e0 essence en court-circuit au +bat", 
	"bitscount": 1
	}, 
	"Panne pr\u00e9sente fuite amont": {
	"scaled": true, 
	"bitscount": 1
	}, 
	"Session Name": {
	"lists": {
		"192": "Assembly Line Testing & After Sales", 
		"129": "Default", 
		"133": "Programming", 
		"134": "Development"
	}
	}, 
	"Panne m\u00e9moris\u00e9e capteur de pression GPL en CC-": {
	"scaled": true, 
	"comment": "Panne m\u00e9moris\u00e9e sur l'entr\u00e9e pression GPL en court-circuit \u00e0 la masse", 
	"bitscount": 1
	}, 
	"Panne m\u00e9moris\u00e9e collision": {
	"scaled": true, 
	"comment": "Panne m\u00e9moris\u00e9e collision", 
	"bitscount": 1
	}, 
	"FLGPPF2": {
	"scaled": true, 
	"comment": "Porteur n\u00b02 des flags de pannes fonctionnelles pr\u00e9sentes"
	}, 
	"FLGPPF3": {
	"scaled": true, 
	"comment": "Porteur n\u00b03 des flags de pannes fonctionnelles pr\u00e9sentes"
	}, 
	"Panne m\u00e9moris\u00e9e coh\u00e9rence clef": {
	"scaled": true, 
	"comment": "Panne m\u00e9moris\u00e9e sur la coh\u00e9rence clef de contact", 
	"bitscount": 1
	}, 
	"Etat_buson": {
	"comment": "Etat bus on", 
	"bitscount": 1, 
	"lists": {
		"0": "OK", 
		"1": "Non ok"
	}
	}, 
	"Autorisation calcul de la temp\u00e9rature gaz": {
	"comment": "Autorisation du calcul de la temp\u00e9rature gaz", 
	"bitscount": 1, 
	"lists": {
		"0": "Calcul de la temp\u00e9rature gaz impossible", 
		"1": "Calcul de la temp\u00e9rature gaz autoris\u00e9"
	}
	}, 
	"Delta de pression global injecteur (3)": {
	"scaled": true, 
	"bytescount": 2, 
	"step": 3.7, 
	"bitscount": 16, 
	"unit": "mb"
	}, 
	"Panne pr\u00e9sente coh\u00e9rence pression gaz aval": {
	"scaled": true, 
	"comment": "Panne pr\u00e9sente sur la coh\u00e9rence de pression gaz aval", 
	"bitscount": 1
	}, 
	"Panne pr\u00e9sente fuite amont/aval": {
	"scaled": true, 
	"bitscount": 1
	}, 
	"Panne m\u00e9moris\u00e9e coh\u00e9rence pression gaz aval": {
	"scaled": true, 
	"comment": "Panne m\u00e9moris\u00e9e sur la coh\u00e9rence de pression gaz aval", 
	"bitscount": 1
	}, 
	"Panne pr\u00e9sente ev rampe": {
	"scaled": true, 
	"comment": "Panne pr\u00e9sente de l'\u00e9lectrovanne rampe", 
	"bitscount": 1
	}, 
	"FLGSCP1": {
	"scaled": true, 
	"comment": "Porteur n\u00b01 des flags de pannes des sorties en court-circuit au +bat"
	}, 
	"FLGSCP2": {
	"scaled": true, 
	"comment": "Porteur n\u00b02 des flags de pannes des sorties en court-circuit au +bat"
	}, 
	"FLGSCP3": {
	"scaled": true, 
	"comment": "Porteur n\u00b03 des flags de pannes des sorties en court-circuit au +bat"
	}, 
	"FLGSCP4": {
	"scaled": true, 
	"comment": "Porteur n\u00b04 des flags de pannes des sorties en court-circuit au +bat"
	}, 
	"MoreDTC": {
	"scaled": true, 
	"signed": true
	}, 
	"Panne m\u00e9moris\u00e9e relais r\u00e9servoir en CO ou CC-": {
	"scaled": true, 
	"comment": "Panne m\u00e9moris\u00e9e du relais g\u00e9n\u00e9ral en court-circuit \u00e0 la masse", 
	"bitscount": 1
	}, 
	"Resistance jauge": {
	"scaled": true, 
	"bytescount": 2, 
	"comment": "Resistance jauge", 
	"bitscount": 16, 
	"unit": "ohms"
	}, 
	"Panne m\u00e9moris\u00e9e micro": {
	"scaled": true, 
	"comment": "Panne m\u00e9moris\u00e9e micro", 
	"bitscount": 1
	}, 
	"Consigne de fonctionnement gaz": {
	"comment": "Etat n\u00b02 des modes de fonctionnement moteur", 
	"lists": {
		"16": "Demande d\u00e9sactivation du syst\u00e8me gaz", 
		"32": "Demande activation du syst\u00e8me gaz", 
		"128": "Consigne essence", 
		"64": "Consigne gaz"
	}
	}, 
	"Temp\u00e9rature air": {
	"scaled": true, 
	"comment": "Temp\u00e9rature d'air", 
	"step": 0.625, 
	"unit": "\u00b0C", 
	"offset": -40.0
	}, 
	"Panne m\u00e9moris\u00e9e fonctionnelle information pmh": {
	"scaled": true, 
	"comment": "Panne m\u00e9moris\u00e9e fonctionnelle de l'information pmh", 
	"bitscount": 1
	}, 
	"Panne pr\u00e9sente batterie basse": {
	"scaled": true, 
	"comment": "Panne pr\u00e9sente de tension batterie basse", 
	"bitscount": 1
	}, 
	"Panne pr\u00e9sente capteur de pression GNV en CC-": {
	"scaled": true, 
	"comment": "Panne pr\u00e9sente sur l'entr\u00e9e pression GNV en court-circuit \u00e0 la masse", 
	"bitscount": 1
	}, 
	"FirstDTC": {
	"comment": "Code du premier DTC", 
	"bytescount": 2, 
	"bitscount": 16, 
	"lists": {
		"6912": "Capteur de pression GPL", 
		"49408": "Liaison CAN - absence trame(s) ECU essence", 
		"5765": "Collision", 
		"1601": "Alimentation capteurs", 
		"6928": "Capteur de temp\u00e9rature gaz", 
		"1298": "Coh\u00e9rence clef", 
		"4243": "D\u00e9tection de fuite initiale : Fuite en amont de l'EV d\u00e9tendeur", 
		"4244": "D\u00e9tection de fuite en aval du d\u00e9tendeur", 
		"4245": "D\u00e9tection de fuite initiale : Fuite en amont ou en aval de l'EV d\u00e9tendeur", 
		"9751": "Coh\u00e9rence r\u00e9gime signal dent", 
		"6917": "Capteur de pression GNV", 
		"6944": "Capteur pression r\u00e9servoir", 
		"6961": "Commande injecteur 1", 
		"6962": "Commande injecteur 2", 
		"6963": "Commande injecteur 3", 
		"6964": "Commande injecteur 4", 
		"822": "Coh\u00e9rence p\u00e9riode signal dent / Information signal dent", 
		"6976": "Commande \u00e9lectrovanne r\u00e9servoir", 
		"6977": "Commande \u00e9lectrovanne d\u00e9tendeur", 
		"6978": "Information jauge GNV", 
		"6979": "Commande relais coupure pompe \u00e0 essence", 
		"6981": "Commande relais commutation jauge", 
		"6982": "Commande relais \u00e9lectrovanne r\u00e9servoir", 
		"6983": "Relais auto alim", 
		"6984": "Commande LED du bouton gaz", 
		"6985": "Commande relais voyant gaz", 
		"1623": "Alimentation jauges", 
		"7008": "Contr\u00f4le m\u00e9moire microcontroleur", 
		"7009": "Diagnostic fonctionnel de la pression gaz", 
		"1376": "Tension batterie", 
		"49267": "Liaison CAN - module muet ou bus off"
	}
	}, 
	"Panne pr\u00e9sente voyant gaz en CC+": {
	"scaled": true, 
	"comment": "Panne pr\u00e9sente du voyant en court-circuit au +bat", 
	"bitscount": 1
	}, 
	"Etat de sortie de la led": {
	"scaled": true, 
	"comment": "Actif lorsque la sortie led doit \u00eatre active (led allum\u00e9e)", 
	"bitscount": 1
	}, 
	"Diagucx9": {
	"comment": "diag uce n\u00b09", 
	"byte": true
	}, 
	"Entr\u00e9e analogique de jaugeage activ\u00e9e": {
	"comment": "Entr\u00e9e analogique de jaugeage activ\u00e9", 
	"bitscount": 1, 
	"lists": {
		"0": "Entr\u00e9e analogique TEMP_RESERVOIR_GAZ activ\u00e9e (Voie B2)", 
		"1": "Entr\u00e9e analogique PRESSION_RES_GNV activ\u00e9e (Voie B1)"
	}
	}, 
	"FLGPMF1": {
	"scaled": true, 
	"comment": "Porteur n\u00b01 des flags de pannes fonctionnelles m\u00e9moris\u00e9es"
	}, 
	"FLGPMF3": {
	"scaled": true, 
	"comment": "Porteur n\u00b03 des flags de pannes fonctionnelles m\u00e9moris\u00e9es"
	}, 
	"FLGPMF2": {
	"scaled": true, 
	"comment": "Porteur n\u00b02 des flags de pannes fonctionnelles m\u00e9moris\u00e9es"
	}, 
	"ETAIN": {
	"scaled": true, 
	"comment": "Etat des entr\u00e9es logiques"
	}, 
	"Mode essence forc\u00e9e condition gaz": {
	"scaled": true, 
	"comment": "Indicateur de fonctionnement essence forc\u00e9e sur condition GPL", 
	"bitscount": 1
	}, 
	"Type Of Fault": {
	"bitscount": 1, 
	"lists": {
		"0": "Standard", 
		"1": "Specific"
	}
	}, 
	"Panne pr\u00e9sente clef": {
	"scaled": true, 
	"comment": "Panne pr\u00e9sente de la clef de contact", 
	"bitscount": 1
	}, 
	"Panne pr\u00e9sente pression gaz aval basse": {
	"scaled": true, 
	"comment": "Panne pr\u00e9sente de pression gaz aval trop basse", 
	"bitscount": 1
	}, 
	"Pression gaz": {
	"comment": "Pression gaz mesur\u00e9e", 
	"bitscount": 16, 
	"scaled": true, 
	"step": 3.7, 
	"bytescount": 2, 
	"unit": "mb"
	}, 
	"FLGPPE1": {
	"scaled": true, 
	"comment": "Porteur n\u00b01 des flags de pannes pr\u00e9sentes des entr\u00e9es"
	}, 
	"Panne m\u00e9moris\u00e9e micro eeprom": {
	"scaled": true, 
	"comment": "Panne m\u00e9moris\u00e9e micro eeprom", 
	"bitscount": 1
	}, 
	"FLGPPE3": {
	"scaled": true, 
	"comment": "Porteur n\u00b03 des flags de pannes pr\u00e9sentes des entr\u00e9es"
	}, 
	"FLGPPE2": {
	"scaled": true, 
	"comment": "Porteur n\u00b02 des flags de pannes pr\u00e9sentes des entr\u00e9es"
	}, 
	"FLGSCM1": {
	"scaled": true, 
	"comment": "Porteur n\u00b01 des flags de pannes des sorties en court-circuit \u00e0 la masse"
	}, 
	"Moteur cal\u00e9": {
	"scaled": true, 
	"comment": "Indicateur de moteur cal\u00e9", 
	"bitscount": 1
	}, 
	"Mode essence forc\u00e9e d\u00e9faut gaz": {
	"scaled": true, 
	"comment": "Indicateur de fonctionnement essence forc\u00e9e sur d\u00e9faut GPL", 
	"bitscount": 1
	}, 
	"Panne m\u00e9moris\u00e9e LED gaz": {
	"scaled": true, 
	"comment": "Panne m\u00e9moris\u00e9e de la led GPL", 
	"bitscount": 1
	}, 
	"Panne pr\u00e9sente micro calib": {
	"scaled": true, 
	"comment": "Panne pr\u00e9sente micro calib", 
	"bitscount": 1
	}, 
	"Diagbumu": {
	"comment": "Diag bus muet", 
	"byte": true
	}, 
	"M_absent_cmm": {
	"scaled": true, 
	"comment": "compteur de trajet pour la panne d'absence de l'UCE", 
	"bitscount": 6
	}, 
	"Panne pr\u00e9sente ev rampe en en CO ou en CC-": {
	"scaled": true, 
	"comment": "Panne pr\u00e9sente de l'\u00e9lectrovanne rampe en court-circuit \u00e0 la masse", 
	"bitscount": 1
	}, 
	"Entr\u00e9e analogique utilis\u00e9e pour le jaugeage": {
	"comment": "Entr\u00e9e analogique utilis\u00e9e pour le jaugeage", 
	"bitscount": 1, 
	"lists": {
		"0": "JAUGE (Voie D2)", 
		"1": "PRESSION_RES_GNV (Voie B1) ou TEMP_RESERVOIR_GAZ (Voie B2)"
	}
	}, 
	"Panne pr\u00e9sente jauge en CO ou en CC-": {
	"scaled": true, 
	"comment": "Panne pr\u00e9sente de la jauge en court-circuit \u00e0 la masse", 
	"bitscount": 1
	}, 
	"FLGECM1": {
	"scaled": true, 
	"comment": "Porteur des flags de pannes des entr\u00e9es en court-circuit \u00e0 la masse n\u00b01"
	}, 
	"Panne pr\u00e9sente alimentation capteurs": {
	"scaled": true, 
	"comment": "Panne pr\u00e9sente de l'alimentation des capteurs de pression", 
	"bitscount": 1
	}, 
	"FLGECM2": {
	"scaled": true, 
	"comment": "Porteur des flags de pannes des entr\u00e9es en court-circuit \u00e0 la masse n\u00b01"
	}, 
	"Panne m\u00e9moris\u00e9e alimentation jauges": {
	"scaled": true, 
	"comment": "Panne m\u00e9moris\u00e9e de l'alimentation des jauges", 
	"bitscount": 1
	}, 
	"Panne pr\u00e9sente pompe \u00e0 essence": {
	"scaled": true, 
	"comment": "Panne pr\u00e9sente de relais de la pompe \u00e0 essence", 
	"bitscount": 1
	}, 
	"Panne pr\u00e9sente module bus off": {
	"scaled": true, 
	"comment": "Panne pr\u00e9sente module bus off", 
	"bitscount": 1
	}, 
	"Diagucx1": {
	"comment": "diag uce n\u00b01", 
	"byte": true
	}, 
	"Panne m\u00e9moris\u00e9e fuite amont/aval": {
	"scaled": true, 
	"bitscount": 1
	}, 
	"Consigne de d\u00e9bit gaz": {
	"comment": "Valeur de l'info consigne de d\u00e9bit transmise en liaison intersyst\u00e8me", 
	"bitscount": 16, 
	"scaled": true, 
	"step": 2.0, 
	"bytescount": 2, 
	"unit": "g/h"
	}, 
	"Panne pr\u00e9sente coh\u00e9rence p\u00e9riode": {
	"scaled": true, 
	"comment": "Panne pr\u00e9sente sur la coh\u00e9rence p\u00e9riode", 
	"bitscount": 1
	}, 
	"Panne m\u00e9moris\u00e9e micro calib": {
	"scaled": true, 
	"comment": "Panne m\u00e9moris\u00e9e micro calib", 
	"bitscount": 1
	}, 
	"Panne pr\u00e9sente relais jauge en CC+": {
	"scaled": true, 
	"comment": "Panne pr\u00e9sente du relais jauge en court-circuit au +bat", 
	"bitscount": 1
	}, 
	"Panne m\u00e9moris\u00e9e relais jauge": {
	"scaled": true, 
	"comment": "Panne m\u00e9moris\u00e9e du relais jauge", 
	"bitscount": 1
	}, 
	"Panne m\u00e9moris\u00e9e pompe \u00e0 essence en CO ou en CC-": {
	"scaled": true, 
	"comment": "Panne m\u00e9moris\u00e9e sur la pompe \u00e0 essence en court-circuit \u00e0 la masse", 
	"bitscount": 1
	}, 
	"Panne m\u00e9moris\u00e9e voyant gaz": {
	"scaled": true, 
	"comment": "Panne m\u00e9moris\u00e9e du voyant", 
	"bitscount": 1
	}, 
	"Panne m\u00e9moris\u00e9e batterie": {
	"scaled": true, 
	"comment": "Panne m\u00e9moris\u00e9e de la tension batterie", 
	"bitscount": 1
	}, 
	"Historical Failure": {
	"bitscount": 1, 
	"lists": {
		"0": "No", 
		"1": "Yes"
	}
	}, 
	"Panne pr\u00e9sente temp\u00e9rature gaz haute": {
	"scaled": true, 
	"comment": "Panne pr\u00e9sente de temp\u00e9rature gaz haute", 
	"bitscount": 1
	}, 
	"Etat \u00e9lectrovanne rampe (not used)": {
	"comment": "Etat demand\u00e9 de l'\u00e9lectrovanne rampe (1=ouvert, 0=ferm\u00e9)", 
	"bitscount": 1, 
	"lists": {
		"0": "Ferm\u00e9e", 
		"1": "Ouverte"
	}
	}, 
	"Panne m\u00e9moris\u00e9e ev rampe en CC+": {
	"scaled": true, 
	"comment": "Panne m\u00e9moris\u00e9e de l'\u00e9lectrovanne rampe en court-circuit au +bat", 
	"bitscount": 1
	}, 
	"StatusDTC": {
	"comment": "Status des DTC", 
	"lists": {
		"107": "Permanent High Level Present & Memorised Failure", 
		"69": "Parameter at max limit Memorised Failure", 
		"33": "Open circuit Present Failure", 
		"34": "Short circuit to ground Present Failure", 
		"35": "Short circuit at battery + Present Failure", 
		"36": "Parameter at min limit Present Failure", 
		"37": "Parameter at max limit Present Failure", 
		"38": "Incoherency, not plausible Present Failure", 
		"39": "No signal Present Failure", 
		"40": "Below min. threshold Present Failure", 
		"41": "Above max. Threshold Present Failure", 
		"42": "Permanent Low Level  Present Failure", 
		"43": "Permanent High Level Present Failure", 
		"44": "Lines short-circuited Present Failure", 
		"45": "Internal electronic anomaly Present Failure", 
		"46": "Network anomaly  Present Failure", 
		"47": "Remote Diagnostic Present Failure", 
		"48": "Disturbed Communication Present Failure", 
		"49": "Microbreaks Present Failure", 
		"50": "Abnormal Voltage Present Failure", 
		"51": "Value out of range Present Failure", 
		"52": "Open circuit or Short circuit to ground Present Failure", 
		"53": "Open circuit or Short circuit to battery Present Failure", 
		"54": "Initialisation / configuration not valid Present Failure", 
		"70": "Incoherency, not plausible Memorised Failure", 
		"191": "EOBD Validated Failure", 
		"65": "Open circuit Memorised Failure", 
		"66": "Short circuit to ground Memorised Failure", 
		"67": "Short circuit at battery + Memorised Failure", 
		"68": "Parameter at min limit Memorised Failure", 
		"197": "System Memorised Failure", 
		"198": "Incoherency, not plausible Memorised Failure (System)", 
		"71": "No signal Memorised Failure", 
		"72": "Below min. threshold Memorised Failure", 
		"73": "Above max. Threshold Memorised Failure", 
		"74": "Permanent Low Level  Memorised Failure", 
		"75": "Permanent High Level Memorised Failure", 
		"76": "Lines short-circuited Memorised Failure", 
		"77": "Internal electronic anomaly Memorised Failure", 
		"78": "Network anomaly  Memorised Failure", 
		"79": "Remote Diagnostic Memorised Failure", 
		"80": "Disturbed Communication Memorised Failure", 
		"81": "Microbreaks Memorised Failure", 
		"82": "Abnormal Voltage Memorised Failure", 
		"83": "Value out of range Memorised Failure", 
		"84": "Open circuit or Short circuit to ground Memorised Failure", 
		"85": "Open circuit or Short circuit to battery Memorised Failure", 
		"86": "Initialisation / configuration not valid Memorised Failure", 
		"101": "Parameter at max limit Present & Memorised Failure", 
		"223": "EOBD Memorised OBD Failure", 
		"165": "System Present Failure", 
		"98": "Short circuit to ground Present & Memorised Failure", 
		"99": "Short circuit at battery + Present & Memorised Failure", 
		"100": "Parameter at min limit Present & Memorised Failure", 
		"229": "System Present & Memorised Failure", 
		"230": "Incoherency, not plausible Present & Memorised Failure (System)", 
		"97": "Open circuit Present & Memorised Failure", 
		"104": "Below min. threshold Present & Memorised Failure", 
		"105": "Above max. Threshold Present & Memorised Failure", 
		"106": "Permanent Low Level  Present & Memorised Failure", 
		"103": "No signal Present & Memorised Failure", 
		"108": "Lines short-circuited Present & Memorised Failure", 
		"109": "Internal electronic anomaly Present & Memorised Failure", 
		"110": "Network anomaly  Present & Memorised Failure", 
		"111": "Remote Diagnostic Present & Memorised Failure", 
		"112": "Disturbed Communication Present & Memorised Failure", 
		"113": "Microbreaks Present & Memorised Failure", 
		"114": "Abnormal Voltage Present & Memorised Failure", 
		"115": "Value out of range Present & Memorised Failure", 
		"116": "Open circuit or Short circuit to ground Present & Memorised Failure", 
		"117": "Open circuit or Short circuit to battery Present & Memorised Failure", 
		"118": "Initialisation / configuration not valid Present & Memorised Failure", 
		"166": "Incoherency, not plausible Present Failure (System)", 
		"102": "Incoherency, not plausible Present & Memorised Failure", 
		"255": "EOBD Validated & Memorised OBD Failure"
	}
	}, 
	"Panne m\u00e9moris\u00e9e relais r\u00e9servoir en CC+": {
	"scaled": true, 
	"comment": "Panne m\u00e9moris\u00e9e du relais g\u00e9n\u00e9ral en court-circuit au +bat", 
	"bitscount": 1
	}, 
	"Panne pr\u00e9sente clef en CC": {
	"scaled": true, 
	"comment": "Panne pr\u00e9sente de la clef de contact en court-circuit", 
	"bitscount": 1
	}, 
	"Current Failure": {
	"bitscount": 1, 
	"lists": {
		"0": "No", 
		"1": "Yes"
	}
	}, 
	"Pression collecteur": {
	"comment": "Pression collecteur calcul\u00e9e \u00e0 partir de l'information de charge moteur", 
	"bitscount": 16, 
	"scaled": true, 
	"step": 3.7, 
	"bytescount": 2, 
	"offset": 103.0, 
	"unit": "mb"
	}, 
	"Panne pr\u00e9sente collision": {
	"scaled": true, 
	"comment": "Panne pr\u00e9sente collision", 
	"bitscount": 1
	}, 
	"Panne pr\u00e9sente relais automatique": {
	"scaled": true, 
	"comment": "Panne pr\u00e9sente du relais automatique", 
	"bitscount": 1
	}, 
	"Etat_busoff_conf": {
	"comment": "Etat bus off confirm\u00e9", 
	"bitscount": 1, 
	"lists": {
		"0": "Non ok", 
		"1": "Ok"
	}
	}, 
	"Etat du bouton gaz": {
	"scaled": true, 
	"comment": "Indicateur de l'\u00e9tat du bouton gaz", 
	"bitscount": 1
	}, 
	"Etat de la demande client gaz": {
	"comment": "Etat de la demande client", 
	"bitscount": 1, 
	"lists": {
		"0": "Essence", 
		"1": "Gaz"
	}
	}, 
	"Panne pr\u00e9sente coh\u00e9rence clef": {
	"scaled": true, 
	"comment": "Panne pr\u00e9sente sur la coh\u00e9rence clef de contact", 
	"bitscount": 1
	}, 
	"Panne pr\u00e9sente alimentation jauges": {
	"scaled": true, 
	"comment": "Panne pr\u00e9sente de l'alimentation des jauges", 
	"bitscount": 1
	}, 
	"Panne pr\u00e9sente batterie haute": {
	"scaled": true, 
	"comment": "Panne pr\u00e9sente de tension batterie haute", 
	"bitscount": 1
	}, 
	"Panne m\u00e9moris\u00e9e fuite aval": {
	"scaled": true, 
	"bitscount": 1
	}, 
	"Tension d'alimentation capteurs": {
	"comment": "Tension d'alimentation capteurs", 
	"bitscount": 16, 
	"scaled": true, 
	"step": 4.88, 
	"bytescount": 2, 
	"unit": "mV"
	}, 
	"Panne pr\u00e9sente capteur de pression GNV en CO ou CC+": {
	"scaled": true, 
	"comment": "Panne pr\u00e9sente sur l'entr\u00e9e pression GNV en court-circuit au +bat", 
	"bitscount": 1
	}, 
	"Panne m\u00e9moris\u00e9e relais jauge en CC+": {
	"scaled": true, 
	"comment": "Panne m\u00e9moris\u00e9e du relais jauge en court-circuit au +bat", 
	"bitscount": 1
	}, 
	"Panne pr\u00e9sente tension r\u00e9servoir en CO ou en CC+": {
	"scaled": true, 
	"bitscount": 1
	}, 
	"Panne pr\u00e9sente injecteur 2": {
	"scaled": true, 
	"comment": "Panne pr\u00e9sente de l'injecteur b", 
	"bitscount": 1
	}, 
	"Panne pr\u00e9sente injecteur 1": {
	"scaled": true, 
	"comment": "Panne pr\u00e9sente de l'injecteur a", 
	"bitscount": 1
	}, 
	"Panne pr\u00e9sente jauge": {
	"scaled": true, 
	"comment": "Panne pr\u00e9sente de la jauge GPL", 
	"bitscount": 1
	}, 
	"Panne pr\u00e9sente tension r\u00e9servoir en CO ou en CC-": {
	"scaled": true, 
	"bitscount": 1
	}, 
	"Panne pr\u00e9sente injecteur 4": {
	"scaled": true, 
	"comment": "Panne pr\u00e9sente de l'injecteur d", 
	"bitscount": 1
	}, 
	"Nombre de d\u00e9part essence usine": {
	"scaled": true, 
	"comment": "Nombre de d\u00e9parts max autoris\u00e9s en essence pour v\u00e9hicules monocarburation"
	}, 
	"Module_muet_conf": {
	"comment": "module muet confirm\u00e9", 
	"bitscount": 1, 
	"lists": {
		"0": "Non OK", 
		"1": "OK"
	}
	}, 
	"Panne m\u00e9moris\u00e9e jauge en CO ou en CC-": {
	"scaled": true, 
	"comment": "Panne m\u00e9moris\u00e9e de la jauge en court-circuit \u00e0 la masse", 
	"bitscount": 1
	}, 
	"Panne pr\u00e9sente injecteur 2 en CC": {
	"scaled": true, 
	"comment": "Panne pr\u00e9sente de l'injecteur b en court-circuit", 
	"bitscount": 1
	}, 
	"Panne m\u00e9moris\u00e9e fuite amont": {
	"scaled": true, 
	"bitscount": 1
	}, 
	"Panne pr\u00e9sente capteur de pression GNV": {
	"scaled": true, 
	"comment": "Panne pr\u00e9sente du capteur de pression GNV", 
	"bitscount": 1
	}, 
	"Panne m\u00e9moris\u00e9e injecteur 4 en CO": {
	"scaled": true, 
	"comment": "Panne m\u00e9moris\u00e9e de l'injecteur d en circuit ouvert", 
	"bitscount": 1
	}, 
	"Panne pr\u00e9sente pression gaz aval haute": {
	"scaled": true, 
	"comment": "Panne pr\u00e9sente de pression gaz aval trop haute", 
	"bitscount": 1
	}, 
	"Panne pr\u00e9sente ev d\u00e9tendeur en CO ou en CC-": {
	"scaled": true, 
	"comment": "Panne pr\u00e9sente de l'\u00e9lectrovanne principale en court-circuit \u00e0 la masse", 
	"bitscount": 1
	}, 
	"Panne pr\u00e9sente ev d\u00e9tendeur": {
	"scaled": true, 
	"comment": "Panne pr\u00e9sente de l'\u00e9lectrovanne principale", 
	"bitscount": 1
	}, 
	"Panne m\u00e9moris\u00e9e injecteur 4 en CC": {
	"scaled": true, 
	"comment": "Panne m\u00e9moris\u00e9e de l'injecteur d en court-circuit", 
	"bitscount": 1
	}, 
	"Panne pr\u00e9sente voyant gaz": {
	"scaled": true, 
	"comment": "Panne pr\u00e9sente du voyant", 
	"bitscount": 1
	}, 
	"Panne m\u00e9moris\u00e9e relais alimentation automatique": {
	"scaled": true, 
	"comment": "Panne m\u00e9moris\u00e9e du relais d'alimentation automatique", 
	"bitscount": 1
	}, 
	"Panne m\u00e9moris\u00e9e batterie basse": {
	"scaled": true, 
	"comment": "Panne m\u00e9moris\u00e9e de tension batterie basse", 
	"bitscount": 1
	}, 
	"Panne m\u00e9moris\u00e9e module bus off": {
	"scaled": true, 
	"comment": "Panne m\u00e9moris\u00e9e module bus off", 
	"bitscount": 1
	}, 
	"Panne pr\u00e9sente pression gaz": {
	"scaled": true, 
	"comment": "Panne pr\u00e9sente sur la pression gaz aval", 
	"bitscount": 1
	}, 
	"Panne pr\u00e9sente batterie": {
	"scaled": true, 
	"comment": "Panne pr\u00e9sente de la tension batterie", 
	"bitscount": 1
	}, 
	"Panne m\u00e9moris\u00e9e module muet": {
	"scaled": true, 
	"comment": "Panne m\u00e9moris\u00e9e module muet", 
	"bitscount": 1
	}, 
	"Panne m\u00e9moris\u00e9e pression gaz aval haute": {
	"scaled": true, 
	"comment": "Panne m\u00e9moris\u00e9e de pression gaz aval trop haute", 
	"bitscount": 1
	}, 
	"Delta de pression global injecteur (2)": {
	"scaled": true, 
	"bytescount": 2, 
	"step": 3.7, 
	"bitscount": 16, 
	"unit": "mb"
	}, 
	"Panne m\u00e9moris\u00e9e capteur de pression GNV": {
	"scaled": true, 
	"comment": "Panne m\u00e9moris\u00e9e du capteur de pression GNV", 
	"bitscount": 1
	}, 
	"Module_non_muet": {
	"comment": "module non muet", 
	"bitscount": 1, 
	"lists": {
		"0": "OK", 
		"1": "Non OK"
	}
	}, 
	"Panne m\u00e9moris\u00e9e capteur de pression GPL en CO ou CC+": {
	"scaled": true, 
	"comment": "Panne m\u00e9moris\u00e9e sur l'entr\u00e9e pression GPL en court-circuit au +bat", 
	"bitscount": 1
	}, 
	"ETAOUT": {
	"scaled": true, 
	"comment": "Etat des sorties"
	}, 
	"Panne pr\u00e9sente injecteur 3 en CO": {
	"scaled": true, 
	"comment": "Panne pr\u00e9sente de l'injecteur c en circuit ouvert", 
	"bitscount": 1
	}, 
	"Panne pr\u00e9sente module": {
	"scaled": true, 
	"comment": "Panne pr\u00e9sente module", 
	"bitscount": 1
	}, 
	"Panne m\u00e9moris\u00e9e tension r\u00e9servoir en CO ou en CC+": {
	"scaled": true, 
	"bitscount": 1
	}, 
	"Num\u00e9ro diagnostic": {
	"comment": "Num\u00e9ro de la version du diagnostic", 
	"byte": true
	}, 
	"Panne m\u00e9moris\u00e9e trame CAN injection GPL": {
	"scaled": true, 
	"comment": "Panne m\u00e9moris\u00e9e sur le CAN de la trame injection GPL", 
	"bitscount": 1
	}, 
	"Panne pr\u00e9sente injecteur 4 en CC": {
	"scaled": true, 
	"comment": "Panne pr\u00e9sente de l'injecteur d en court-circuit", 
	"bitscount": 1
	}, 
	"Specific Fault": {
	"bitscount": 5, 
	"lists": {
		"1": "Verification ressorts", 
		"3": "Composant", 
		"4": "\u00e9tat convertisseur", 
		"5": "Syst\u00e8me", 
		"6": "Zone m\u00e9moire de sauvegarde", 
		"7": "\u00c9v\u00e9nement dent", 
		"8": "Apprentissage des but\u00e9es", 
		"9": "Blocage", 
		"10": "Limp-home", 
		"11": "Dynamique de l'asservissement", 
		"12": "diagnostic SDF", 
		"13": "Courant de pompage sonde amont", 
		"14": "Apprentissage but\u00e9es initial", 
		"15": "Probl\u00e8me ligne SPI", 
		"16": "rapport de bo\u00eete de vitesse", 
		"17": "Contact frein", 
		"18": "oscillations", 
		"19": "asservissement", 
		"20": "Changement de rapport de bo\u00eete de vitesse", 
		"21": "P\u00e9dale", 
		"22": "Structure couple", 
		"23": "Perte d'une dent", 
		"24": "Courant de pompage sonde aval", 
		"25": "Calcul d\u00e9calage", 
		"27": "destructeur catalyseur", 
		"28": "Pollution", 
		"29": "horloge BVA", 
		"30": "cha\u00eene d'air", 
		"31": "EOBD"
	}
	}, 
	"Panne pr\u00e9sente information pmh": {
	"scaled": true, 
	"comment": "Panne pr\u00e9sente sur l'information pmh", 
	"bitscount": 1
	}, 
	"Remise \u00e0 z\u00e9ro on": {
	"scaled": true, 
	"comment": "Bool\u00e9en indiquant si la mise \u00e0 z\u00e9ro des m\u00e9moires d\u00e9fauts a \u00e9t\u00e9 effectu\u00e9e", 
	"bitscount": 1
	}, 
	"Panne m\u00e9moris\u00e9e information pmh": {
	"scaled": true, 
	"comment": "Panne m\u00e9moris\u00e9e sur l'information pmh", 
	"bitscount": 1
	}, 
	"Num\u00e9ro de fournisseur": {
	"comment": "Numero ITG du fournisseur", 
	"bytescount": 3, 
	"byte": true, 
	"bitscount": 24
	}, 
	"Panne pr\u00e9sente injecteur 3": {
	"scaled": true, 
	"comment": "Panne pr\u00e9sente de l'injecteur c", 
	"bitscount": 1
	}, 
	"Panne m\u00e9moris\u00e9e ev d\u00e9tendeur": {
	"scaled": true, 
	"comment": "Panne m\u00e9moris\u00e9e de l'\u00e9lectrovanne principale", 
	"bitscount": 1
	}, 
	"Panne m\u00e9moris\u00e9e ev d\u00e9tendeur en CC+": {
	"scaled": true, 
	"comment": "Panne m\u00e9moris\u00e9e de l'\u00e9lectrovanne principale en court-circuit au +bat", 
	"bitscount": 1
	}, 
	"Panne m\u00e9moris\u00e9e injecteur 4": {
	"scaled": true, 
	"comment": "Panne m\u00e9moris\u00e9e de l'injecteur d", 
	"bitscount": 1
	}, 
	"Panne m\u00e9moris\u00e9e coh\u00e9rence r\u00e9gime": {
	"scaled": true, 
	"comment": "Panne m\u00e9moris\u00e9e sur la coh\u00e9rence r\u00e9gime", 
	"bitscount": 1
	}, 
	"Panne m\u00e9moris\u00e9e injecteur 2": {
	"scaled": true, 
	"comment": "Panne m\u00e9moris\u00e9e de l'injecteur b", 
	"bitscount": 1
	}, 
	"Panne pr\u00e9sente injecteur 2 en CO": {
	"scaled": true, 
	"comment": "Panne pr\u00e9sente de l'injecteur b en circuit ouvert", 
	"bitscount": 1
	}, 
	"Panne pr\u00e9sente temp\u00e9rature gaz": {
	"scaled": true, 
	"comment": "Panne pr\u00e9sente sur la temp\u00e9rature gaz", 
	"bitscount": 1
	}, 
	"Panne m\u00e9moris\u00e9e injecteur 1": {
	"scaled": true, 
	"comment": "Panne m\u00e9moris\u00e9e de l'injecteur a", 
	"bitscount": 1
	}, 
	"Panne pr\u00e9sente micro": {
	"scaled": true, 
	"comment": "Panne pr\u00e9sente micro", 
	"bitscount": 1
	}, 
	"Panne pr\u00e9sente injecteur 4 en CO": {
	"scaled": true, 
	"comment": "Panne pr\u00e9sente de l'injecteur d en circuit ouvert", 
	"bitscount": 1
	}, 
	"Panne pr\u00e9sente relais jauge en CO ou CC-": {
	"scaled": true, 
	"comment": "Panne pr\u00e9sente du relais jauge en court-circuit \u00e0 la masse", 
	"bitscount": 1
	}, 
	"FLGECO": {
	"scaled": true, 
	"comment": "Porteur des flags de pannes des entr\u00e9es en circuit ouvert"
	}, 
	"Panne pr\u00e9sente relais r\u00e9servoir en CO ou CC-": {
	"scaled": true, 
	"comment": "Panne pr\u00e9sente du relais g\u00e9n\u00e9ral en court-circuit \u00e0 la masse", 
	"bitscount": 1
	}, 
	"Panne pr\u00e9sente capteur de pression GPL en CO ou CC+": {
	"scaled": true, 
	"comment": "Panne pr\u00e9sente sur l'entr\u00e9e pression GPL en court-circuit au +bat", 
	"bitscount": 1
	}, 
	"Panne pr\u00e9sente trame CAN base rapide": {
	"scaled": true, 
	"comment": "Panne pr\u00e9sente sur le CAN de la trame base rapide", 
	"bitscount": 1
	}, 
	"Pression r\u00e9servoir (GNV seulement)": {
	"comment": "Pression du gaz en amont du d\u00e9tendeur", 
	"bitscount": 16, 
	"scaled": true, 
	"step": 3.7, 
	"bytescount": 2, 
	"offset": 103.0, 
	"unit": "mb"
	}, 
	"Panne m\u00e9moris\u00e9e injecteur 1 en CC": {
	"scaled": true, 
	"comment": "Panne m\u00e9moris\u00e9e de l'injecteur a en court-circuit", 
	"bitscount": 1
	}, 
	"FLGPPS1": {
	"scaled": true, 
	"comment": "Porteur n\u00b01 des flags de pannes pr\u00e9sentes des sorties"
	}, 
	"M_mute": {
	"scaled": true, 
	"comment": "compteur de trajet pour la panne de bus muet", 
	"bitscount": 6
	}, 
	"Panne m\u00e9moris\u00e9e relais automatique": {
	"scaled": true, 
	"comment": "Panne m\u00e9moris\u00e9e du relais automatique", 
	"bitscount": 1
	}, 
	"Module_pr\u00e9sent": {
	"comment": "Module pr\u00e9sent", 
	"bitscount": 1, 
	"lists": {
		"0": "OK", 
		"1": "Non OK"
	}
	}, 
	"Panne m\u00e9moris\u00e9e jauge": {
	"scaled": true, 
	"comment": "Panne m\u00e9moris\u00e9e de la jauge GPL", 
	"bitscount": 1
	}, 
	"Panne m\u00e9moris\u00e9e clef": {
	"scaled": true, 
	"comment": "Panne m\u00e9moris\u00e9e de la clef de contact", 
	"bitscount": 1
	}, 
	"Panne m\u00e9moris\u00e9e relais jauge en CO ou CC-": {
	"scaled": true, 
	"comment": "Panne m\u00e9moris\u00e9e du relais jauge en court-circuit \u00e0 la masse", 
	"bitscount": 1
	}, 
	"Panne pr\u00e9sente parasite clef": {
	"scaled": true, 
	"comment": "Panne pr\u00e9sente parasite clef", 
	"bitscount": 1
	}, 
	"Panne pr\u00e9sente relais jauge": {
	"scaled": true, 
	"comment": "Panne pr\u00e9sente du relais jauge", 
	"bitscount": 1
	}, 
	"Panne m\u00e9moris\u00e9e module": {
	"scaled": true, 
	"comment": "Panne m\u00e9moris\u00e9e module", 
	"bitscount": 1
	}, 
	"Panne m\u00e9moris\u00e9e temp\u00e9rature gaz haute": {
	"scaled": true, 
	"comment": "Panne m\u00e9moris\u00e9e de temp\u00e9rature gaz haute", 
	"bitscount": 1
	}, 
	"Mode gaz forc\u00e9": {
	"scaled": true, 
	"comment": "Indicateur de fonctionnement GPL forc\u00e9", 
	"bitscount": 1
	}, 
	"Panne m\u00e9moris\u00e9e jauge en CC+": {
	"scaled": true, 
	"comment": "Panne m\u00e9moris\u00e9e de la jauge en court-circuit au +bat", 
	"bitscount": 1
	}, 
	"Panne m\u00e9moris\u00e9e capteur de pression GNV en CC-": {
	"scaled": true, 
	"comment": "Panne m\u00e9moris\u00e9e sur l'entr\u00e9e pression GNV en court-circuit \u00e0 la masse", 
	"bitscount": 1
	}, 
	"Num\u00e9ro de version logiciel": {
	"comment": "Version SOFTWARE", 
	"bytescount": 2, 
	"byte": true, 
	"bitscount": 16
	}, 
	"D\u00e9faut grave syst\u00e8me gaz": {
	"comment": "D\u00e9faut majeur du syst\u00e8me gaz", 
	"bitscount": 1, 
	"lists": {
		"0": "Pas de d\u00e9faut grave", 
		"1": "D\u00e9faut syst\u00e8me grave --> R\u00e9init des pannes n\u00e9c\u00e9ssaire"
	}
	}, 
	"Panne m\u00e9moris\u00e9e ev r\u00e9servoir en CC+": {
	"scaled": true, 
	"comment": "Panne m\u00e9moris\u00e9e de l'\u00e9lectrovanne r\u00e9servoir en court-circuit au +bat", 
	"bitscount": 1
	}, 
	"Syst\u00e8me gaz pr\u00eat": {
	"comment": "Syst\u00e8me gaz pr\u00eat", 
	"bitscount": 1, 
	"lists": {
		"0": "Syst\u00e8me gaz non pr\u00eat", 
		"1": "Syst\u00e8me gaz pr\u00eat"
	}
	}, 
	"Panne m\u00e9moris\u00e9e pression gaz": {
	"scaled": true, 
	"comment": "Panne m\u00e9moris\u00e9e sur la pression gaz aval", 
	"bitscount": 1
	}, 
	"FLGPPS2": {
	"scaled": true, 
	"comment": "Porteur n\u00b02 des flags de pannes pr\u00e9sentes des sorties"
	}, 
	"Panne pr\u00e9sente coh\u00e9rence r\u00e9gime": {
	"scaled": true, 
	"comment": "Panne pr\u00e9sente sur la coh\u00e9rence r\u00e9gime", 
	"bitscount": 1
	}, 
	"Panne pr\u00e9sente coh\u00e9rence r\u00e9gime signal dent": {
	"scaled": true, 
	"comment": "Panne pr\u00e9sente fonctionnelle sur la coh\u00e9rence r\u00e9gime", 
	"bitscount": 1
	}, 
	"M_busoff": {
	"scaled": true, 
	"comment": "compteur de trajet pour la panne de bus off", 
	"bitscount": 6
	}, 
	"Etat de l'\u00e9lectrovanne d\u00e9tendeur": {
	"comment": "Etat demand\u00e9 de l'\u00e9lectrovanne principale (1=ouvert, 0=ferm\u00e9)", 
	"bitscount": 1, 
	"lists": {
		"0": "EV ferm\u00e9e", 
		"1": "EV ouverte"
	}
	}, 
	"Pression gaz (3)": {
	"comment": "Pression gaz mesur\u00e9e", 
	"bitscount": 16, 
	"scaled": true, 
	"step": 3.7, 
	"bytescount": 2, 
	"unit": "mb"
	}, 
	"FLGSCO1": {
	"scaled": true, 
	"comment": "Porteur n\u00b01 des flags de pannes des sorties en circuit ouvert"
	}, 
	"Panne m\u00e9moris\u00e9e LED gaz en CC+": {
	"scaled": true, 
	"comment": "Panne m\u00e9moris\u00e9e de la led GPL en court-circuit au +bat", 
	"bitscount": 1
	}, 
	"FLGSCO2": {
	"scaled": true, 
	"comment": "Porteur n\u00b02 des flags de pannes des sorties en circuit ouvert"
	}, 
	"Etat de sortie du voyant": {
	"scaled": true, 
	"comment": "Actif lorsque la sortie voyant doit \u00eatre active (voyant allum\u00e9)", 
	"bitscount": 1
	}, 
	"Panne m\u00e9moris\u00e9e injecteur 2 en CO": {
	"scaled": true, 
	"comment": "Panne m\u00e9moris\u00e9e de l'injecteur b en circuit ouvert", 
	"bitscount": 1
	}, 
	"Panne m\u00e9moris\u00e9e relais r\u00e9servoir": {
	"scaled": true, 
	"comment": "Panne m\u00e9moris\u00e9e du relais g\u00e9n\u00e9ral", 
	"bitscount": 1
	}, 
	"Panne pr\u00e9sente ev r\u00e9servoir en CC+": {
	"scaled": true, 
	"comment": "Panne pr\u00e9sente de l'\u00e9lectrovanne r\u00e9servoir en court-circuit au +bat", 
	"bitscount": 1
	}, 
	"Panne m\u00e9moris\u00e9e injecteur 2 en CC": {
	"scaled": true, 
	"comment": "Panne m\u00e9moris\u00e9e de l'injecteur b en court-circuit", 
	"bitscount": 1
	}, 
	"Panne pr\u00e9sente injecteur 1 en CC": {
	"scaled": true, 
	"comment": "Panne pr\u00e9sente de l'injecteur a en court-circuit", 
	"bitscount": 1
	}, 
	"NDTC": {
	"scaled": true, 
	"comment": "Number of Diagnostic Trouble Code"
	}, 
	"Panne pr\u00e9sente LED gaz en CC+": {
	"scaled": true, 
	"comment": "Panne pr\u00e9sente de la led GPL en court-circuit au +bat", 
	"bitscount": 1
	}, 
	"Diagucxa": {
	"comment": "diag uce n\u00b010", 
	"byte": true
	}, 
	"Panne m\u00e9moris\u00e9e trame CAN": {
	"scaled": true, 
	"comment": "Panne m\u00e9moris\u00e9e sur le CAN", 
	"bitscount": 1
	}, 
	"Panne pr\u00e9sente injecteur 3 en CC": {
	"scaled": true, 
	"comment": "Panne pr\u00e9sente de l'injecteur c en court-circuit", 
	"bitscount": 1
	}, 
	"Routine Entry Status": {
	"lists": {
		"0": "Routine not activated", 
		"1": "Routine in progress", 
		"2": "Routine terminated OK", 
		"4": "Routine terminated not OK", 
		"8": "Routine terminated and Global problem", 
		"16": "Writing error"
	}
	}, 
	"Diagucxf": {
	"comment": "diag uce n\u00b015", 
	"byte": true
	}, 
	"Tension r\u00e9servoir": {
	"comment": "Tension r\u00e9servoir", 
	"bitscount": 16, 
	"scaled": true, 
	"step": 4.88, 
	"bytescount": 2, 
	"unit": "mV"
	}, 
	"Panne m\u00e9moris\u00e9e ev d\u00e9tendeur en CO ou en CC-": {
	"scaled": true, 
	"comment": "Panne m\u00e9moris\u00e9e de l'\u00e9lectrovanne principale en court-circuit \u00e0 la masse", 
	"bitscount": 1
	}, 
	"Panne m\u00e9moris\u00e9e trame CAN base lente": {
	"scaled": true, 
	"comment": "Panne m\u00e9moris\u00e9e sur le CAN de la trame base lente", 
	"bitscount": 1
	}, 
	"Tension d'alimentation jauges": {
	"comment": "Tension d'alimentation jauges", 
	"bitscount": 16, 
	"scaled": true, 
	"step": 4.88, 
	"bytescount": 2, 
	"unit": "mV"
	}, 
	"FLGECP1": {
	"scaled": true, 
	"comment": "Porteur des flags de pannes des entr\u00e9es en court-circuit au +bat n\u00b01"
	}, 
	"Panne m\u00e9moris\u00e9e injecteur 3": {
	"scaled": true, 
	"comment": "Panne m\u00e9moris\u00e9e de l'injecteur c", 
	"bitscount": 1
	}, 
	"Panne m\u00e9moris\u00e9e coh\u00e9rence r\u00e9gime signal dent": {
	"scaled": true, 
	"comment": "Panne m\u00e9moris\u00e9e fonctionnelle sur la coh\u00e9rence r\u00e9gime", 
	"bitscount": 1
	}, 
	"Temp\u00e9rature gaz injecteur": {
	"scaled": true, 
	"comment": "Temp\u00e9rature gaz calcul\u00e9e ou mesur\u00e9e au niveau des injecteurs", 
	"step": 0.625, 
	"unit": "\u00b0C", 
	"offset": -40.0
	}, 
	"Panne pr\u00e9sente voyant gaz en CO ou CC-": {
	"scaled": true, 
	"comment": "Panne pr\u00e9sente du voyant en court-circuit \u00e0 la masse", 
	"bitscount": 1
	}, 
	"Module_absent_conf": {
	"comment": "Module absent confirm\u00e9", 
	"bitscount": 1, 
	"lists": {
		"0": "Non OK", 
		"1": "OK"
	}
	}, 
	"Diagucxd": {
	"comment": "diag uce n\u00b013", 
	"byte": true
	}, 
	"Panne m\u00e9moris\u00e9e trame CAN base rapide": {
	"scaled": true, 
	"comment": "Panne m\u00e9moris\u00e9e sur le CAN de la trame base rapide", 
	"bitscount": 1
	}, 
	"Panne m\u00e9moris\u00e9e injecteur 1 en CO": {
	"scaled": true, 
	"comment": "Panne m\u00e9moris\u00e9e de l'injecteur a en circuit ouvert", 
	"bitscount": 1
	}, 
	"Standard Fault": {
	"bitscount": 5, 
	"lists": {
		"0": "No possible classification about the type of fault", 
		"1": "Open circuit", 
		"2": "Short circuit to ground", 
		"3": "Short circuit at battery +", 
		"4": "Parameter at min limit", 
		"5": "Parameter at max limit", 
		"6": "Incoherency, not plausible", 
		"7": "No signal", 
		"8": "Below min. threshold", 
		"9": "Above max. threshold", 
		"10": "Permanent Low Level", 
		"11": "Permanent High Level", 
		"12": "Lines short-circuited", 
		"13": "Internal electronic anomaly", 
		"14": "Network default", 
		"15": "Remote diagnostic", 
		"16": "Disturbed communication", 
		"17": "Microcuts", 
		"18": "Abnormal voltage", 
		"19": "Value out of range", 
		"20": "Open circuit or Short circuit to ground", 
		"21": "Open circuit or Short circuit to battery", 
		"22": "Initialization / configuration not valid"
	}
	}, 
	"FLGSCM2": {
	"scaled": true, 
	"comment": "Porteur n\u00b02 des flags de pannes des sorties en court-circuit \u00e0 la masse"
	}
}
}