{
"obd": {
	"baudrate": 500000, 
	"protocol": "CAN", 
	"recv_id": "00", 
	"funcname": "CAN", 
	"funcaddr": "00", 
	"send_id": "00"
}, 
"devices": [], 
"ecuname": "X79 CAN MESSAGE LIST", 
"autoidents": [], 
"endian": "Big", 
"requests": [
	{
	"receivebyte_dataitems": {
		"CruiseControlStatus_84": {
		"ref": true, 
		"firstbyte": 4
		}, 
		"EngineTorque_WithoutGBReq_84": {
		"ref": true, 
		"firstbyte": 1
		}, 
		"ErgonomicPedal": {
		"ref": true, 
		"firstbyte": 5
		}, 
		"ECM_MechanicalLoadRequest": {
		"bitoffset": 2, 
		"ref": true, 
		"firstbyte": 4
		}, 
		"KickDownActivated": {
		"bitoffset": 7, 
		"ref": true, 
		"firstbyte": 4
		}, 
		"MaximumInstantTorque": {
		"ref": true, 
		"firstbyte": 3
		}, 
		"MinimumInstantTorque": {
		"ref": true, 
		"firstbyte": 2
		}
	}, 
	"deny_sds": [], 
	"minbytes": 5, 
	"sentbytes": "0161", 
	"name": "ECM_to_AT"
	}, 
	{
	"receivebyte_dataitems": {
		"ETCModeCustomerRequest": {
		"ref": true, 
		"firstbyte": 8
		}, 
		"ETS_TorqueReductionRequestForCou": {
		"bitoffset": 3, 
		"ref": true, 
		"firstbyte": 5
		}, 
		"ETS_InternalOperationMode": {
		"bitoffset": 2, 
		"ref": true, 
		"firstbyte": 4
		}, 
		"ETS_Clock": {
		"ref": true, 
		"firstbyte": 1
		}, 
		"EstimatedFinalClutchTorque": {
		"ref": true, 
		"firstbyte": 3
		}, 
		"ETS_SlowTorqueRequest": {
		"bitoffset": 4, 
		"ref": true, 
		"firstbyte": 1
		}, 
		"CouplerState": {
		"bitoffset": 5, 
		"ref": true, 
		"firstbyte": 5
		}, 
		"ETSMalfunction": {
		"bitoffset": 4, 
		"ref": true, 
		"firstbyte": 5
		}
	}, 
	"deny_sds": [], 
	"minbytes": 8, 
	"sentbytes": "01A5", 
	"name": "ETS_TorqueControlRN1"
	}, 
	{
	"receivebyte_dataitems": {
		"TA_Position": {
		"bitoffset": 4, 
		"ref": true, 
		"firstbyte": 8
		}, 
		"AT_TorqueRequestInProgress": {
		"bitoffset": 5, 
		"ref": true, 
		"firstbyte": 4
		}, 
		"AT_FanRequest_84": {
		"bitoffset": 6, 
		"ref": true, 
		"firstbyte": 4
		}, 
		"DragReduction_84": {
		"bitoffset": 2, 
		"ref": true, 
		"firstbyte": 4
		}, 
		"TransmRangeEngaged_84": {
		"ref": true, 
		"firstbyte": 5
		}, 
		"MajorFailure_84": {
		"bitoffset": 7, 
		"ref": true, 
		"firstbyte": 4
		}, 
		"CrankingAuthorisation_AT_84": {
		"bitoffset": 6, 
		"ref": true, 
		"firstbyte": 6
		}, 
		"Limit_SlowTorqReq_84": {
		"ref": true, 
		"firstbyte": 2
		}, 
		"AT_Torque": {
		"ref": true, 
		"firstbyte": 3
		}, 
		"TorqueConverterState_84": {
		"ref": true, 
		"firstbyte": 4
		}, 
		"AT_Clock": {
		"ref": true, 
		"firstbyte": 6
		}, 
		"PowerTrainGain_84": {
		"ref": true, 
		"firstbyte": 7
		}, 
		"FastTorqueRequest_84": {
		"ref": true, 
		"firstbyte": 1
		}, 
		"AT_MILReq_84": {
		"bitoffset": 4, 
		"ref": true, 
		"firstbyte": 5
		}, 
		"IdleSpeedIncreaseRequest_84": {
		"bitoffset": 4, 
		"ref": true, 
		"firstbyte": 4
		}, 
		"AnticipatedRGBPumpState": {
		"bitoffset": 4, 
		"ref": true, 
		"firstbyte": 6
		}, 
		"AT_TorqueControlType": {
		"ref": true, 
		"firstbyte": 8
		}
	}, 
	"deny_sds": [], 
	"minbytes": 8, 
	"sentbytes": "0175", 
	"name": "AT_TorqueControl"
	}, 
	{
	"receivebyte_dataitems": {
		"ATTorqueAcknowledgement": {
		"bitoffset": 5, 
		"ref": true, 
		"firstbyte": 6
		}, 
		"DiagMuxOn_84": {
		"bitoffset": 6, 
		"ref": true, 
		"firstbyte": 8
		}, 
		"RawPedal": {
		"ref": true, 
		"firstbyte": 4
		}, 
		"FreeShift": {
		"bitoffset": 4, 
		"ref": true, 
		"firstbyte": 8
		}, 
		"ParticulateFilterFailureDisplay": {
		"bitoffset": 7, 
		"ref": true, 
		"firstbyte": 8
		}, 
		"RequestedTorqueAfterProc_84": {
		"ref": true, 
		"firstbyte": 5
		}, 
		"FrictionTorque_84": {
		"ref": true, 
		"firstbyte": 7
		}, 
		"OilDrainAlertDisplay": {
		"bitoffset": 2, 
		"ref": true, 
		"firstbyte": 8
		}, 
		"ASR_MSRAcknowledgement_84": {
		"bitoffset": 2, 
		"ref": true, 
		"firstbyte": 6
		}, 
		"TorqueRequestStatus_84": {
		"ref": true, 
		"firstbyte": 6
		}, 
		"EngineRPM_84": {
		"ref": true, 
		"firstbyte": 1
		}, 
		"OpenActiveBrakeSwitch_ECM_84": {
		"bitoffset": 6, 
		"ref": true, 
		"firstbyte": 6
		}, 
		"Reserved_1bit": {
		"ref": true, 
		"firstbyte": 8
		}, 
		"ClutchSwitch_84": {
		"bitoffset": 3, 
		"ref": true, 
		"firstbyte": 6
		}, 
		"ETS_TorqueAcknowledgement": {
		"bitoffset": 1, 
		"ref": true, 
		"firstbyte": 8
		}, 
		"MeanEffectiveTorque_84": {
		"ref": true, 
		"firstbyte": 3
		}
	}, 
	"deny_sds": [], 
	"minbytes": 8, 
	"sentbytes": "0181", 
	"name": "ECM_TorqueControl"
	}, 
	{
	"receivebyte_dataitems": {
		"MSRinRegulation_84": {
		"bitoffset": 2, 
		"ref": true, 
		"firstbyte": 6
		}, 
		"MSRTorqueRequest_84": {
		"ref": true, 
		"firstbyte": 3
		}, 
		"ShiftMapChangeRequest": {
		"bitoffset": 5, 
		"ref": true, 
		"firstbyte": 6
		}, 
		"AYCinRegulation_84": {
		"bitoffset": 1, 
		"ref": true, 
		"firstbyte": 6
		}, 
		"ESPMalfunction_84": {
		"bitoffset": 6, 
		"ref": true, 
		"firstbyte": 4
		}, 
		"EarlyGearShiftUp_84": {
		"bitoffset": 5, 
		"ref": true, 
		"firstbyte": 4
		}, 
		"ASRDynamicTorqueRequest_84": {
		"ref": true, 
		"firstbyte": 2
		}, 
		"ASRinRegulation_84": {
		"ref": true, 
		"firstbyte": 6
		}, 
		"Shifting_Authorization_84": {
		"bitoffset": 3, 
		"ref": true, 
		"firstbyte": 4
		}, 
		"ETCShutdownRequest": {
		"bitoffset": 7, 
		"ref": true, 
		"firstbyte": 6
		}, 
		"ASRStaticTorqueRequest_84": {
		"ref": true, 
		"firstbyte": 1
		}, 
		"MSRDisabled_84": {
		"bitoffset": 3, 
		"ref": true, 
		"firstbyte": 6
		}, 
		"ESPDeactivated_84": {
		"bitoffset": 7, 
		"ref": true, 
		"firstbyte": 4
		}, 
		"RequestedTransferedTorque": {
		"ref": true, 
		"firstbyte": 7
		}, 
		"ESPClock_84": {
		"ref": true, 
		"firstbyte": 5
		}, 
		"TorqueControlType_84": {
		"ref": true, 
		"firstbyte": 4
		}, 
		"ASRMalfunction": {
		"bitoffset": 4, 
		"ref": true, 
		"firstbyte": 6
		}
	}, 
	"deny_sds": [], 
	"minbytes": 7, 
	"sentbytes": "0244", 
	"name": "Brake_StabilityControl"
	}, 
	{
	"receivebyte_dataitems": {
		"PART1_DTOOL_to_ALLUCEOBD": {
		"ref": true, 
		"firstbyte": 1
		}, 
		"PART2_DTOOL_to_ALLUCEOBD": {
		"ref": true, 
		"firstbyte": 5
		}
	}, 
	"deny_sds": [], 
	"minbytes": 8, 
	"sentbytes": "07DF", 
	"name": "DTOOL_to_ALLUCEOBD"
	}, 
	{
	"receivebyte_dataitems": {
		"TransmRangeEngaged_84_copy_": {
		"bitoffset": 4, 
		"ref": true, 
		"firstbyte": 1
		}, 
		"AT_Faults_States_84": {
		"ref": true, 
		"firstbyte": 1
		}, 
		"AT_PositionDisplay_84": {
		"ref": true, 
		"firstbyte": 2
		}, 
		"AT_Snow_Selected_Mode": {
		"bitoffset": 1, 
		"ref": true, 
		"firstbyte": 4
		}, 
		"Underdrive_84": {
		"bitoffset": 3, 
		"ref": true, 
		"firstbyte": 3
		}, 
		"AT_MinimumIdleSpeedRequest": {
		"ref": true, 
		"firstbyte": 5
		}, 
		"FullLoad": {
		"bitoffset": 4, 
		"ref": true, 
		"firstbyte": 3
		}, 
		"AT_Warning": {
		"bitoffset": 5, 
		"ref": true, 
		"firstbyte": 3
		}, 
		"GearShiftRefused_84": {
		"ref": true, 
		"firstbyte": 3
		}, 
		"AT_Eco_Selected_Mode": {
		"ref": true, 
		"firstbyte": 4
		}, 
		"ResetInfo_AT_84": {
		"bitoffset": 1, 
		"ref": true, 
		"firstbyte": 3
		}, 
		"ClutchOverheatingIncreasing_Warn": {
		"bitoffset": 3, 
		"ref": true, 
		"firstbyte": 4
		}, 
		"BrakePedalRequest": {
		"bitoffset": 2, 
		"ref": true, 
		"firstbyte": 3
		}, 
		"AT_Impulsive_Selected_Mode": {
		"bitoffset": 2, 
		"ref": true, 
		"firstbyte": 4
		}, 
		"AT_ProgSelect_84": {
		"bitoffset": 6, 
		"ref": true, 
		"firstbyte": 2
		}
	}, 
	"deny_sds": [], 
	"minbytes": 5, 
	"sentbytes": "0565", 
	"name": "AT_GeneralStatus"
	}, 
	{
	"receivebyte_dataitems": {
		"PART1_ETC_to_DTOOL": {
		"ref": true, 
		"firstbyte": 1
		}, 
		"PART2_ETC_to_DTOOL": {
		"ref": true, 
		"firstbyte": 5
		}
	}, 
	"deny_sds": [], 
	"minbytes": 8, 
	"sentbytes": "0768", 
	"name": "ETC_to_DTOOL"
	}, 
	{
	"receivebyte_dataitems": {
		"PART2_DTOOL_to_ECM": {
		"ref": true, 
		"firstbyte": 5
		}, 
		"PART1_DTOOL_to_ECM": {
		"ref": true, 
		"firstbyte": 1
		}
	}, 
	"deny_sds": [], 
	"minbytes": 8, 
	"sentbytes": "07E0", 
	"name": "DTOOL_to_ECM"
	}, 
	{
	"receivebyte_dataitems": {
		"EngineCoolantRegulationTemperatu": {
		"bitoffset": 4, 
		"ref": true, 
		"firstbyte": 7
		}, 
		"EngineCoolantTemp_84": {
		"ref": true, 
		"firstbyte": 1
		}, 
		"FuelConsumption_84": {
		"ref": true, 
		"firstbyte": 2
		}, 
		"ResetInfo_ECM_84": {
		"bitoffset": 7, 
		"ref": true, 
		"firstbyte": 4
		}, 
		"MILLamp_84": {
		"bitoffset": 1, 
		"ref": true, 
		"firstbyte": 4
		}, 
		"DiagMuxOn_84_copy": {
		"ref": true, 
		"firstbyte": 4
		}, 
		"ELAMP": {
		"bitoffset": 1, 
		"ref": true, 
		"firstbyte": 7
		}, 
		"PDCUTREQ": {
		"ref": true, 
		"firstbyte": 7
		}, 
		"DownTransitionOfEngineCoolantTem": {
		"bitoffset": 7, 
		"ref": true, 
		"firstbyte": 7
		}, 
		"RequestedSpeed_84": {
		"ref": true, 
		"firstbyte": 5
		}, 
		"ParticulateFilterState": {
		"bitoffset": 3, 
		"ref": true, 
		"firstbyte": 7
		}, 
		"EngOverSpeedCutOffThreshold_84": {
		"bitoffset": 4, 
		"ref": true, 
		"firstbyte": 6
		}, 
		"IdleSpeedControlRequest_84": {
		"ref": true, 
		"firstbyte": 3
		}, 
		"NominalFuelConsumption": {
		"ref": true, 
		"firstbyte": 8
		}, 
		"EngineStatus_84__copy_": {
		"bitoffset": 6, 
		"ref": true, 
		"firstbyte": 6
		}, 
		"FuelConsumptionType_84": {
		"bitoffset": 5, 
		"ref": true, 
		"firstbyte": 6
		}, 
		"DieselFilterWaterDetection": {
		"bitoffset": 2, 
		"ref": true, 
		"firstbyte": 7
		}, 
		"EngineControlFailureLevel2_84": {
		"bitoffset": 6, 
		"ref": true, 
		"firstbyte": 4
		}, 
		"EngineControlFailureLevel1_84": {
		"bitoffset": 5, 
		"ref": true, 
		"firstbyte": 4
		}, 
		"RequestedSpeedBlink_84": {
		"ref": true, 
		"firstbyte": 6
		}, 
		"CruiseControlStatusDisplay": {
		"bitoffset": 1, 
		"ref": true, 
		"firstbyte": 6
		}, 
		"DieselPreHeating_84": {
		"bitoffset": 4, 
		"ref": true, 
		"firstbyte": 4
		}, 
		"WarningWaterTemp_84": {
		"bitoffset": 3, 
		"ref": true, 
		"firstbyte": 4
		}
	}, 
	"deny_sds": [], 
	"minbytes": 8, 
	"sentbytes": "0551", 
	"name": "ECM_GeneralStatus"
	}, 
	{
	"receivebyte_dataitems": {
		"MessageCounterRear": {
		"ref": true, 
		"firstbyte": 7
		}, 
		"WheelSpeed_R_R_84": {
		"ref": true, 
		"firstbyte": 1
		}, 
		"VehicleSpeed_CVT": {
		"ref": true, 
		"firstbyte": 5
		}, 
		"WheelSpeed_R_L_84": {
		"ref": true, 
		"firstbyte": 3
		}, 
		"ChecksumRear": {
		"ref": true, 
		"firstbyte": 8
		}
	}, 
	"deny_sds": [], 
	"minbytes": 8, 
	"sentbytes": "0285", 
	"name": "Rear_Wheel_Speed_Frame"
	}, 
	{
	"receivebyte_dataitems": {
		"EngineAirTemp": {
		"ref": true, 
		"firstbyte": 1
		}
	}, 
	"deny_sds": [], 
	"minbytes": 1, 
	"sentbytes": "065C", 
	"name": "ECM_CANHS_R_04"
	}, 
	{
	"receivebyte_dataitems": {
		"PART2_DTOOL_to_AT": {
		"ref": true, 
		"firstbyte": 5
		}, 
		"PART1_DTOOL_to_AT": {
		"ref": true, 
		"firstbyte": 1
		}
	}, 
	"deny_sds": [], 
	"minbytes": 8, 
	"sentbytes": "07E1", 
	"name": "DTOOL_to_AT"
	}, 
	{
	"receivebyte_dataitems": {
		"PART2_AT_to_DTOOL": {
		"ref": true, 
		"firstbyte": 5
		}, 
		"PART1_AT_to_DTOOL": {
		"ref": true, 
		"firstbyte": 1
		}
	}, 
	"deny_sds": [], 
	"minbytes": 8, 
	"sentbytes": "07E9", 
	"name": "AT_to_DTOOL"
	}, 
	{
	"receivebyte_dataitems": {
		"PART2_ECM_to_DTOOL": {
		"ref": true, 
		"firstbyte": 5
		}, 
		"PART1_ECM_to_DTOOL": {
		"ref": true, 
		"firstbyte": 1
		}
	}, 
	"deny_sds": [], 
	"minbytes": 8, 
	"sentbytes": "07E8", 
	"name": "ECM_to_DTOOL"
	}, 
	{
	"receivebyte_dataitems": {
		"MaximumMechanicalPowerAllowed_84": {
		"bitoffset": 3, 
		"ref": true, 
		"firstbyte": 2
		}, 
		"EngineFanSpeedRequest": {
		"ref": true, 
		"firstbyte": 1
		}, 
		"AlternatorMaximumPower": {
		"ref": true, 
		"firstbyte": 6
		}, 
		"ClimateCompressorDestrokeRequest": {
		"ref": true, 
		"firstbyte": 2
		}, 
		"EngineStatus_84": {
		"bitoffset": 2, 
		"ref": true, 
		"firstbyte": 1
		}, 
		"ElectricalPowerCut_Freeze_84": {
		"bitoffset": 6, 
		"ref": true, 
		"firstbyte": 1
		}, 
		"CrankingAuthorization_ECM": {
		"bitoffset": 6, 
		"ref": true, 
		"firstbyte": 5
		}, 
		"RearDefrostRequest_ECM": {
		"bitoffset": 5, 
		"ref": true, 
		"firstbyte": 1
		}, 
		"CompressorActivation": {
		"bitoffset": 4, 
		"ref": true, 
		"firstbyte": 1
		}, 
		"CrankingAuthorisation_ATviaECM": {
		"bitoffset": 4, 
		"ref": true, 
		"firstbyte": 5
		}, 
		"EngineRPM_84_copy_": {
		"ref": true, 
		"firstbyte": 3
		}, 
		"AllowedPowerGradient": {
		"ref": true, 
		"firstbyte": 5
		}
	}, 
	"deny_sds": [], 
	"minbytes": 6, 
	"sentbytes": "01F9", 
	"name": "ECM_SystemControl"
	}, 
	{
	"receivebyte_dataitems": {
		"WheelSpeed_F_R": {
		"ref": true, 
		"firstbyte": 1
		}, 
		"VehicleSpeed_84_copy": {
		"ref": true, 
		"firstbyte": 5
		}, 
		"ChecksumFront": {
		"ref": true, 
		"firstbyte": 8
		}, 
		"WheelSpeed_F_L": {
		"ref": true, 
		"firstbyte": 3
		}, 
		"MessageCounterFront": {
		"ref": true, 
		"firstbyte": 7
		}
	}, 
	"deny_sds": [], 
	"minbytes": 8, 
	"sentbytes": "0284", 
	"name": "Front_Wheel_Speed_Frame"
	}, 
	{
	"receivebyte_dataitems": {
		"ESPStateLamp": {
		"ref": true, 
		"firstbyte": 5
		}, 
		"VSUStateLamp": {
		"bitoffset": 1, 
		"ref": true, 
		"firstbyte": 6
		}, 
		"ABSMalfunction_84": {
		"ref": true, 
		"firstbyte": 7
		}, 
		"ABSStateLamp": {
		"bitoffset": 3, 
		"ref": true, 
		"firstbyte": 5
		}, 
		"VSUPresence": {
		"bitoffset": 7, 
		"ref": true, 
		"firstbyte": 8
		}, 
		"VehicleSpeed_84": {
		"ref": true, 
		"firstbyte": 1
		}, 
		"WheelsLockingState": {
		"ref": true, 
		"firstbyte": 8
		}, 
		"ABSinRegulation_84": {
		"bitoffset": 1, 
		"ref": true, 
		"firstbyte": 7
		}, 
		"ABS_ESPLampsAutoCheck": {
		"bitoffset": 5, 
		"ref": true, 
		"firstbyte": 8
		}, 
		"Odometer_84": {
		"ref": true, 
		"firstbyte": 3
		}, 
		"EBVStateLamp": {
		"bitoffset": 5, 
		"ref": true, 
		"firstbyte": 5
		}, 
		"MessageCounter": {
		"bitoffset": 3, 
		"ref": true, 
		"firstbyte": 6
		}, 
		"EBVinRegulation_84": {
		"ref": true, 
		"firstbyte": 6
		}, 
		"CloseActiveBrakeSwitch_ABS_84": {
		"bitoffset": 2, 
		"ref": true, 
		"firstbyte": 7
		}, 
		"ABS_WarningRequest": {
		"bitoffset": 4, 
		"ref": true, 
		"firstbyte": 7
		}, 
		"ECBStateLamp": {
		"bitoffset": 3, 
		"ref": true, 
		"firstbyte": 8
		}, 
		"HDCStateLamp": {
		"bitoffset": 1, 
		"ref": true, 
		"firstbyte": 8
		}, 
		"FillingStatus_84": {
		"bitoffset": 6, 
		"ref": true, 
		"firstbyte": 7
		}, 
		"ResetInfo_ABS_84": {
		"bitoffset": 7, 
		"ref": true, 
		"firstbyte": 5
		}
	}, 
	"deny_sds": [], 
	"minbytes": 8, 
	"sentbytes": "0354", 
	"name": "Brake_GeneralData"
	}, 
	{
	"receivebyte_dataitems": {
		"PART1_DTOOL_to_ETC": {
		"ref": true, 
		"firstbyte": 1
		}, 
		"PART2_DTOOL_to_ETC": {
		"ref": true, 
		"firstbyte": 5
		}
	}, 
	"deny_sds": [], 
	"minbytes": 8, 
	"sentbytes": "0748", 
	"name": "DTOOL_to_ETC"
	}
], 
"data": {
	"AT_FanRequest_84": {
	"bitscount": 1, 
	"lists": {
		"0": "no engine fan request", 
		"1": "engine fan request"
	}
	}, 
	"PART1_AT_to_DTOOL": {
	"bytescount": 4, 
	"byte": true, 
	"bitscount": 32
	}, 
	"AT_PositionDisplay_84": {
	"bitscount": 4, 
	"lists": {
		"0": "parking (normal mode)", 
		"1": "reverse (normal mode)", 
		"2": "neutral  (normal mode)", 
		"3": "drive  (normal mode)", 
		"4": "4th gear (manual mode)", 
		"5": "3rd gear (manual mode)", 
		"6": "2nd gear (manual mode)", 
		"7": "1st gear (manual mode)", 
		"8": "intemediate P/R or N/R", 
		"9": "intermediate N/D", 
		"10": "intermediate", 
		"11": "Unused", 
		"12": "6th gear (manual mode)", 
		"13": "7th gear (manual mode)", 
		"14": "5th gear (manual mode)", 
		"15": "lever switches failure"
	}
	}, 
	"RearDefrostRequest_ECM": {
	"bitscount": 1, 
	"lists": {
		"0": "no rear defrost request", 
		"1": "rear defrost request"
	}
	}, 
	"ResetInfo_ECM_84": {
	"bitscount": 1, 
	"lists": {
		"0": "no exit from reset", 
		"1": "exit from reset"
	}
	}, 
	"ECM_MechanicalLoadRequest": {
	"bitscount": 1, 
	"lists": {
		"0": "No mechanical load requested by ", 
		"1": "Mechanical load requested by ECM"
	}
	}, 
	"Shifting_Authorization_84": {
	"bitscount": 2, 
	"lists": {
		"0": "gear shift forbidden", 
		"1": "shift down authorized", 
		"2": "shift up authorized", 
		"3": "shift up or down authorized"
	}
	}, 
	"ETCShutdownRequest": {
	"bitscount": 1, 
	"lists": {
		"0": "no ETC shutdown request", 
		"1": "ETC shutdown request"
	}
	}, 
	"PART1_DTOOL_to_ALLUCEOBD": {
	"bytescount": 4, 
	"byte": true, 
	"bitscount": 32
	}, 
	"Limit_SlowTorqReq_84": {
	"scaled": true, 
	"step": 0.5, 
	"offset": -25.0
	}, 
	"ClutchSwitch_84": {
	"bitscount": 2, 
	"lists": {
		"0": "pedal not pressed (clutched)", 
		"1": "pedal pressed", 
		"2": "not used", 
		"3": "invalid"
	}
	}, 
	"MSRDisabled_84": {
	"bitscount": 1, 
	"lists": {
		"0": "MSR available", 
		"1": "MSR disabled"
	}
	}, 
	"PART1_ETC_to_DTOOL": {
	"bytescount": 4, 
	"byte": true, 
	"bitscount": 32
	}, 
	"ESPClock_84": {
	"scaled": true
	}, 
	"AllowedPowerGradient": {
	"scaled": true, 
	"step": 40.0, 
	"bitscount": 4
	}, 
	"TransmRangeEngaged_84_copy_": {
	"bitscount": 4, 
	"lists": {
		"0": "declutched at rest", 
		"1": "1st range", 
		"2": "2nd range", 
		"3": "3rd range", 
		"4": "4th range", 
		"5": "5th range", 
		"6": "6th range", 
		"9": "reverse", 
		"10": "neutral or parking", 
		"15": "AT limphome"
	}
	}, 
	"PART2_DTOOL_to_ALLUCEOBD": {
	"bytescount": 4, 
	"byte": true, 
	"bitscount": 32
	}, 
	"ErgonomicPedal": {
	"scaled": true
	}, 
	"ASRinRegulation_84": {
	"bitscount": 1, 
	"lists": {
		"0": "no ASR regulation", 
		"1": "ASR in regulation"
	}
	}, 
	"EstimatedFinalClutchTorque": {
	"scaled": true, 
	"step": 10.0
	}, 
	"ClimateCompressorDestrokeRequest": {
	"bitscount": 1, 
	"lists": {
		"0": "no compressor destroke request", 
		"1": "compressor destroke request"
	}
	}, 
	"DownTransitionOfEngineCoolantTem": {
	"bitscount": 1, 
	"lists": {
		"0": "No down transition in progress", 
		"1": "Down transition in progress"
	}
	}, 
	"PART2_DTOOL_to_ECM": {
	"bytescount": 4, 
	"byte": true, 
	"bitscount": 32
	}, 
	"PART1_DTOOL_to_AT": {
	"bytescount": 4, 
	"byte": true, 
	"bitscount": 32
	}, 
	"MeanEffectiveTorque_84": {
	"scaled": true, 
	"step": 0.5, 
	"offset": -25.0
	}, 
	"AnticipatedRGBPumpState": {
	"bitscount": 2, 
	"lists": {
		"0": "Unavailable value", 
		"1": "BVR Pump Active", 
		"2": "BVR Pump Inactive", 
		"3": "Not Used"
	}
	}, 
	"AYCinRegulation_84": {
	"bitscount": 1, 
	"lists": {
		"0": "no AYC regulation", 
		"1": "AYC in regulation"
	}
	}, 
	"VSUPresence": {
	"bitscount": 1, 
	"lists": {
		"0": "ABS or ESP unit", 
		"1": "VSU unit"
	}
	}, 
	"PART2_AT_to_DTOOL": {
	"bytescount": 4, 
	"byte": true, 
	"bitscount": 32
	}, 
	"NominalFuelConsumption": {
	"scaled": true, 
	"step": 80.0
	}, 
	"AT_Warning": {
	"bitscount": 3, 
	"lists": {
		"0": "no AT_warning", 
		"1": "RGB_OpenDoorWarning", 
		"2": "Reserved", 
		"3": "AGB_OpenDoorWarning"
	}
	}, 
	"Odometer_84": {
	"scaled": true, 
	"bytescount": 2, 
	"step": 0.1, 
	"bitscount": 16
	}, 
	"TransmRangeEngaged_84": {
	"bitscount": 4, 
	"lists": {
		"0": "declutched at rest", 
		"1": "1st range", 
		"2": "2nd range", 
		"3": "3rd range", 
		"4": "4th range", 
		"5": "5th range", 
		"6": "6th range", 
		"9": "reverse", 
		"10": "neutral", 
		"15": "AT in limphome"
	}
	}, 
	"DieselFilterWaterDetection": {
	"bitscount": 1, 
	"lists": {
		"0": "no water detected in diesel", 
		"1": "water detected in diesel"
	}
	}, 
	"EngineControlFailureLevel2_84": {
	"bitscount": 1, 
	"lists": {
		"0": "no engine level 2 failure", 
		"1": "engine level 2 failure"
	}
	}, 
	"MinimumInstantTorque": {
	"scaled": true, 
	"step": 0.5, 
	"offset": -25.0
	}, 
	"PART1_DTOOL_to_ETC": {
	"bytescount": 4, 
	"byte": true, 
	"bitscount": 32
	}, 
	"ABSStateLamp": {
	"bitscount": 2, 
	"lists": {
		"0": "ABS operational or vehicle not e", 
		"1": "ABS failure", 
		"2": "ABS operational , not prgrammed", 
		"3": "ABS in calibration (diagnostic m"
	}
	}, 
	"AT_Snow_Selected_Mode": {
	"bitscount": 1, 
	"lists": {
		"0": "No snow mode request", 
		"1": "Snow mode request"
	}
	}, 
	"VehicleSpeed_84_copy": {
	"scaled": true, 
	"bytescount": 2, 
	"step": 0.01, 
	"bitscount": 16
	}, 
	"DieselPreHeating_84": {
	"bitscount": 1, 
	"lists": {
		"0": "preglow lamp off", 
		"1": "preglow lamp on"
	}
	}, 
	"Reserved_1bit": {
	"bitscount": 1, 
	"lists": {
		"0": "fixed value produced"
	}
	}, 
	"EngineStatus_84": {
	"bitscount": 2, 
	"lists": {
		"0": "engine stopped", 
		"1": "engine stalled", 
		"2": "engine running", 
		"3": "engine cranking"
	}
	}, 
	"ETSMalfunction": {
	"bitscount": 1, 
	"lists": {
		"0": "no malfuction", 
		"1": "malfunction  (ETS can not work)"
	}
	}, 
	"AT_Impulsive_Selected_Mode": {
	"bitscount": 1, 
	"lists": {
		"0": "No Impulsive Mode request", 
		"1": "Impulsive Mode request"
	}
	}, 
	"DiagMuxOn_84": {
	"bitscount": 1, 
	"lists": {
		"0": "counting and storage of CAN mute", 
		"1": "counting and storage of CAN mute_1"
	}
	}, 
	"PART2_DTOOL_to_AT": {
	"bytescount": 4, 
	"byte": true, 
	"bitscount": 32
	}, 
	"EngineCoolantTemp_84": {
	"scaled": true, 
	"offset": -40.0
	}, 
	"MessageCounterRear": {
	"scaled": true
	}, 
	"EngineFanSpeedRequest": {
	"bitscount": 2, 
	"lists": {
		"0": "no engine fan  requested", 
		"1": "low speed engine fan request", 
		"2": "mid speed engine fan request", 
		"3": "high speed engine fan  request"
	}
	}, 
	"OilDrainAlertDisplay": {
	"bitscount": 2, 
	"lists": {
		"0": "No alert display requested", 
		"1": "Oil drain to be anticipated", 
		"2": "Oil drain requested", 
		"3": "Not used"
	}
	}, 
	"ElectricalPowerCut_Freeze_84": {
	"bitscount": 2, 
	"lists": {
		"0": "no request", 
		"1": "electrical consumption freezing ", 
		"2": "electrical consumers inhibition ", 
		"3": "invalid"
	}
	}, 
	"PART2_DTOOL_to_ETC": {
	"bytescount": 4, 
	"byte": true, 
	"bitscount": 32
	}, 
	"ESPStateLamp": {
	"bitscount": 3, 
	"lists": {
		"0": "ESP operational or vehicle not e", 
		"1": "ESP failure", 
		"2": "ESP deactivated", 
		"3": "ESP failure (not programmed)", 
		"4": "ESP regulating without malfuncti", 
		"5": "ESP regulating with malfunction", 
		"7": "ESP in calibration (diagnostic m"
	}
	}, 
	"MaximumMechanicalPowerAllowed_84": {
	"scaled": true, 
	"step": 100.0, 
	"bitscount": 5
	}, 
	"EBVStateLamp": {
	"bitscount": 2, 
	"lists": {
		"0": "EBV operational or vehicle not e", 
		"1": "EBV failure", 
		"2": "not used", 
		"3": "EBV in calibration (diagnostic m"
	}
	}, 
	"BrakePedalRequest": {
	"bitscount": 1, 
	"lists": {
		"0": "No press brake pedal request", 
		"1": "Push brake pedal requested (Shif"
	}
	}, 
	"ParticulateFilterState": {
	"bitscount": 1, 
	"lists": {
		"0": "No warning message", 
		"1": "Warning clog up filter"
	}
	}, 
	"ABSMalfunction_84": {
	"bitscount": 1, 
	"lists": {
		"0": "ABS OK", 
		"1": "ABS malfunction"
	}
	}, 
	"IdleSpeedControlRequest_84": {
	"scaled": true, 
	"step": 8.0
	}, 
	"AT_TorqueControlType": {
	"bitscount": 3, 
	"lists": {
		"0": "torque limitation without transm", 
		"1": "Reserved", 
		"2": "Reserved_2", 
		"3": "Reserved_3", 
		"4": "Reserved_4", 
		"5": "Upper torque value limitation", 
		"6": "Lower torque value limitation", 
		"7": "Full torque control"
	}
	}, 
	"CrankingAuthorisation_AT_84": {
	"bitscount": 2, 
	"lists": {
		"0": "cranking not allowed", 
		"1": "cranking allowed", 
		"2": "reserved", 
		"3": "unavailable"
	}
	}, 
	"EngineRPM_84": {
	"scaled": true, 
	"bytescount": 2, 
	"step": 0.125, 
	"bitscount": 16
	}, 
	"MSRTorqueRequest_84": {
	"scaled": true, 
	"step": 0.5, 
	"offset": -25.0
	}, 
	"FreeShift": {
	"bitscount": 2, 
	"lists": {
		"0": "No display request (no freeshift", 
		"1": "UpShift display resquest", 
		"2": "DownShift display request ", 
		"3": "No Shift change display Request "
	}
	}, 
	"ShiftMapChangeRequest": {
	"bitscount": 2, 
	"lists": {
		"0": "No Request", 
		"1": "Request to use TCS map in warm", 
		"2": "Request to use TCS map in cold", 
		"3": "not use"
	}
	}, 
	"HDCStateLamp": {
	"bitscount": 2, 
	"lists": {
		"0": "Not lighting", 
		"1": "Flashing", 
		"2": "Lighting", 
		"3": "Not used"
	}
	}, 
	"PART1_DTOOL_to_ECM": {
	"bytescount": 4, 
	"byte": true, 
	"bitscount": 32
	}, 
	"ABS_ESPLampsAutoCheck": {
	"bitscount": 1, 
	"lists": {
		"0": "no auto-check in progress", 
		"1": "auto-check in progress"
	}
	}, 
	"ASR_MSRAcknowledgement_84": {
	"bitscount": 1, 
	"lists": {
		"0": "data received in frame Brake_Sta", 
		"1": "data received in frame Brake_Sta_1"
	}
	}, 
	"CouplerState": {
	"bitscount": 2, 
	"lists": {
		"0": "Coupler Open", 
		"1": "Coupler Sliding ", 
		"2": "Coupler  Closed", 
		"3": "Unvailable Value"
	}
	}, 
	"WheelSpeed_R_L_84": {
	"scaled": true, 
	"bytescount": 2, 
	"step": 0.0417, 
	"bitscount": 16
	}, 
	"CrankingAuthorization_ECM": {
	"bitscount": 2, 
	"lists": {
		"0": "cranking not allowed", 
		"1": "cranking allowed", 
		"2": "cranking stopped required", 
		"3": "cranking not allowed: ECM failur"
	}
	}, 
	"AT_Clock": {
	"scaled": true, 
	"bitscount": 4
	}, 
	"ResetInfo_ABS_84": {
	"bitscount": 1, 
	"lists": {
		"0": "no exit from reset", 
		"1": "exit from reset"
	}
	}, 
	"EngineCoolantRegulationTemperatu": {
	"bitscount": 3, 
	"lists": {
		"0": "90 \u00b0C", 
		"1": "95 \u00b0C", 
		"2": "100 \u00b0C", 
		"3": "105 \u00b0C", 
		"4": "110 \u00b0C", 
		"5": "80 \u00b0C", 
		"6": "85 \u00b0C", 
		"7": "unavailable"
	}
	}, 
	"AT_Faults_States_84": {
	"scaled": true, 
	"bitscount": 4
	}, 
	"VehicleSpeed_84": {
	"scaled": true, 
	"bytescount": 2, 
	"step": 0.01, 
	"bitscount": 16
	}, 
	"FuelConsumption_84": {
	"scaled": true, 
	"step": 80.0
	}, 
	"MessageCounter": {
	"scaled": true, 
	"bitscount": 2
	}, 
	"ASRStaticTorqueRequest_84": {
	"scaled": true, 
	"step": 0.5, 
	"offset": -25.0
	}, 
	"ChecksumRear": {
	"scaled": true
	}, 
	"FillingStatus_84": {
	"bitscount": 2, 
	"lists": {
		"0": "waiting (ready to receive UCH_fi", 
		"1": "acknowledgement (command receive", 
		"2": "complete (electrovalves driving ", 
		"3": "risk of no filling consecutive t"
	}
	}, 
	"MajorFailure_84": {
	"bitscount": 1, 
	"lists": {
		"0": "no major failure", 
		"1": "major failure (engine stop reque"
	}
	}, 
	"MSRinRegulation_84": {
	"bitscount": 1, 
	"lists": {
		"0": "no MSR regulation", 
		"1": "MSR regulation"
	}
	}, 
	"TA_Position": {
	"bitscount": 4, 
	"lists": {
		"0": "parking", 
		"1": "reverse", 
		"2": "neutral", 
		"3": "drive", 
		"4": "4th gear", 
		"5": "3rd gear", 
		"6": "2nd gear", 
		"7": "1st gear", 
		"8": "intermediate P/R or N/R", 
		"9": "intermediate N/D", 
		"10": "intermediate", 
		"11": "manual mode", 
		"12": "6th gear", 
		"13": "7th gear", 
		"14": "5th gear", 
		"15": "not available (init or lever swi"
	}
	}, 
	"DiagMuxOn_84_copy": {
	"bitscount": 1, 
	"lists": {
		"0": "counting and storage of CAN mute", 
		"1": "counting and storage of CAN mute_1"
	}
	}, 
	"ESPMalfunction_84": {
	"bitscount": 1, 
	"lists": {
		"0": "no ESP malfunction", 
		"1": "ESP malfunction"
	}
	}, 
	"EngOverSpeedCutOffThreshold_84": {
	"bitscount": 1, 
	"lists": {
		"0": "low threshold", 
		"1": "high threshold"
	}
	}, 
	"Underdrive_84": {
	"bitscount": 1, 
	"lists": {
		"0": "underdrive off", 
		"1": "underdrive on"
	}
	}, 
	"ETS_SlowTorqueRequest": {
	"scaled": true, 
	"bytescount": 2, 
	"step": 0.5, 
	"bitscount": 12, 
	"offset": -400.0
	}, 
	"TorqueRequestStatus_84": {
	"bitscount": 2, 
	"lists": {
		"0": "normal", 
		"1": "exact torque request can not be ", 
		"2": "transient state preventing torqu", 
		"3": "torque request can not be achiev"
	}
	}, 
	"PowerTrainGain_84": {
	"scaled": true, 
	"step": 0.25
	}, 
	"ResetInfo_AT_84": {
	"bitscount": 1, 
	"lists": {
		"0": "no  exit from reset", 
		"1": "exit from reset"
	}
	}, 
	"WheelSpeed_R_R_84": {
	"scaled": true, 
	"bytescount": 2, 
	"step": 0.0417, 
	"bitscount": 16
	}, 
	"IdleSpeedIncreaseRequest_84": {
	"bitscount": 1, 
	"lists": {
		"0": "no idle speed increase request", 
		"1": "idle speed increase request"
	}
	}, 
	"VSUStateLamp": {
	"bitscount": 2, 
	"lists": {
		"0": "VSU operational ou vehicle not e", 
		"1": "VSU failure", 
		"2": "VSU operational, not programmed", 
		"3": "reserved"
	}
	}, 
	"EngineRPM_84_copy_": {
	"scaled": true, 
	"bytescount": 2, 
	"step": 0.125, 
	"bitscount": 16
	}, 
	"ATTorqueAcknowledgement": {
	"bitscount": 1, 
	"lists": {
		"0": "data received in frame AT_Torque", 
		"1": "data received  in frame AT_Torqu"
	}
	}, 
	"ParticulateFilterFailureDisplay": {
	"bitscount": 1, 
	"lists": {
		"0": "No Particulate filter failure wa", 
		"1": "Particulate filter failure warni"
	}
	}, 
	"PART2_ETC_to_DTOOL": {
	"bytescount": 4, 
	"byte": true, 
	"bitscount": 32
	}, 
	"ChecksumFront": {
	"scaled": true
	}, 
	"MessageCounterFront": {
	"scaled": true
	}, 
	"KickDownActivated": {
	"bitscount": 1, 
	"lists": {
		"0": "kick down off", 
		"1": "kick down activated"
	}
	}, 
	"AT_Eco_Selected_Mode": {
	"bitscount": 1, 
	"lists": {
		"0": "No eco Mode Request", 
		"1": "Eco Mode Request"
	}
	}, 
	"FuelConsumptionType_84": {
	"bitscount": 1, 
	"lists": {
		"0": "petrol consumption", 
		"1": "LPG or GNV consumption"
	}
	}, 
	"TorqueConverterState_84": {
	"bitscount": 2, 
	"lists": {
		"0": "unlocked converter", 
		"1": "sliding converter", 
		"2": "locked up converter", 
		"3": "invalid"
	}
	}, 
	"ASRMalfunction": {
	"bitscount": 1, 
	"lists": {
		"0": "No ASR malfunction", 
		"1": "ASR malfunction"
	}
	}, 
	"TorqueControlType_84": {
	"bitscount": 3, 
	"lists": {
		"0": "no torque request", 
		"1": "Reserved", 
		"2": "Reserved_2", 
		"3": "Reserved_3", 
		"4": "Reserved_4", 
		"5": "ASR torque request (decrease tor", 
		"6": "MSR torque request (increase tor", 
		"7": "Reserved_7"
	}
	}, 
	"EngineAirTemp": {
	"scaled": true, 
	"bitscount": 7, 
	"offset": -40.0
	}, 
	"ETCModeCustomerRequest": {
	"bitscount": 2, 
	"lists": {
		"0": "AutoMode Requested By Customer", 
		"1": "LockMode Requested By Customer", 
		"2": "ForTwoMode Requested By Customer", 
		"3": "Unvailable Value"
	}
	}, 
	"ETS_TorqueReductionRequestForCou": {
	"bitscount": 1, 
	"lists": {
		"0": "engine torque reduction not requ", 
		"1": "engine torque reduction  request"
	}
	}, 
	"AT_MinimumIdleSpeedRequest": {
	"scaled": true, 
	"step": 8.0
	}, 
	"WheelSpeed_F_L": {
	"scaled": true, 
	"bytescount": 2, 
	"step": 0.0417, 
	"bitscount": 16
	}, 
	"WheelSpeed_F_R": {
	"scaled": true, 
	"bytescount": 2, 
	"step": 0.0417, 
	"bitscount": 16
	}, 
	"ETS_InternalOperationMode": {
	"bitscount": 2, 
	"lists": {
		"0": "automatic selection mode", 
		"1": "fixed 4WD mode", 
		"2": "fixed 2WD mode", 
		"3": "4 Lo Mode"
	}
	}, 
	"OpenActiveBrakeSwitch_ECM_84": {
	"bitscount": 2, 
	"lists": {
		"0": "brake not activated", 
		"1": "brake activated", 
		"2": "not used", 
		"3": "invalid"
	}
	}, 
	"AT_ProgSelect_84": {
	"bitscount": 2, 
	"lists": {
		"0": "normal mode", 
		"1": "Eco mode", 
		"2": "impulsive mode", 
		"3": "snow mode"
	}
	}, 
	"FastTorqueRequest_84": {
	"scaled": true, 
	"step": 0.5, 
	"offset": -25.0
	}, 
	"ECBStateLamp": {
	"bitscount": 2, 
	"lists": {
		"0": "Brake is not failed", 
		"1": "Finished calibration", 
		"2": "Under calibration", 
		"3": "Brake is failed or lamp check"
	}
	}, 
	"VehicleSpeed_CVT": {
	"scaled": true
	}, 
	"PART1_ECM_to_DTOOL": {
	"bytescount": 4, 
	"byte": true, 
	"bitscount": 32
	}, 
	"FrictionTorque_84": {
	"scaled": true, 
	"step": 0.5, 
	"offset": -25.0
	}, 
	"CloseActiveBrakeSwitch_ABS_84": {
	"bitscount": 2, 
	"lists": {
		"0": "brake not active", 
		"1": "brake active", 
		"2": "not used", 
		"3": "invalid"
	}
	}, 
	"ETS_TorqueAcknowledgement": {
	"bitscount": 1, 
	"lists": {
		"0": "data received not consistent", 
		"1": "data received consistent"
	}
	}, 
	"AT_MILReq_84": {
	"scaled": true, 
	"bitscount": 4
	}, 
	"MILLamp_84": {
	"bitscount": 2, 
	"lists": {
		"0": "MIL lamp off", 
		"1": "MIL lamp on", 
		"2": "MIL flashing", 
		"3": "lamp autotest "
	}
	}, 
	"CompressorActivation": {
	"bitscount": 1, 
	"lists": {
		"0": "no compressor activation request", 
		"1": "compressor activation requested"
	}
	}, 
	"CruiseControlStatus_84": {
	"bitscount": 2, 
	"lists": {
		"0": "CC and SL inactive (OFF, in stan", 
		"1": "pedal recovery", 
		"2": "CC or SL active", 
		"3": "not used"
	}
	}, 
	"CruiseControlStatusDisplay": {
	"bitscount": 3, 
	"lists": {
		"0": "Cruise Control (CC) and Speed Li", 
		"1": "SL active", 
		"2": "(SL on and inactive) or suspende", 
		"3": "SL requested and in failure", 
		"4": "CC active", 
		"5": "(CC ON and inactive) or suspende", 
		"6": "CC requested and in failure", 
		"7": "vehicle not equipped with CC and"
	}
	}, 
	"EarlyGearShiftUp_84": {
	"bitscount": 1, 
	"lists": {
		"0": "no shift up request", 
		"1": "shift up request"
	}
	}, 
	"ELAMP": {
	"bitscount": 1, 
	"lists": {
		"0": "economy lamp off", 
		"1": "economy lamp on"
	}
	}, 
	"FullLoad": {
	"bitscount": 1, 
	"lists": {
		"0": "Full Load off", 
		"1": "Full Load on"
	}
	}, 
	"RequestedTorqueAfterProc_84": {
	"scaled": true, 
	"step": 0.5, 
	"offset": -25.0
	}, 
	"AlternatorMaximumPower": {
	"scaled": true, 
	"step": 40.0
	}, 
	"RequestedSpeed_84": {
	"scaled": true
	}, 
	"AT_Torque": {
	"scaled": true, 
	"step": 0.5
	}, 
	"ASRDynamicTorqueRequest_84": {
	"scaled": true, 
	"step": 0.5, 
	"offset": -25.0
	}, 
	"RequestedTransferedTorque": {
	"scaled": true, 
	"step": 3.0
	}, 
	"PART2_ECM_to_DTOOL": {
	"bytescount": 4, 
	"byte": true, 
	"bitscount": 32
	}, 
	"RawPedal": {
	"scaled": true
	}, 
	"PDCUTREQ": {
	"bitscount": 1, 
	"lists": {
		"0": "cut requested", 
		"1": "no cut requested"
	}
	}, 
	"ETS_Clock": {
	"scaled": true, 
	"bitscount": 4
	}, 
	"EBVinRegulation_84": {
	"bitscount": 1, 
	"lists": {
		"0": "no EBV regulation", 
		"1": "EBV in regulation"
	}
	}, 
	"ClutchOverheatingIncreasing_Warn": {
	"bitscount": 1, 
	"lists": {
		"0": "No warning", 
		"1": "Clutch overheating increasing wa"
	}
	}, 
	"ESPDeactivated_84": {
	"bitscount": 1, 
	"lists": {
		"0": "ESP available", 
		"1": "ESP disabled by the driver"
	}
	}, 
	"ABS_WarningRequest": {
	"bitscount": 2, 
	"lists": {
		"0": "reserved", 
		"1": "warning lamps off request", 
		"2": "warning lamps on request", 
		"3": "reserved_3"
	}
	}, 
	"MaximumInstantTorque": {
	"scaled": true, 
	"step": 0.5, 
	"offset": -25.0
	}, 
	"EngineControlFailureLevel1_84": {
	"bitscount": 1, 
	"lists": {
		"0": "no engine level 1 failure", 
		"1": "engine level 1 failure"
	}
	}, 
	"RequestedSpeedBlink_84": {
	"bitscount": 1, 
	"lists": {
		"0": "fix display", 
		"1": "flashing display"
	}
	}, 
	"EngineTorque_WithoutGBReq_84": {
	"scaled": true, 
	"step": 0.5, 
	"offset": -25.0
	}, 
	"WheelsLockingState": {
	"bitscount": 1, 
	"lists": {
		"0": " No wheels locking or ABS/ESP pr", 
		"1": "Wheels locking detected"
	}
	}, 
	"AT_TorqueRequestInProgress": {
	"bitscount": 1, 
	"lists": {
		"0": "no shift in progress", 
		"1": "shift in progress"
	}
	}, 
	"ABSinRegulation_84": {
	"bitscount": 1, 
	"lists": {
		"0": "ABS not in regulation", 
		"1": "ABS in regulation"
	}
	}, 
	"DragReduction_84": {
	"bitscount": 2, 
	"lists": {
		"0": "P/N (AT) or unclutched (RGB)", 
		"1": "declutched at rest (drag reducti", 
		"2": "fully clutched or full drag (RGB", 
		"3": "invalid"
	}
	}, 
	"GearShiftRefused_84": {
	"bitscount": 1, 
	"lists": {
		"0": "gear shift accepted", 
		"1": "gear shift refused"
	}
	}, 
	"EngineStatus_84__copy_": {
	"bitscount": 2, 
	"lists": {
		"0": "engine stopped", 
		"1": "engine stalled", 
		"2": "engine running", 
		"3": "engine cranking"
	}
	}, 
	"CrankingAuthorisation_ATviaECM": {
	"bitscount": 2, 
	"lists": {
		"0": "cranking not allowed", 
		"1": "cranking allowed", 
		"2": "Manual Gearbox", 
		"3": "unvalaible (AT frame missing)"
	}
	}, 
	"WarningWaterTemp_84": {
	"bitscount": 1, 
	"lists": {
		"0": "no water temperature warning", 
		"1": "water temperature warning"
	}
	}
}
}