{
"obd": {
	"baudrate": 10400, 
	"protocol": "CAN", 
	"recv_id": "7BA", 
	"funcname": "AVM", 
	"funcaddr": "61", 
	"send_id": "7B7"
}, 
"devices": [
	{
	"dtc": 43529, 
	"devicedata": {}, 
	"dtctype": 2, 
	"name": "Incomplete Configuration"
	}, 
	{
	"dtc": 43525, 
	"devicedata": {}, 
	"dtctype": 0, 
	"name": "Front Camera"
	}, 
	{
	"dtc": 43527, 
	"devicedata": {}, 
	"dtctype": 0, 
	"name": "Left Camera"
	}, 
	{
	"dtc": 43526, 
	"devicedata": {}, 
	"dtctype": 0, 
	"name": "Rear Camera"
	}, 
	{
	"dtc": 43524, 
	"devicedata": {}, 
	"dtctype": 0, 
	"name": "MVC Voltage"
	}, 
	{
	"dtc": 43521, 
	"devicedata": {}, 
	"dtctype": 0, 
	"name": "MVC Switch"
	}, 
	{
	"dtc": 43520, 
	"devicedata": {}, 
	"dtctype": 2, 
	"name": "Internal Failure"
	}, 
	{
	"dtc": 43528, 
	"devicedata": {}, 
	"dtctype": 0, 
	"name": "Right Camera"
	}, 
	{
	"dtc": 43522, 
	"devicedata": {}, 
	"dtctype": 0, 
	"name": "CAN Failure"
	}
], 
"ecuname": "MVC v1.4", 
"autoidents": [
	{
	"diagversion": "4", 
	"supplier": "SEM", 
	"version": "V.1.2.0.R406", 
	"soft": "SEMCO_MVC"
	}, 
	{
	"diagversion": "4", 
	"supplier": "SEM", 
	"version": "000000000001", 
	"soft": "100000000"
	}
], 
"endian": "Big", 
"requests": [
	{
	"name": "StartDiagnosticSession.Default", 
	"replybytes": "5001", 
	"deny_sds": [], 
	"manualsend": true, 
	"minbytes": 2, 
	"sentbytes": "1001"
	}, 
	{
	"name": "DataRead.vehicleManufacturerECUSoftwareNumber", 
	"replybytes": "62F188", 
	"deny_sds": [], 
	"receivebyte_dataitems": {
		"vehicleManufacturerECUSoftwareNumber": {
		"ref": true, 
		"firstbyte": 4
		}
	}, 
	"minbytes": 13, 
	"sentbytes": "22F188"
	}, 
	{
	"name": "OutputControl.MVCDisplay", 
	"replybytes": "6FA800", 
	"deny_sds": [], 
	"manualsend": true, 
	"receivebyte_dataitems": {
		"OutputControlIdentifier": {
		"firstbyte": 2
		}, 
		"OutputControlStatus": {
		"firstbyte": 4
		}
	}, 
	"sendbyte_dataitems": {
		"OutputControlCommand": {
		"firstbyte": 4
		}, 
		"OutputPermanentControlList": {
		"firstbyte": 2
		}, 
		"OutputControl.ViewState": {
		"firstbyte": 5
		}
	}, 
	"minbytes": 4, 
	"sentbytes": "2FA8000300"
	}, 
	{
	"name": "StartDiagnosticSession.Programming", 
	"replybytes": "5002", 
	"deny_sds": [], 
	"manualsend": true, 
	"minbytes": 2, 
	"sentbytes": "1002"
	}, 
	{
	"name": "DataWrite.Linger time", 
	"replybytes": "6E0105", 
	"deny_sds": [], 
	"manualsend": true, 
	"sendbyte_dataitems": {
		"Linger time": {
		"firstbyte": 4
		}
	}, 
	"minbytes": 3, 
	"sentbytes": "2E010500"
	}, 
	{
	"name": "OutputControl", 
	"replybytes": "6F000000", 
	"deny_sds": [], 
	"manualsend": true, 
	"receivebyte_dataitems": {
		"OutputControlIdentifier": {
		"firstbyte": 2
		}, 
		"OutputControlStatus": {
		"firstbyte": 4
		}
	}, 
	"sendbyte_dataitems": {
		"OutputControlCommand": {
		"firstbyte": 4
		}, 
		"OutputPermanentControlList": {
		"firstbyte": 2
		}
	}, 
	"minbytes": 4, 
	"sentbytes": "2F0000000000"
	}, 
	{
	"name": "DataRead.ECU supply voltage", 
	"replybytes": "620107", 
	"deny_sds": [], 
	"receivebyte_dataitems": {
		"ECU supply voltage": {
		"ref": true, 
		"firstbyte": 4
		}
	}, 
	"minbytes": 4, 
	"sentbytes": "220107"
	}, 
	{
	"name": "DataWrite.Temporization time", 
	"replybytes": "6E0104", 
	"deny_sds": [], 
	"manualsend": true, 
	"sendbyte_dataitems": {
		"Temporization time": {
		"firstbyte": 4
		}
	}, 
	"minbytes": 3, 
	"sentbytes": "2E010400"
	}, 
	{
	"name": "ReadDTCInformation.ReportNumberOfDTCByStatusMask", 
	"replybytes": "5901FF000000", 
	"deny_sds": [], 
	"receivebyte_dataitems": {
		"DTCCount": {
		"firstbyte": 5
		}, 
		"DTCFormatIdentifier": {
		"firstbyte": 4
		}, 
		"DTCStatusAvailabilityMask": {
		"firstbyte": 3
		}
	}, 
	"minbytes": 6, 
	"sentbytes": "1901FF"
	}, 
	{
	"name": "StartDiagnosticSession", 
	"replybytes": "5003", 
	"deny_sds": [], 
	"manualsend": true, 
	"sendbyte_dataitems": {
		"SessionName": {
		"firstbyte": 2
		}
	}, 
	"minbytes": 2, 
	"sentbytes": "1003"
	}, 
	{
	"name": "DataRead.Vehicle Speed", 
	"replybytes": "620100", 
	"deny_sds": [], 
	"receivebyte_dataitems": {
		"Vehicle Speed": {
		"ref": true, 
		"firstbyte": 4
		}
	}, 
	"minbytes": 5, 
	"sentbytes": "220100"
	}, 
	{
	"name": "EcuReset.HardReset", 
	"replybytes": "5101", 
	"deny_sds": [], 
	"manualsend": true, 
	"minbytes": 2, 
	"sentbytes": "1101"
	}, 
	{
	"name": "ReadDTCInformation.ReportDTCSnapshotIdentification", 
	"replybytes": "590300000001", 
	"deny_sds": [], 
	"sendbyte_dataitems": {
		"DTCMaskRecord": {
		"firstbyte": 3
		}
	}, 
	"minbytes": 6, 
	"sentbytes": "1903000000FF"
	}, 
	{
	"name": "DataRead.systemSupplierIdentifier", 
	"replybytes": "62F18A", 
	"deny_sds": [], 
	"receivebyte_dataitems": {
		"systemSupplierIdentifier": {
		"ref": true, 
		"firstbyte": 4
		}
	}, 
	"minbytes": 6, 
	"sentbytes": "22F18A"
	}, 
	{
	"name": "OutputControl.MVCActivation", 
	"replybytes": "6FA801", 
	"deny_sds": [], 
	"manualsend": true, 
	"receivebyte_dataitems": {
		"OutputControlIdentifier": {
		"firstbyte": 2
		}, 
		"OutputControlStatus": {
		"firstbyte": 4
		}
	}, 
	"sendbyte_dataitems": {
		"OutputControlCommand": {
		"firstbyte": 4
		}, 
		"OutputControl.ActivationState": {
		"firstbyte": 5
		}, 
		"OutputPermanentControlList": {
		"firstbyte": 2
		}
	}, 
	"minbytes": 4, 
	"sentbytes": "2FA8010300"
	}, 
	{
	"name": "OutputControl.Start.IO_MVC View State", 
	"replybytes": "6FA801", 
	"deny_sds": [], 
	"manualsend": true, 
	"receivebyte_dataitems": {
		"OutputControlIdentifier": {
		"firstbyte": 2
		}, 
		"OutputControlStatus": {
		"firstbyte": 4
		}
	}, 
	"sendbyte_dataitems": {
		"OutputControl.ViewState": {
		"firstbyte": 5
		}
	}, 
	"minbytes": 4, 
	"sentbytes": "2FA8000300"
	}, 
	{
	"name": "StartDiagnosticSession.ExtendedDiagnostic", 
	"replybytes": "5003", 
	"deny_sds": [], 
	"manualsend": true, 
	"minbytes": 2, 
	"sentbytes": "1003"
	}, 
	{
	"name": "DataRead.VIN", 
	"replybytes": "62F190", 
	"deny_sds": [], 
	"receivebyte_dataitems": {
		"VIN": {
		"ref": true, 
		"firstbyte": 4
		}
	}, 
	"minbytes": 20, 
	"sentbytes": "22F190"
	}, 
	{
	"name": "OutputControl.MVCDisplay.RearView", 
	"replybytes": "6FA801", 
	"deny_sds": [], 
	"manualsend": true, 
	"receivebyte_dataitems": {
		"OutputControlIdentifier": {
		"firstbyte": 2
		}, 
		"OutputControlStatus": {
		"firstbyte": 4
		}
	}, 
	"minbytes": 4, 
	"sentbytes": "2FA8000302"
	}, 
	{
	"name": "DataWrite.Deactivation speed", 
	"replybytes": "6E0103", 
	"deny_sds": [], 
	"manualsend": true, 
	"sendbyte_dataitems": {
		"Deactivation speed": {
		"firstbyte": 4
		}
	}, 
	"minbytes": 3, 
	"sentbytes": "2E010300"
	}, 
	{
	"name": "OutputControl.MVCDisplay.LeftView", 
	"replybytes": "6FA801", 
	"deny_sds": [], 
	"manualsend": true, 
	"receivebyte_dataitems": {
		"OutputControlIdentifier": {
		"firstbyte": 2
		}, 
		"OutputControlStatus": {
		"firstbyte": 4
		}
	}, 
	"minbytes": 4, 
	"sentbytes": "2FA8000303"
	}, 
	{
	"name": "DataRead.vehicleManufacturerSparePartNumber", 
	"replybytes": "62F187", 
	"deny_sds": [], 
	"receivebyte_dataitems": {
		"vehicleManufacturerSparePartNumber": {
		"ref": true, 
		"firstbyte": 4
		}
	}, 
	"minbytes": 13, 
	"sentbytes": "22F187"
	}, 
	{
	"name": "ReadDTCInformation.ReportSnapshot", 
	"replybytes": "590400000000", 
	"deny_sds": [], 
	"receivebyte_dataitems": {
		"DTCRecord": {
		"firstbyte": 3
		}, 
		"StatusOfDTC": {
		"firstbyte": 6
		}
	}, 
	"sendbyte_dataitems": {
		"DTCMaskRecord": {
		"firstbyte": 3
		}
	}, 
	"minbytes": 6, 
	"sentbytes": "1904000000FF"
	}, 
	{
	"name": "DataRead.System state", 
	"replybytes": "620109", 
	"deny_sds": [], 
	"receivebyte_dataitems": {
		"System state": {
		"ref": true, 
		"firstbyte": 4
		}
	}, 
	"minbytes": 4, 
	"sentbytes": "220109"
	}, 
	{
	"name": "DataWrite.Transmission Type", 
	"replybytes": "6E0101", 
	"deny_sds": [], 
	"manualsend": true, 
	"sendbyte_dataitems": {
		"Transmission Type": {
		"firstbyte": 4
		}
	}, 
	"minbytes": 3, 
	"sentbytes": "2E010100"
	}, 
	{
	"name": "DataRead.Navigation type", 
	"replybytes": "620114", 
	"deny_sds": [], 
	"receivebyte_dataitems": {
		"Navigation type": {
		"ref": true, 
		"firstbyte": 4
		}
	}, 
	"minbytes": 4, 
	"sentbytes": "220114"
	}, 
	{
	"name": "ClearDiagnosticInformation.All", 
	"deny_sds": [], 
	"minbytes": 1, 
	"sentbytes": "14FFFFFF", 
	"replybytes": "54"
	}, 
	{
	"name": "DataRead.systemSupplierECUSoftwareNumber", 
	"replybytes": "62F194", 
	"deny_sds": [], 
	"receivebyte_dataitems": {
		"systemSupplierECUSoftwareNumber": {
		"ref": true, 
		"firstbyte": 4
		}
	}, 
	"minbytes": 12, 
	"sentbytes": "22F194"
	}, 
	{
	"name": "DataRead.System Manual state", 
	"replybytes": "620110", 
	"deny_sds": [], 
	"receivebyte_dataitems": {
		"System Manual state": {
		"ref": true, 
		"firstbyte": 4
		}
	}, 
	"minbytes": 4, 
	"sentbytes": "220110"
	}, 
	{
	"name": "DataWrite.VIN", 
	"replybytes": "6EF190", 
	"deny_sds": [], 
	"manualsend": true, 
	"sendbyte_dataitems": {
		"VIN": {
		"firstbyte": 4
		}
	}, 
	"minbytes": 3, 
	"sentbytes": "2EF1900000000000000000000000000000000000"
	}, 
	{
	"name": "OutputControl.stop", 
	"replybytes": "6F000000", 
	"deny_sds": [], 
	"manualsend": true, 
	"receivebyte_dataitems": {
		"OutputControlIdentifier": {
		"firstbyte": 2
		}, 
		"OutputControlStatus": {
		"firstbyte": 4
		}
	}, 
	"sendbyte_dataitems": {
		"OutputControlCommand": {
		"firstbyte": 4
		}, 
		"OutputPermanentControlList": {
		"firstbyte": 2
		}
	}, 
	"minbytes": 4, 
	"sentbytes": "2F00000000"
	}, 
	{
	"name": "OutputControl.MVCDisplay.RightView", 
	"replybytes": "6FA801", 
	"deny_sds": [], 
	"manualsend": true, 
	"receivebyte_dataitems": {
		"OutputControlIdentifier": {
		"firstbyte": 2
		}, 
		"OutputControlStatus": {
		"firstbyte": 4
		}
	}, 
	"minbytes": 4, 
	"sentbytes": "2FA8000304"
	}, 
	{
	"name": "DataRead.Gear engage info", 
	"replybytes": "620102", 
	"deny_sds": [], 
	"receivebyte_dataitems": {
		"Gear engage info": {
		"ref": true, 
		"firstbyte": 4
		}
	}, 
	"minbytes": 4, 
	"sentbytes": "220102"
	}, 
	{
	"name": "DataRead.ECUSerialNumber", 
	"replybytes": "62F18C", 
	"deny_sds": [], 
	"receivebyte_dataitems": {
		"ECUSerialNumber": {
		"ref": true, 
		"firstbyte": 4
		}
	}, 
	"minbytes": 23, 
	"sentbytes": "22F18C"
	}, 
	{
	"name": "DataRead.Deactivation speed", 
	"replybytes": "620103", 
	"deny_sds": [], 
	"receivebyte_dataitems": {
		"Deactivation speed": {
		"ref": true, 
		"firstbyte": 4
		}
	}, 
	"minbytes": 4, 
	"sentbytes": "220103"
	}, 
	{
	"name": "OutputControl.MVCActivation.Toggle", 
	"replybytes": "6FA800", 
	"deny_sds": [], 
	"manualsend": true, 
	"receivebyte_dataitems": {
		"OutputControlIdentifier": {
		"firstbyte": 2
		}, 
		"OutputControlStatus": {
		"firstbyte": 4
		}
	}, 
	"minbytes": 4, 
	"sentbytes": "2FA8010301"
	}, 
	{
	"name": "OutputControl.MVCDisplay.FrontView", 
	"replybytes": "6FA801", 
	"deny_sds": [], 
	"manualsend": true, 
	"receivebyte_dataitems": {
		"OutputControlIdentifier": {
		"firstbyte": 2
		}, 
		"OutputControlStatus": {
		"firstbyte": 4
		}
	}, 
	"minbytes": 4, 
	"sentbytes": "2FA8000301"
	}, 
	{
	"name": "OutputControl.Start.IO_MVC Activation State", 
	"replybytes": "6FA800", 
	"deny_sds": [], 
	"manualsend": true, 
	"receivebyte_dataitems": {
		"OutputControlIdentifier": {
		"firstbyte": 2
		}, 
		"OutputControlStatus": {
		"firstbyte": 4
		}
	}, 
	"sendbyte_dataitems": {
		"OutputControl.ActivationState": {
		"firstbyte": 5
		}
	}, 
	"minbytes": 4, 
	"sentbytes": "2FA8010300"
	}, 
	{
	"name": "EcuReset.SoftReset", 
	"replybytes": "5102", 
	"deny_sds": [], 
	"manualsend": true, 
	"minbytes": 2, 
	"sentbytes": "1102"
	}, 
	{
	"name": "ReadDTCInformation.ReportSupportedDTC", 
	"replybytes": "590AFF00000000", 
	"deny_sds": [], 
	"receivebyte_dataitems": {
		"DTCFailureType": {
		"firstbyte": 6
		}, 
		"StatusOfDTC": {
		"firstbyte": 7
		}, 
		"DTCStatusAvailabilityMask": {
		"firstbyte": 3
		}, 
		"DTCDeviceIdentifier": {
		"firstbyte": 4
		}
	}, 
	"minbytes": 3, 
	"sentbytes": "190A", 
	"shiftbytescount": 4
	}, 
	{
	"name": "DataRead.systemSupplierECUSoftwareVersionNumber", 
	"replybytes": "62F195", 
	"deny_sds": [], 
	"receivebyte_dataitems": {
		"systemSupplierECUSoftwareVersionNumber": {
		"ref": true, 
		"firstbyte": 4
		}
	}, 
	"minbytes": 15, 
	"sentbytes": "22F195"
	}, 
	{
	"name": "ReadDTCInformation.ReportDTC", 
	"replybytes": "59020000000000", 
	"deny_sds": [], 
	"receivebyte_dataitems": {
		"DTCStatus.testFailedSinceLastClear": {
		"bitoffset": 2, 
		"firstbyte": 7
		}, 
		"DTCStatus.pendingDTC": {
		"bitoffset": 5, 
		"firstbyte": 7
		}, 
		"DTCStatus.confirmedDTC": {
		"bitoffset": 4, 
		"firstbyte": 7
		}, 
		"DTCDeviceAndFailureTypeOBD": {
		"firstbyte": 4
		}, 
		"DTCFailureType.ManufacturerOrSupplier": {
		"bitoffset": 4, 
		"firstbyte": 6
		}, 
		"DTCFailureType.Category": {
		"firstbyte": 6
		}, 
		"DTCFailureType": {
		"firstbyte": 6
		}, 
		"DTCStatus.testNotCompletedSinceLastClear": {
		"bitoffset": 3, 
		"firstbyte": 7
		}, 
		"DTCStatus.testNotCompletedThisMonitoringCycle": {
		"bitoffset": 1, 
		"firstbyte": 7
		}, 
		"DTCStatusAvailabilityMask": {
		"firstbyte": 3
		}, 
		"DTCStatus.warningIndicatorRequested": {
		"firstbyte": 7
		}, 
		"StatusOfDTC": {
		"firstbyte": 7
		}, 
		"DTCStatus.testFailedThisMonitoringCycle": {
		"bitoffset": 6, 
		"firstbyte": 7
		}, 
		"DTCStatus.testFailed": {
		"bitoffset": 7, 
		"firstbyte": 7
		}, 
		"DTCDeviceIdentifier": {
		"firstbyte": 4
		}
	}, 
	"minbytes": 3, 
	"sentbytes": "1902FF", 
	"shiftbytescount": 4
	}, 
	{
	"name": "DataRead.Camera supply voltage", 
	"replybytes": "620108", 
	"deny_sds": [], 
	"receivebyte_dataitems": {
		"Camera supply voltage": {
		"ref": true, 
		"firstbyte": 4
		}
	}, 
	"minbytes": 4, 
	"sentbytes": "220108"
	}, 
	{
	"name": "DataRead.diagnosticVersion", 
	"replybytes": "62F1A0", 
	"deny_sds": [], 
	"receivebyte_dataitems": {
		"diagnosticVersion": {
		"ref": true, 
		"firstbyte": 4
		}
	}, 
	"minbytes": 4, 
	"sentbytes": "22F1A0"
	}, 
	{
	"name": "DataWrite.Navigation type", 
	"replybytes": "6E0114", 
	"deny_sds": [], 
	"manualsend": true, 
	"sendbyte_dataitems": {
		"Navigation type": {
		"firstbyte": 4
		}
	}, 
	"minbytes": 3, 
	"sentbytes": "2E011400"
	}, 
	{
	"name": "DataRead.MVC view state", 
	"replybytes": "620111", 
	"deny_sds": [], 
	"receivebyte_dataitems": {
		"MVC view state": {
		"ref": true, 
		"firstbyte": 4
		}
	}, 
	"minbytes": 4, 
	"sentbytes": "220111"
	}, 
	{
	"name": "DataRead.Gear ignore time", 
	"replybytes": "620106", 
	"deny_sds": [], 
	"receivebyte_dataitems": {
		"Gear ignore time": {
		"ref": true, 
		"firstbyte": 4
		}
	}, 
	"minbytes": 4, 
	"sentbytes": "220106"
	}, 
	{
	"name": "DataRead.vehicleManufacturerECUHardwareNumber", 
	"replybytes": "62F191", 
	"deny_sds": [], 
	"receivebyte_dataitems": {
		"vehicleManufacturerECUHardwareNumber": {
		"ref": true, 
		"firstbyte": 4
		}
	}, 
	"minbytes": 13, 
	"sentbytes": "22F191"
	}, 
	{
	"name": "TesterPresent.WithResponse", 
	"deny_sds": [], 
	"minbytes": 1, 
	"sentbytes": "3E00", 
	"replybytes": "7E"
	}, 
	{
	"name": "DataRead.Linger time", 
	"replybytes": "620105", 
	"deny_sds": [], 
	"receivebyte_dataitems": {
		"Linger time": {
		"ref": true, 
		"firstbyte": 4
		}
	}, 
	"minbytes": 4, 
	"sentbytes": "220105"
	}, 
	{
	"name": "DataRead.switch ignore time", 
	"replybytes": "620112", 
	"deny_sds": [], 
	"receivebyte_dataitems": {
		"switch ignore time": {
		"ref": true, 
		"firstbyte": 4
		}
	}, 
	"minbytes": 4, 
	"sentbytes": "220112"
	}, 
	{
	"name": "DataWrite.switch ignore time", 
	"replybytes": "6E0112", 
	"deny_sds": [], 
	"manualsend": true, 
	"sendbyte_dataitems": {
		"switch ignore time": {
		"firstbyte": 4
		}
	}, 
	"minbytes": 3, 
	"sentbytes": "2E011200"
	}, 
	{
	"name": "DataWrite.Gear ignore time", 
	"replybytes": "6E0106", 
	"deny_sds": [], 
	"manualsend": true, 
	"sendbyte_dataitems": {
		"Gear ignore time": {
		"firstbyte": 4
		}
	}, 
	"minbytes": 3, 
	"sentbytes": "2E010600"
	}, 
	{
	"name": "DataRead.Transmission Type", 
	"replybytes": "620101", 
	"deny_sds": [], 
	"receivebyte_dataitems": {
		"Transmission Type": {
		"ref": true, 
		"firstbyte": 4
		}
	}, 
	"minbytes": 4, 
	"sentbytes": "220101"
	}, 
	{
	"name": "DataRead.Temporization time", 
	"replybytes": "620104", 
	"deny_sds": [], 
	"receivebyte_dataitems": {
		"Temporization time": {
		"ref": true, 
		"firstbyte": 4
		}
	}, 
	"minbytes": 4, 
	"sentbytes": "220104"
	}
], 
"data": {
	"VIN": {
	"bytesascii": true, 
	"bytescount": 17, 
	"byte": true, 
	"bitscount": 136, 
	"comment": "Vehicle Identification Number"
	}, 
	"vehicleManufacturerECUHardwareNumber": {
	"bytesascii": true, 
	"bytescount": 10, 
	"byte": true, 
	"bitscount": 80, 
	"comment": "Hardware Number"
	}, 
	"OutputControlCommand": {
	"lists": {
		"0": "ReturnControlToECU", 
		"1": "ResetToDefault", 
		"2": "FreezeCurrentState", 
		"3": "ShortTermAdjustment"
	}
	}, 
	"System state": {
	"comment": "MVC system state", 
	"lists": {
		"0": "MVC OFF(Initial)", 
		"1": "Deactivation by Speed", 
		"2": "Deactivation by Button", 
		"3": "Activation by Reverse gear", 
		"4": "Activation by Button", 
		"5": "Not working"
	}
	}, 
	"DTCFailureType": {
	"lists": {
		"0": "Device and failure type ODB codding", 
		"1": "General Electrical Failure", 
		"2": "General signal failure", 
		"3": "FM / PWM (Pulse Width Modulated) Failures", 
		"4": "System Internal Failures", 
		"5": "System Programming Failures", 
		"6": "Algorithm Based Failures", 
		"7": "Mechanical Failures", 
		"8": "Bus Signal / Message Failures", 
		"9": "Component Failures", 
		"17": "circuit short to ground", 
		"18": "circuit short to battery", 
		"19": "circuit open", 
		"20": "circuit short to ground or open", 
		"21": "circuit short to battery or open", 
		"22": "circuit voltage below threshold", 
		"23": "circuit voltage above threshold", 
		"24": "circuit current below threshold", 
		"25": "circuit current above threshold", 
		"26": "circuit resistance below threshold", 
		"27": "circuit resistance above threshold", 
		"28": "circuit voltage out of range", 
		"29": "circuit current out of range", 
		"30": "circuit resistance out of range", 
		"31": "circuit intermittent", 
		"33": "signal amplitude < minimum", 
		"34": "signal amplitude > maximum", 
		"35": "signal stuck low", 
		"36": "signal stuck high", 
		"37": "signal shape / waveform failure", 
		"38": "signal rate of change below threshold", 
		"39": "signal rate of change above threshold", 
		"40": "signal bias level out of range / zero adj. failure", 
		"41": "signal signal invalid", 
		"47": "signal erratic", 
		"49": "no signal", 
		"50": "signal low time < minimum", 
		"51": "signal low time > maximum", 
		"52": "signal high time < minimum", 
		"53": "signal high time > maximum", 
		"54": "signal frequency too low", 
		"55": "signal frequency too high", 
		"56": "signal frequency incorrect", 
		"57": "incorrect has too few pulses", 
		"58": "incorrect has too many pulses", 
		"65": "general checksum failure", 
		"66": "general memory failure", 
		"67": "special memory failure", 
		"68": "data memory failure", 
		"69": "program memory failure", 
		"70": "calibration / parameter memory failure", 
		"71": "watchdog / safety \u03bcC failure", 
		"72": "supervision software failure", 
		"73": "internal electronic failure", 
		"74": "incorrect component installed", 
		"75": "over temperature", 
		"81": "not programmed", 
		"82": "not activated", 
		"83": "deactivated", 
		"84": "missing calibration", 
		"85": "not configured", 
		"97": "signal calculation failure", 
		"98": "signal compare failure", 
		"99": "circuit / component protection time-out", 
		"100": "signal plausibility failure", 
		"101": "signal has too few transitions / events", 
		"102": "signal has too many transitions / events", 
		"103": "signal incorrect after event", 
		"104": "event information", 
		"113": "actuator stuck", 
		"114": "actuator stuck open", 
		"115": "actuator stuck closed", 
		"116": "actuator slipping", 
		"117": "emergency position not reachable", 
		"118": "wrong mounting position", 
		"119": "commanded position not reachable", 
		"120": "alignment or adjustment incorrect", 
		"121": "mechanical linkage failure", 
		"122": "fluid leak or seal failure", 
		"123": "low fluid level", 
		"129": "invalid serial data received", 
		"130": "alive / sequence counter incorrect / not updated", 
		"131": "value of signal protection calculation incorrect", 
		"132": "signal below allowable range", 
		"133": "signal above allowable range", 
		"134": "signal invalid", 
		"135": "missing message", 
		"136": "bus off", 
		"143": "erratic", 
		"145": "parametric", 
		"146": "performance or incorrect operation", 
		"147": "no operation", 
		"148": "unexpected operation", 
		"149": "incorrect assembly", 
		"150": "component internal failure", 
		"151": "Component or sys. operation obstructed or blocked", 
		"152": "component or system over temperature"
	}
	}, 
	"MVC view state": {
	"comment": "current veiw status", 
	"lists": {
		"0": "No display", 
		"1": "Front view", 
		"2": "Rear view", 
		"3": "Left view", 
		"4": "Right view"
	}
	}, 
	"System Manual state": {
	"comment": "MVC manual request state (MM touch request by customer)", 
	"lists": {
		"0": "No manual request", 
		"1": "manual request"
	}
	}, 
	"SessionName": {
	"comment": "Diagnostic session values. See documentation for more information.", 
	"lists": {
		"1": "DefaultSession", 
		"2": "ProgrammingSession", 
		"3": "ExtendedDiagnosticSession"
	}
	}, 
	"DTCStatus.warningIndicatorRequested": {
	"bitscount": 1, 
	"lists": {
		"0": "No", 
		"1": "Yes"
	}
	}, 
	"StatusOfDTC": {
	"scaled": true
	}, 
	"DTCStatus.pendingDTC": {
	"bitscount": 1, 
	"lists": {
		"0": "No", 
		"1": "Yes"
	}
	}, 
	"switch ignore time": {
	"scaled": true, 
	"divideby": 100.0, 
	"comment": "switch input ignore time (Value between 0 to 1 with 0.01s resolution)"
	}, 
	"Vehicle Speed": {
	"comment": "vehicle speed read on the CAN (Value between 0 and 655.35 with 0.01 resolution)", 
	"divideby": 100.0, 
	"bitscount": 16, 
	"scaled": true, 
	"bytescount": 2, 
	"unit": "km/h"
	}, 
	"ECU supply voltage": {
	"scaled": true, 
	"divideby": 10.0, 
	"comment": "ECU supply voltage (Value between 0 to 25.5 with 0.1v resolution)", 
	"unit": "V"
	}, 
	"DTCDeviceAndFailureTypeOBD": {
	"bytescount": 2, 
	"bitscount": 16
	}, 
	"diagnosticVersion": {
	"comment": "VDIAG", 
	"byte": true
	}, 
	"Linger time": {
	"scaled": true, 
	"divideby": 10.0, 
	"comment": "Linger time for N (Value betwee 0 to 10 with 0.1 resolution)", 
	"unit": "s"
	}, 
	"ECUSerialNumber": {
	"bytesascii": true, 
	"bytescount": 20, 
	"byte": true, 
	"bitscount": 160, 
	"comment": "ECU serial number"
	}, 
	"systemSupplierECUSoftwareVersionNumber": {
	"bytesascii": true, 
	"bytescount": 12, 
	"byte": true, 
	"bitscount": 96, 
	"comment": "Software Version (Supplier)"
	}, 
	"systemSupplierECUSoftwareNumber": {
	"bytesascii": true, 
	"bytescount": 9, 
	"byte": true, 
	"bitscount": 72, 
	"comment": "Software Number (Supplier)"
	}, 
	"vehicleManufacturerECUSoftwareNumber": {
	"bytesascii": true, 
	"bytescount": 10, 
	"byte": true, 
	"bitscount": 80
	}, 
	"DTCStatusAvailabilityMask": {
	"scaled": true
	}, 
	"DTCFormatIdentifier": {
	"comment": "DTC format - Renault/Nissan use value 0 (3 bytes DTC)", 
	"lists": {
		"0": "SAE_J2012-DA_DTC", 
		"1": "ISO_14229-1_DTC", 
		"2": "SAE_J1939-73_DTC", 
		"3": "ISO_11992-4_DTC", 
		"4": "SAE_J2012-DA_WWHOBD_DTC"
	}
	}, 
	"Navigation type": {
	"comment": "Navigation type (ULC/A-IVI)", 
	"lists": {
		"0": "ULC", 
		"1": "A-IVI", 
		"255": "Not available"
	}
	}, 
	"Deactivation speed": {
	"scaled": true, 
	"comment": "MVC deactivation threshold speed (Value between 0 and 50 with 1km/h resolution)", 
	"unit": "km/h"
	}, 
	"Transmission Type": {
	"comment": "Manual/Automatic", 
	"lists": {
		"0": "Manual", 
		"1": "Auto", 
		"255": "Not available"
	}
	}, 
	"DTCStatus.confirmedDTC": {
	"bitscount": 1, 
	"lists": {
		"0": "No", 
		"1": "Yes"
	}
	}, 
	"DTCRecord": {
	"bytescount": 3, 
	"byte": true, 
	"bitscount": 24
	}, 
	"DTCFailureType.ManufacturerOrSupplier": {
	"bitscount": 4
	}, 
	"Gear engage info": {
	"comment": "Current engaged gear info read on the CAN", 
	"lists": {
		"0": "Drive", 
		"1": "Reverse", 
		"2": "Neutral/Parking"
	}
	}, 
	"DTCCount": {
	"scaled": true, 
	"bytescount": 2, 
	"comment": "DTC count", 
	"bitscount": 16, 
	"signed": true
	}, 
	"DTCStatus.testNotCompletedThisMonitoringCycle": {
	"bitscount": 1, 
	"lists": {
		"0": "No", 
		"1": "Yes"
	}
	}, 
	"systemSupplierIdentifier": {
	"bytesascii": true, 
	"bytescount": 3, 
	"byte": true, 
	"bitscount": 24, 
	"comment": "Name and address information of the supplier."
	}, 
	"Gear ignore time": {
	"scaled": true, 
	"divideby": 10.0, 
	"comment": "Gear change ignore time (N, R) (Value betwee 0 to 3 with 0.1 resolution)", 
	"unit": "s"
	}, 
	"DTCStatus.testFailedThisMonitoringCycle": {
	"bitscount": 1, 
	"lists": {
		"0": "No", 
		"1": "Yes"
	}
	}, 
	"DTCDeviceIdentifier": {
	"bytescount": 2, 
	"bitscount": 16, 
	"lists": {
		"43520": "Internal Failure", 
		"43521": "MVC Switch", 
		"43522": "CAN Failure", 
		"43524": "MVC Voltage", 
		"43525": "Front Camera", 
		"43526": "Rear Camera", 
		"43527": "Left Camera", 
		"43528": "Right Camera", 
		"43529": "Incomplete Configuration"
	}
	}, 
	"DTCFailureType.Category": {
	"bitscount": 4, 
	"lists": {
		"0": "General Failure Information", 
		"1": "General Electrical Failures", 
		"2": "General Signal Failures", 
		"3": "FM / PWM (Pulse Width Modulated) Failures", 
		"4": "System Internal Failures", 
		"5": "System Programming Failures", 
		"6": "Algorithm Based Failures", 
		"7": "Mechanical Failures", 
		"8": "Bus Signal / Message Failures", 
		"9": "Component Failures", 
		"15": "Vehicle manufacturer / System supplier specific"
	}
	}, 
	"DTCStatus.testFailedSinceLastClear": {
	"bitscount": 1, 
	"lists": {
		"0": "No", 
		"1": "Yes"
	}
	}, 
	"vehicleManufacturerSparePartNumber": {
	"bytesascii": true, 
	"bytescount": 10, 
	"byte": true, 
	"bitscount": 80, 
	"comment": "Ordered Part Number - This value shall contain the number of the part ordered by OEM"
	}, 
	"Temporization time": {
	"scaled": true, 
	"divideby": 10.0, 
	"comment": "Veiw off delay time (Value betwee 0 to 5 with 0.1 resolution)", 
	"unit": "s"
	}, 
	"OutputControlStatus": {
	"lists": {
		"0": "ReturnToECU (Stop)", 
		"3": "ShortTermAdjustment (Start)"
	}
	}, 
	"OutputControl.ActivationState": {
	"lists": {
		"0": "Deactivation (OFF)", 
		"1": "Activation (ON)"
	}
	}, 
	"OutputControlIdentifier": {
	"bytescount": 2, 
	"bitscount": 16, 
	"lists": {
		"265": "IO_MVC System State", 
		"273": "IO_MVC View State"
	}
	}, 
	"DTCMaskRecord": {
	"bytescount": 3, 
	"byte": true, 
	"bitscount": 24
	}, 
	"DTCStatus.testNotCompletedSinceLastClear": {
	"bitscount": 1, 
	"lists": {
		"0": "No", 
		"1": "Yes"
	}
	}, 
	"Camera supply voltage": {
	"scaled": true, 
	"divideby": 10.0, 
	"comment": "Camera supply voltage (Value between 0 to 25.5 with 0.1v resolution)", 
	"unit": "V"
	}, 
	"OutputControl.ViewState": {
	"lists": {
		"0": "No view", 
		"1": "Front View", 
		"2": "Rear View", 
		"3": "Left View", 
		"4": "Right View"
	}
	}, 
	"OutputPermanentControlList": {
	"bytescount": 2, 
	"bitscount": 16, 
	"lists": {
		"43008": "IO_MVC View State", 
		"43009": "IO_MVC Activation State"
	}
	}, 
	"DTCStatus.testFailed": {
	"bitscount": 1, 
	"lists": {
		"0": "No", 
		"1": "Yes"
	}
	}
}
}