{
"obd": {
	"baudrate": 500000, 
	"protocol": "CAN", 
	"recv_id": "765", 
	"funcname": "BCM", 
	"funcaddr": "26", 
	"send_id": "745"
}, 
"devices": [], 
"ecuname": "UCH T4 CAN", 
"autoidents": [], 
"endian": "Big", 
"requests": [
	{
	"name": "DataRead.History.Reprog.N-6", 
	"replybytes": "61F3", 
	"deny_sds": [
		"nosds"
	], 
	"receivebyte_dataitems": {
		"ProgrammingSiteReference_6": {
		"firstbyte": 8
		}, 
		"NumberOfReprogrammings_6": {
		"firstbyte": 18
		}, 
		"ApprovalNumber.LowerPart_6": {
		"firstbyte": 3
		}, 
		"ProgrammingToolReference_6": {
		"firstbyte": 13
		}, 
		"SaveMarking_6": {
		"firstbyte": 24
		}, 
		"TimeOfReprogramming_6": {
		"firstbyte": 22
		}, 
		"DateOfReprogramming_6": {
		"firstbyte": 19
		}, 
		"CrcOfLogSave_6": {
		"firstbyte": 25
		}
	}, 
	"minbytes": 26, 
	"sentbytes": "21F3"
	}, 
	{
	"name": "DataRead.History.Reprog.N-5", 
	"replybytes": "61F5", 
	"deny_sds": [
		"nosds"
	], 
	"receivebyte_dataitems": {
		"ProgrammingSiteReference_5": {
		"firstbyte": 8
		}, 
		"ApprovalNumber.LowerPart_5": {
		"firstbyte": 3
		}, 
		"ProgrammingToolReference_5": {
		"firstbyte": 13
		}, 
		"NumberOfReprogrammings_5": {
		"firstbyte": 18
		}, 
		"TimeOfReprogramming_5": {
		"firstbyte": 22
		}, 
		"CrcOfLogSave_5": {
		"firstbyte": 25
		}, 
		"DateOfReprogramming_5": {
		"firstbyte": 19
		}, 
		"SaveMarking_5": {
		"firstbyte": 24
		}
	}, 
	"minbytes": 26, 
	"sentbytes": "21F5"
	}, 
	{
	"name": "DataRead.History.Reprog.N-4", 
	"replybytes": "61F7", 
	"deny_sds": [
		"nosds"
	], 
	"receivebyte_dataitems": {
		"ProgrammingSiteReference_4": {
		"firstbyte": 8
		}, 
		"ApprovalNumber.LowerPart_4": {
		"firstbyte": 3
		}, 
		"ProgrammingToolReference_4": {
		"firstbyte": 13
		}, 
		"NumberOfReprogrammings_4": {
		"firstbyte": 18
		}, 
		"SaveMarking_4": {
		"firstbyte": 24
		}, 
		"TimeOfReprogramming_4": {
		"firstbyte": 22
		}, 
		"CrcOfLogSave_4": {
		"firstbyte": 25
		}, 
		"DateOfReprogramming_4": {
		"firstbyte": 19
		}
	}, 
	"minbytes": 26, 
	"sentbytes": "21F7"
	}, 
	{
	"name": "TesterPresent.withresponse", 
	"deny_sds": [
		"nosds", 
		"engineering", 
		"supplier"
	], 
	"minbytes": 1, 
	"sentbytes": "3E01", 
	"replybytes": "7E"
	}, 
	{
	"name": "DataRead.History.Reprog.N-2", 
	"replybytes": "61FB", 
	"deny_sds": [
		"nosds"
	], 
	"receivebyte_dataitems": {
		"ProgrammingSiteReference_2": {
		"firstbyte": 8
		}, 
		"ProgrammingToolReference_2": {
		"firstbyte": 13
		}, 
		"ApprovalNumber.LowerPart_2": {
		"firstbyte": 3
		}, 
		"SaveMarking_2": {
		"firstbyte": 24
		}, 
		"DateOfReprogramming_2": {
		"firstbyte": 19
		}, 
		"NumberOfReprogrammings_2": {
		"firstbyte": 18
		}, 
		"CrcOfLogSave_2": {
		"firstbyte": 25
		}, 
		"TimeOfReprogramming_2": {
		"firstbyte": 22
		}
	}, 
	"minbytes": 26, 
	"sentbytes": "21FB"
	}, 
	{
	"name": "DataRead.History.Reprog.N-1", 
	"replybytes": "61FD", 
	"deny_sds": [
		"nosds"
	], 
	"receivebyte_dataitems": {
		"NumberOfReprogrammings_1": {
		"firstbyte": 18
		}, 
		"ProgrammingToolReference_1": {
		"firstbyte": 13
		}, 
		"ProgrammingSiteReference_1": {
		"firstbyte": 8
		}, 
		"ApprovalNumber.LowerPart_1": {
		"firstbyte": 3
		}, 
		"SaveMarking_1": {
		"firstbyte": 24
		}, 
		"CrcOfLogSave_1": {
		"firstbyte": 25
		}, 
		"DateOfReprogramming_1": {
		"firstbyte": 19
		}, 
		"TimeOfReprogramming_1": {
		"firstbyte": 22
		}
	}, 
	"minbytes": 26, 
	"sentbytes": "21FD"
	}, 
	{
	"name": "Start Diagnostic Session", 
	"replybytes": "50", 
	"deny_sds": [], 
	"manualsend": true, 
	"sendbyte_dataitems": {
		"Session Name": {
		"firstbyte": 2
		}
	}, 
	"minbytes": 1, 
	"sentbytes": "10C0"
	}, 
	{
	"name": "DataRead.History.Ident.N", 
	"replybytes": "61FE", 
	"deny_sds": [
		"nosds"
	], 
	"receivebyte_dataitems": {
		"HardwareNumber.BasicPartList": {
		"firstbyte": 24
		}, 
		"DiagnosticIdentificationCode": {
		"firstbyte": 8
		}, 
		"CalibrationNumber": {
		"firstbyte": 21
		}, 
		"SupplierNumber.ITG": {
		"firstbyte": 9
		}, 
		"HardwareNumber.LowerPart": {
		"firstbyte": 12
		}, 
		"PartNumber.BasicPartList": {
		"firstbyte": 23
		}, 
		"ManufacturerIdentificationCode": {
		"firstbyte": 26
		}, 
		"ApprovalNumber.BasicPartList": {
		"firstbyte": 25
		}, 
		"EditionNumber": {
		"firstbyte": 19
		}, 
		"PartNumber.LowerPart": {
		"firstbyte": 3
		}, 
		"SoftwareNumber": {
		"firstbyte": 17
		}, 
		"SupplierNumber": {
		"firstbyte": 9
		}
	}, 
	"minbytes": 26, 
	"sentbytes": "21FE"
	}, 
	{
	"name": "DataRead.History.Ident.N-3", 
	"replybytes": "61F8", 
	"deny_sds": [
		"nosds"
	], 
	"receivebyte_dataitems": {
		"SupplierNumber.ITG_3": {
		"firstbyte": 9
		}, 
		"HardwareNumber.LowerPart_3": {
		"firstbyte": 12
		}, 
		"ApprovalNumber.BasicPartList_3": {
		"firstbyte": 25
		}, 
		"DiagnosticIdentificationCode_3": {
		"firstbyte": 8
		}, 
		"HardwareNumber.BasicPartList_3": {
		"firstbyte": 24
		}, 
		"SoftwareNumber_3": {
		"firstbyte": 17
		}, 
		"ManufacturerIdentificationCode_3": {
		"firstbyte": 26
		}, 
		"PartNumber.BasicPartList_3": {
		"firstbyte": 23
		}, 
		"CalibrationNumber_3": {
		"firstbyte": 21
		}, 
		"PartNumber.LowerPart_3": {
		"firstbyte": 3
		}, 
		"EditionNumber_3": {
		"firstbyte": 19
		}, 
		"SupplierNumber": {
		"firstbyte": 9
		}
	}, 
	"minbytes": 26, 
	"sentbytes": "21F8"
	}, 
	{
	"name": "DataRead.History.Ident.N-2", 
	"replybytes": "61FA", 
	"deny_sds": [
		"nosds"
	], 
	"receivebyte_dataitems": {
		"SupplierNumber.ITG_2": {
		"firstbyte": 9
		}, 
		"ApprovalNumber.BasicPartList_2": {
		"firstbyte": 25
		}, 
		"HardwareNumber.LowerPart_2": {
		"firstbyte": 12
		}, 
		"DiagnosticIdentificationCode_2": {
		"firstbyte": 8
		}, 
		"HardwareNumber.BasicPartList_2": {
		"firstbyte": 24
		}, 
		"SoftwareNumber_2": {
		"firstbyte": 17
		}, 
		"ManufacturerIdentificationCode_2": {
		"firstbyte": 26
		}, 
		"PartNumber.BasicPartList_2": {
		"firstbyte": 23
		}, 
		"SupplierNumber": {
		"firstbyte": 9
		}, 
		"CalibrationNumber_2": {
		"firstbyte": 21
		}, 
		"PartNumber.LowerPart_2": {
		"firstbyte": 3
		}, 
		"EditionNumber_2": {
		"firstbyte": 19
		}
	}, 
	"minbytes": 26, 
	"sentbytes": "21FA"
	}, 
	{
	"name": "DataRead.History.Ident.N-1", 
	"replybytes": "61FC", 
	"deny_sds": [
		"nosds"
	], 
	"receivebyte_dataitems": {
		"SupplierNumber.ITG_1": {
		"firstbyte": 9
		}, 
		"HardwareNumber.LowerPart_1": {
		"firstbyte": 12
		}, 
		"CalibrationNumber_1": {
		"firstbyte": 21
		}, 
		"DiagnosticIdentificationCode_1": {
		"firstbyte": 8
		}, 
		"SoftwareNumber_1": {
		"firstbyte": 17
		}, 
		"HardwareNumber.BasicPartList_1": {
		"firstbyte": 24
		}, 
		"PartNumber.BasicPartList_1": {
		"firstbyte": 23
		}, 
		"ManufacturerIdentificationCode_1": {
		"firstbyte": 26
		}, 
		"ApprovalNumber.BasicPartList_1": {
		"firstbyte": 25
		}, 
		"SupplierNumber": {
		"firstbyte": 9
		}, 
		"PartNumber.LowerPart_1": {
		"firstbyte": 3
		}, 
		"EditionNumber_1": {
		"firstbyte": 19
		}
	}, 
	"minbytes": 26, 
	"sentbytes": "21FC"
	}, 
	{
	"name": "WriteDataByLocalId.VIN", 
	"replybytes": "7B81", 
	"deny_sds": [
		"nosds"
	], 
	"sendbyte_dataitems": {
		"LID: VIN: C.R.C.": {
		"firstbyte": 20
		}, 
		"LID: VIN: V.I.N.": {
		"firstbyte": 3
		}
	}, 
	"minbytes": 2, 
	"sentbytes": "3B8100000000000000000000000000000000000000"
	}, 
	{
	"name": "DataRead.History.Ident.N-6", 
	"replybytes": "61F2", 
	"deny_sds": [
		"nosds"
	], 
	"receivebyte_dataitems": {
		"HardwareNumber.LowerPart_6": {
		"firstbyte": 12
		}, 
		"CalibrationNumber_6": {
		"firstbyte": 21
		}, 
		"SupplierNumber.ITG_6": {
		"firstbyte": 9
		}, 
		"HardwareNumber.BasicPartList_6": {
		"firstbyte": 24
		}, 
		"SoftwareNumber_6": {
		"firstbyte": 17
		}, 
		"DiagnosticIdentificationCode_6": {
		"firstbyte": 8
		}, 
		"ManufacturerIdentificationCode_6": {
		"firstbyte": 26
		}, 
		"PartNumber.BasicPartList_6": {
		"firstbyte": 23
		}, 
		"EditionNumber_6": {
		"firstbyte": 19
		}, 
		"PartNumber.LowerPart_6": {
		"firstbyte": 3
		}, 
		"ApprovalNumber.BasicPartList_6": {
		"firstbyte": 25
		}, 
		"SupplierNumber": {
		"firstbyte": 9
		}
	}, 
	"minbytes": 26, 
	"sentbytes": "21F2"
	}, 
	{
	"name": "DataRead.History.Ident.N-5", 
	"replybytes": "61F4", 
	"deny_sds": [
		"nosds"
	], 
	"receivebyte_dataitems": {
		"HardwareNumber.LowerPart_5": {
		"firstbyte": 12
		}, 
		"ApprovalNumber.BasicPartList_5": {
		"firstbyte": 25
		}, 
		"CalibrationNumber_5": {
		"firstbyte": 21
		}, 
		"HardwareNumber.BasicPartList_5": {
		"firstbyte": 24
		}, 
		"SupplierNumber.ITG_5": {
		"firstbyte": 9
		}, 
		"DiagnosticIdentificationCode_5": {
		"firstbyte": 8
		}, 
		"SoftwareNumber_5": {
		"firstbyte": 17
		}, 
		"PartNumber.BasicPartList_5": {
		"firstbyte": 23
		}, 
		"ManufacturerIdentificationCode_5": {
		"firstbyte": 26
		}, 
		"EditionNumber_5": {
		"firstbyte": 19
		}, 
		"PartNumber.LowerPart_5": {
		"firstbyte": 3
		}, 
		"SupplierNumber": {
		"firstbyte": 9
		}
	}, 
	"minbytes": 26, 
	"sentbytes": "21F4"
	}, 
	{
	"name": "DataRead.History.Ident.N-4", 
	"replybytes": "61F6", 
	"deny_sds": [
		"nosds"
	], 
	"receivebyte_dataitems": {
		"HardwareNumber.LowerPart_4": {
		"firstbyte": 12
		}, 
		"ApprovalNumber.BasicPartList_4": {
		"firstbyte": 25
		}, 
		"SupplierNumber.ITG_4": {
		"firstbyte": 9
		}, 
		"CalibrationNumber_4": {
		"firstbyte": 21
		}, 
		"HardwareNumber.BasicPartList_4": {
		"firstbyte": 24
		}, 
		"DiagnosticIdentificationCode_4": {
		"firstbyte": 8
		}, 
		"PartNumber.BasicPartList_4": {
		"firstbyte": 23
		}, 
		"SupplierNumber": {
		"firstbyte": 9
		}, 
		"SoftwareNumber_4": {
		"firstbyte": 17
		}, 
		"ManufacturerIdentificationCode_4": {
		"firstbyte": 26
		}, 
		"EditionNumber_4": {
		"firstbyte": 19
		}, 
		"PartNumber.LowerPart_4": {
		"firstbyte": 3
		}
	}, 
	"minbytes": 26, 
	"sentbytes": "21F6"
	}, 
	{
	"name": "ReadDataByLocalIdentifier: VIN", 
	"replybytes": "6181", 
	"deny_sds": [
		"nosds"
	], 
	"receivebyte_dataitems": {
		"LID: VIN: C.R.C.": {
		"ref": true, 
		"firstbyte": 20
		}, 
		"LID: VIN: V.I.N.": {
		"ref": true, 
		"firstbyte": 3
		}
	}, 
	"minbytes": 21, 
	"sentbytes": "2181"
	}, 
	{
	"name": "DataRead.History.Reprog.N-3", 
	"replybytes": "61F9", 
	"deny_sds": [
		"nosds"
	], 
	"receivebyte_dataitems": {
		"ProgrammingSiteReference_3": {
		"firstbyte": 8
		}, 
		"ProgrammingToolReference_3": {
		"firstbyte": 13
		}, 
		"ApprovalNumber.LowerPart_3": {
		"firstbyte": 3
		}, 
		"SaveMarking_3": {
		"firstbyte": 24
		}, 
		"NumberOfReprogrammings_3": {
		"firstbyte": 18
		}, 
		"DateOfReprogramming_3": {
		"firstbyte": 19
		}, 
		"CrcOfLogSave_3": {
		"firstbyte": 25
		}, 
		"TimeOfReprogramming_3": {
		"firstbyte": 22
		}
	}, 
	"minbytes": 26, 
	"sentbytes": "21F9"
	}, 
	{
	"name": "DataRead.History.Reprog.N", 
	"replybytes": "61FF", 
	"deny_sds": [
		"nosds"
	], 
	"receivebyte_dataitems": {
		"ApprovalNumber.LowerPart": {
		"firstbyte": 3
		}, 
		"TimeOfReprogramming": {
		"firstbyte": 22
		}, 
		"ProgrammingToolReference": {
		"firstbyte": 13
		}, 
		"CrcOfLogSave": {
		"firstbyte": 25
		}, 
		"NumberOfReprogrammings": {
		"firstbyte": 18
		}, 
		"ProgrammingSiteReference": {
		"firstbyte": 8
		}, 
		"DateOfReprogramming": {
		"firstbyte": 19
		}, 
		"SaveMarking": {
		"firstbyte": 24
		}
	}, 
	"minbytes": 26, 
	"sentbytes": "21FF"
	}, 
	{
	"name": "ClearDiagnosticInformation.All", 
	"deny_sds": [], 
	"minbytes": 1, 
	"sentbytes": "14FFFFFF", 
	"replybytes": "54"
	}
], 
"data": {
	"Response tester": {
	"comment": "tester present response query", 
	"lists": {
		"1": "reponse waited", 
		"2": "No response waited"
	}
	}, 
	"CrcOfLogSave": {
	"bytescount": 2, 
	"byte": true, 
	"bitscount": 16
	}, 
	"ProgrammingToolReference_6": {
	"bytesascii": true, 
	"bytescount": 5, 
	"byte": true, 
	"bitscount": 40
	}, 
	"ManufacturerIdentificationCode_3": {
	"lists": {
		"0": "Renault R1", 
		"128": "Nissan N1", 
		"130": "Nissan N3", 
		"136": "5DIGITS", 
		"129": "Nissan N2"
	}
	}, 
	"ManufacturerIdentificationCode_2": {
	"lists": {
		"0": "Renault R1", 
		"128": "Nissan N1", 
		"130": "Nissan N3", 
		"136": "5DIGITS", 
		"129": "Nissan N2"
	}
	}, 
	"ManufacturerIdentificationCode_1": {
	"lists": {
		"0": "Renault R1", 
		"128": "Nissan N1", 
		"130": "Nissan N3", 
		"136": "5DIGITS", 
		"129": "Nissan N2"
	}
	}, 
	"PartNumber.BasicPartList": {
	"lists": {
		"0": "N/A"
	}
	}, 
	"ManufacturerIdentificationCode_6": {
	"lists": {
		"0": "Renault R1", 
		"128": "Nissan N1", 
		"130": "Nissan N3", 
		"136": "5DIGITS", 
		"129": "Nissan N2"
	}
	}, 
	"ManufacturerIdentificationCode_5": {
	"lists": {
		"0": "Renault R1", 
		"128": "Nissan N1", 
		"130": "Nissan N3", 
		"136": "5DIGITS", 
		"129": "Nissan N2"
	}
	}, 
	"ManufacturerIdentificationCode_4": {
	"lists": {
		"0": "Renault R1", 
		"128": "Nissan N1", 
		"130": "Nissan N3", 
		"136": "5DIGITS", 
		"129": "Nissan N2"
	}
	}, 
	"TimeOfReprogramming_6": {
	"comment": "Hour, Minute of the reprogramming", 
	"bytescount": 2, 
	"byte": true, 
	"bitscount": 16
	}, 
	"TimeOfReprogramming_4": {
	"comment": "Hour, Minute of the reprogramming", 
	"bytescount": 2, 
	"byte": true, 
	"bitscount": 16
	}, 
	"TimeOfReprogramming_5": {
	"comment": "Hour, Minute of the reprogramming", 
	"bytescount": 2, 
	"byte": true, 
	"bitscount": 16
	}, 
	"TimeOfReprogramming_2": {
	"comment": "Hour, Minute of the reprogramming", 
	"bytescount": 2, 
	"byte": true, 
	"bitscount": 16
	}, 
	"TimeOfReprogramming_3": {
	"comment": "Hour, Minute of the reprogramming", 
	"bytescount": 2, 
	"byte": true, 
	"bitscount": 16
	}, 
	"TimeOfReprogramming_1": {
	"comment": "Hour, Minute of the reprogramming", 
	"bytescount": 2, 
	"byte": true, 
	"bitscount": 16
	}, 
	"HardwareNumber.BasicPartList": {
	"lists": {
		"0": "HARDW"
	}
	}, 
	"DiagnosticIdentificationCode_4": {
	"comment": "Diag evolution number", 
	"byte": true
	}, 
	"SupplierNumber.ITG_2": {
	"bytesascii": true, 
	"bytescount": 3, 
	"byte": true, 
	"bitscount": 24, 
	"comment": "Supplier ITG code"
	}, 
	"SupplierNumber.ITG_3": {
	"bytesascii": true, 
	"bytescount": 3, 
	"byte": true, 
	"bitscount": 24, 
	"comment": "Supplier ITG code"
	}, 
	"SupplierNumber.ITG_1": {
	"bytesascii": true, 
	"bytescount": 3, 
	"byte": true, 
	"bitscount": 24, 
	"comment": "Supplier ITG code"
	}, 
	"SupplierNumber.ITG_6": {
	"bytesascii": true, 
	"bytescount": 3, 
	"byte": true, 
	"bitscount": 24, 
	"comment": "Supplier ITG code"
	}, 
	"SupplierNumber.ITG_4": {
	"bytesascii": true, 
	"bytescount": 3, 
	"byte": true, 
	"bitscount": 24, 
	"comment": "Supplier ITG code"
	}, 
	"SupplierNumber.ITG_5": {
	"bytesascii": true, 
	"bytescount": 3, 
	"byte": true, 
	"bitscount": 24, 
	"comment": "Supplier ITG code"
	}, 
	"ApprovalNumber.LowerPart_6": {
	"bytesascii": true, 
	"bytescount": 5, 
	"byte": true, 
	"bitscount": 40
	}, 
	"ApprovalNumber.LowerPart_5": {
	"bytesascii": true, 
	"bytescount": 5, 
	"byte": true, 
	"bitscount": 40
	}, 
	"ApprovalNumber.LowerPart_4": {
	"bytesascii": true, 
	"bytescount": 5, 
	"byte": true, 
	"bitscount": 40
	}, 
	"ApprovalNumber.LowerPart_3": {
	"bytesascii": true, 
	"bytescount": 5, 
	"byte": true, 
	"bitscount": 40
	}, 
	"ApprovalNumber.LowerPart_2": {
	"bytesascii": true, 
	"bytescount": 5, 
	"byte": true, 
	"bitscount": 40
	}, 
	"ApprovalNumber.LowerPart_1": {
	"bytesascii": true, 
	"bytescount": 5, 
	"byte": true, 
	"bitscount": 40
	}, 
	"CalibrationNumber_3": {
	"comment": "Numero de calibration en Hexa", 
	"bytescount": 2, 
	"byte": true, 
	"bitscount": 16
	}, 
	"PartNumber.LowerPart_5": {
	"bytesascii": true, 
	"bytescount": 5, 
	"byte": true, 
	"bitscount": 40
	}, 
	"ApprovalNumber.BasicPartList_2": {
	"lists": {
		"0": "N/A"
	}
	}, 
	"ApprovalNumber.BasicPartList_1": {
	"lists": {
		"0": "N/A"
	}
	}, 
	"CrcOfLogSave_1": {
	"bytescount": 2, 
	"byte": true, 
	"bitscount": 16
	}, 
	"ApprovalNumber.BasicPartList_6": {
	"lists": {
		"0": "N/A"
	}
	}, 
	"PartNumber.LowerPart_3": {
	"bytesascii": true, 
	"bytescount": 5, 
	"byte": true, 
	"bitscount": 40
	}, 
	"PartNumber.LowerPart_2": {
	"bytesascii": true, 
	"bytescount": 5, 
	"byte": true, 
	"bitscount": 40
	}, 
	"CrcOfLogSave_5": {
	"bytescount": 2, 
	"byte": true, 
	"bitscount": 16
	}, 
	"PartNumber.LowerPart_4": {
	"bytesascii": true, 
	"bytescount": 5, 
	"byte": true, 
	"bitscount": 40
	}, 
	"PartNumber.LowerPart_6": {
	"bytesascii": true, 
	"bytescount": 5, 
	"byte": true, 
	"bitscount": 40
	}, 
	"CalibrationNumber": {
	"comment": "Numero de calibration en Hexa", 
	"bytescount": 2, 
	"byte": true, 
	"bitscount": 16
	}, 
	"HardwareNumber.BasicPartList_6": {
	"lists": {
		"0": "HARDW"
	}
	}, 
	"HardwareNumber.BasicPartList_5": {
	"lists": {
		"0": "HARDW"
	}
	}, 
	"HardwareNumber.BasicPartList_4": {
	"lists": {
		"0": "HARDW"
	}
	}, 
	"HardwareNumber.BasicPartList_3": {
	"lists": {
		"0": "HARDW"
	}
	}, 
	"HardwareNumber.BasicPartList_2": {
	"lists": {
		"0": "HARDW"
	}
	}, 
	"HardwareNumber.BasicPartList_1": {
	"lists": {
		"0": "HARDW"
	}
	}, 
	"EditionNumber": {
	"comment": "Software version(edition) number", 
	"bytescount": 2, 
	"byte": true, 
	"bitscount": 16
	}, 
	"PartNumber.LowerPart": {
	"bytesascii": true, 
	"bytescount": 5, 
	"byte": true, 
	"bitscount": 40
	}, 
	"TimeOfReprogramming": {
	"comment": "Hour, Minute of the reprogramming", 
	"bytescount": 2, 
	"byte": true, 
	"bitscount": 16
	}, 
	"Session Name": {
	"lists": {
		"192": "Extended Diagnostic Session", 
		"129": "Default Session"
	}
	}, 
	"CrcOfLogSave_4": {
	"bytescount": 2, 
	"byte": true, 
	"bitscount": 16
	}, 
	"DiagnosticIdentificationCode_5": {
	"comment": "Diag evolution number", 
	"byte": true
	}, 
	"DateOfReprogramming": {
	"comment": "date of the reprogramming yy.mm.dd", 
	"bytescount": 3, 
	"byte": true, 
	"bitscount": 24
	}, 
	"NumberOfReprogrammings": {
	"scaled": true
	}, 
	"LID: VIN: C.R.C.": {
	"comment": "key code confirming the validity of the VIN, written at Renault factory", 
	"bytescount": 2, 
	"byte": true, 
	"bitscount": 16
	}, 
	"SaveMarking": {
	"byte": true
	}, 
	"SoftwareNumber": {
	"comment": "Software identification number", 
	"bytescount": 2, 
	"byte": true, 
	"bitscount": 16
	}, 
	"NumberOfReprogrammings_1": {
	"scaled": true
	}, 
	"NumberOfReprogrammings_2": {
	"scaled": true
	}, 
	"NumberOfReprogrammings_3": {
	"scaled": true
	}, 
	"NumberOfReprogrammings_4": {
	"scaled": true
	}, 
	"NumberOfReprogrammings_5": {
	"scaled": true
	}, 
	"NumberOfReprogrammings_6": {
	"scaled": true
	}, 
	"ProgrammingToolReference": {
	"bytesascii": true, 
	"bytescount": 5, 
	"byte": true, 
	"bitscount": 40
	}, 
	"EditionNumber_6": {
	"comment": "Software version(edition) number", 
	"bytescount": 2, 
	"byte": true, 
	"bitscount": 16
	}, 
	"EditionNumber_5": {
	"comment": "Software version(edition) number", 
	"bytescount": 2, 
	"byte": true, 
	"bitscount": 16
	}, 
	"EditionNumber_4": {
	"comment": "Software version(edition) number", 
	"bytescount": 2, 
	"byte": true, 
	"bitscount": 16
	}, 
	"EditionNumber_3": {
	"comment": "Software version(edition) number", 
	"bytescount": 2, 
	"byte": true, 
	"bitscount": 16
	}, 
	"EditionNumber_2": {
	"comment": "Software version(edition) number", 
	"bytescount": 2, 
	"byte": true, 
	"bitscount": 16
	}, 
	"EditionNumber_1": {
	"comment": "Software version(edition) number", 
	"bytescount": 2, 
	"byte": true, 
	"bitscount": 16
	}, 
	"SoftwareNumber_5": {
	"comment": "Software identification number", 
	"bytescount": 2, 
	"byte": true, 
	"bitscount": 16
	}, 
	"SoftwareNumber_4": {
	"comment": "Software identification number", 
	"bytescount": 2, 
	"byte": true, 
	"bitscount": 16
	}, 
	"SoftwareNumber_6": {
	"comment": "Software identification number", 
	"bytescount": 2, 
	"byte": true, 
	"bitscount": 16
	}, 
	"SoftwareNumber_1": {
	"comment": "Software identification number", 
	"bytescount": 2, 
	"byte": true, 
	"bitscount": 16
	}, 
	"SoftwareNumber_3": {
	"comment": "Software identification number", 
	"bytescount": 2, 
	"byte": true, 
	"bitscount": 16
	}, 
	"SoftwareNumber_2": {
	"comment": "Software identification number", 
	"bytescount": 2, 
	"byte": true, 
	"bitscount": 16
	}, 
	"ProgrammingSiteReference": {
	"bytesascii": true, 
	"bytescount": 5, 
	"byte": true, 
	"bitscount": 40
	}, 
	"SaveMarking_2": {
	"byte": true
	}, 
	"SaveMarking_3": {
	"byte": true
	}, 
	"SaveMarking_4": {
	"byte": true
	}, 
	"SaveMarking_5": {
	"byte": true
	}, 
	"SaveMarking_6": {
	"byte": true
	}, 
	"ApprovalNumber.LowerPart": {
	"bytesascii": true, 
	"bytescount": 5, 
	"byte": true, 
	"bitscount": 40
	}, 
	"PartNumber.BasicPartList_1": {
	"lists": {
		"0": "N/A"
	}
	}, 
	"ProgrammingSiteReference_1": {
	"bytesascii": true, 
	"bytescount": 5, 
	"byte": true, 
	"bitscount": 40
	}, 
	"SupplierNumber": {
	"comment": "Supplier code (hexa)", 
	"bytescount": 3, 
	"byte": true, 
	"bitscount": 24
	}, 
	"DateOfReprogramming_3": {
	"comment": "date of the reprogramming yy.mm.dd", 
	"bytescount": 3, 
	"byte": true, 
	"bitscount": 24
	}, 
	"DateOfReprogramming_2": {
	"comment": "date of the reprogramming yy.mm.dd", 
	"bytescount": 3, 
	"byte": true, 
	"bitscount": 24
	}, 
	"DateOfReprogramming_1": {
	"comment": "date of the reprogramming yy.mm.dd", 
	"bytescount": 3, 
	"byte": true, 
	"bitscount": 24
	}, 
	"PartNumber.BasicPartList_4": {
	"lists": {
		"0": "N/A"
	}
	}, 
	"DateOfReprogramming_6": {
	"comment": "date of the reprogramming yy.mm.dd", 
	"bytescount": 3, 
	"byte": true, 
	"bitscount": 24
	}, 
	"DateOfReprogramming_5": {
	"comment": "date of the reprogramming yy.mm.dd", 
	"bytescount": 3, 
	"byte": true, 
	"bitscount": 24
	}, 
	"DateOfReprogramming_4": {
	"comment": "date of the reprogramming yy.mm.dd", 
	"bytescount": 3, 
	"byte": true, 
	"bitscount": 24
	}, 
	"DiagnosticIdentificationCode": {
	"comment": "Diag evolution number", 
	"byte": true
	}, 
	"PartNumber.LowerPart_1": {
	"bytesascii": true, 
	"bytescount": 5, 
	"byte": true, 
	"bitscount": 40
	}, 
	"PartNumber.BasicPartList_2": {
	"lists": {
		"0": "N/A"
	}
	}, 
	"PartNumber.BasicPartList_3": {
	"lists": {
		"0": "N/A"
	}
	}, 
	"ManufacturerIdentificationCode": {
	"lists": {
		"0": "Renault R1", 
		"128": "Nissan N1", 
		"130": "Nissan N3", 
		"136": "5DIGITS", 
		"129": "Nissan N2"
	}
	}, 
	"PartNumber.BasicPartList_5": {
	"lists": {
		"0": "N/A"
	}
	}, 
	"PartNumber.BasicPartList_6": {
	"lists": {
		"0": "N/A"
	}
	}, 
	"CalibrationNumber_2": {
	"comment": "Numero de calibration en Hexa", 
	"bytescount": 2, 
	"byte": true, 
	"bitscount": 16
	}, 
	"CrcOfLogSave_3": {
	"bytescount": 2, 
	"byte": true, 
	"bitscount": 16
	}, 
	"CrcOfLogSave_2": {
	"bytescount": 2, 
	"byte": true, 
	"bitscount": 16
	}, 
	"HardwareNumber.LowerPart": {
	"bytesascii": true, 
	"bytescount": 5, 
	"byte": true, 
	"bitscount": 40
	}, 
	"ProgrammingToolReference_3": {
	"bytesascii": true, 
	"bytescount": 5, 
	"byte": true, 
	"bitscount": 40
	}, 
	"ProgrammingToolReference_2": {
	"bytesascii": true, 
	"bytescount": 5, 
	"byte": true, 
	"bitscount": 40
	}, 
	"DiagnosticIdentificationCode_1": {
	"comment": "Diag evolution number", 
	"byte": true
	}, 
	"DiagnosticIdentificationCode_6": {
	"comment": "Diag evolution number", 
	"byte": true
	}, 
	"ProgrammingToolReference_5": {
	"bytesascii": true, 
	"bytescount": 5, 
	"byte": true, 
	"bitscount": 40
	}, 
	"ProgrammingToolReference_4": {
	"bytesascii": true, 
	"bytescount": 5, 
	"byte": true, 
	"bitscount": 40
	}, 
	"CrcOfLogSave_6": {
	"bytescount": 2, 
	"byte": true, 
	"bitscount": 16
	}, 
	"HardwareNumber.LowerPart_6": {
	"bytesascii": true, 
	"bytescount": 5, 
	"byte": true, 
	"bitscount": 40
	}, 
	"ApprovalNumber.BasicPartList_3": {
	"lists": {
		"0": "N/A"
	}
	}, 
	"HardwareNumber.LowerPart_4": {
	"bytesascii": true, 
	"bytescount": 5, 
	"byte": true, 
	"bitscount": 40
	}, 
	"HardwareNumber.LowerPart_5": {
	"bytesascii": true, 
	"bytescount": 5, 
	"byte": true, 
	"bitscount": 40
	}, 
	"HardwareNumber.LowerPart_2": {
	"bytesascii": true, 
	"bytescount": 5, 
	"byte": true, 
	"bitscount": 40
	}, 
	"HardwareNumber.LowerPart_3": {
	"bytesascii": true, 
	"bytescount": 5, 
	"byte": true, 
	"bitscount": 40
	}, 
	"ApprovalNumber.BasicPartList_4": {
	"lists": {
		"0": "N/A"
	}
	}, 
	"ApprovalNumber.BasicPartList_5": {
	"lists": {
		"0": "N/A"
	}
	}, 
	"ProgrammingSiteReference_6": {
	"bytesascii": true, 
	"bytescount": 5, 
	"byte": true, 
	"bitscount": 40
	}, 
	"ProgrammingSiteReference_4": {
	"bytesascii": true, 
	"bytescount": 5, 
	"byte": true, 
	"bitscount": 40
	}, 
	"ProgrammingSiteReference_5": {
	"bytesascii": true, 
	"bytescount": 5, 
	"byte": true, 
	"bitscount": 40
	}, 
	"ProgrammingSiteReference_2": {
	"bytesascii": true, 
	"bytescount": 5, 
	"byte": true, 
	"bitscount": 40
	}, 
	"ProgrammingSiteReference_3": {
	"bytesascii": true, 
	"bytescount": 5, 
	"byte": true, 
	"bitscount": 40
	}, 
	"SaveMarking_1": {
	"byte": true
	}, 
	"CalibrationNumber_5": {
	"comment": "Numero de calibration en Hexa", 
	"bytescount": 2, 
	"byte": true, 
	"bitscount": 16
	}, 
	"CalibrationNumber_4": {
	"comment": "Numero de calibration en Hexa", 
	"bytescount": 2, 
	"byte": true, 
	"bitscount": 16
	}, 
	"CalibrationNumber_6": {
	"comment": "Numero de calibration en Hexa", 
	"bytescount": 2, 
	"byte": true, 
	"bitscount": 16
	}, 
	"CalibrationNumber_1": {
	"comment": "Numero de calibration en Hexa", 
	"bytescount": 2, 
	"byte": true, 
	"bitscount": 16
	}, 
	"HardwareNumber.LowerPart_1": {
	"bytesascii": true, 
	"bytescount": 5, 
	"byte": true, 
	"bitscount": 40
	}, 
	"LID: VIN: V.I.N.": {
	"bytesascii": true, 
	"bytescount": 17, 
	"byte": true, 
	"bitscount": 136, 
	"comment": "Serial number of the car, written at Renault factory"
	}, 
	"DiagnosticIdentificationCode_3": {
	"comment": "Diag evolution number", 
	"byte": true
	}, 
	"ApprovalNumber.BasicPartList": {
	"lists": {
		"0": "N/A"
	}
	}, 
	"DiagnosticIdentificationCode_2": {
	"comment": "Diag evolution number", 
	"byte": true
	}, 
	"SupplierNumber.ITG": {
	"bytesascii": true, 
	"bytescount": 3, 
	"byte": true, 
	"bitscount": 24, 
	"comment": "Supplier ITG code"
	}, 
	"ProgrammingToolReference_1": {
	"bytesascii": true, 
	"bytescount": 5, 
	"byte": true, 
	"bitscount": 40
	}
}
}