{
"obd": {
	"fastinit": true, 
	"funcname": "BCM-UCH", 
	"kw1": "F1", 
	"kw2": "26", 
	"protocol": "KWP2000", 
	"funcaddr": "26"
}, 
"devices": [
	{
	"dtc": 0, 
	"devicedata": {
		"D\u00e9faut m\u00e9mo. CC +12V sortie d\u00e9givrage": "1", 
		"D\u00e9faut m\u00e9mo. C0 ou CC masse d\u00e9givrage": "1", 
		"Podgrzewanie tylnej szyby": "0", 
		"Blad CC w +12V na wyjsciu odmrazania (1)": "1", 
		"Blad CO lub CC masse na wyjsciu odszraniania (1)": "1", 
		"Odmrazanie szyby tylnej (1)": "0"
	}, 
	"dtctype": 0, 
	"name": "przekaznik odmrazania szyby tylnej"
	}, 
	{
	"dtc": 0, 
	"devicedata": {
		"Blad CC w 12V w polaczeniu immo silnka": "1", 
		"D\u00e9faut m\u00e9mo. CC 12 V liaison verlog moteur": "1", 
		"Blad CCmasse w polaczeniu immo silnika": "1", 
		"Bledy pamieci CCmasse w immo silnika": "1"
	}, 
	"dtctype": 0, 
	"name": "liaison verlog moteur"
	}, 
	{
	"dtc": 0, 
	"devicedata": {
		"wejscie przyci. CPE zamykania": "0", 
		"Zamykanie drzwi": "0", 
		"Otwieranie drzwi pasazera i tylu": "0", 
		"Blad cde CPEO press\u00e9e a la mont\u00e9e APC (1)": "1", 
		"wejscie przyci. CPE otwierania": "0", 
		"Blad cde CPEF press\u00e9e a la mont\u00e9e APC": "1", 
		"Otwieranie drzwi kierowcy": "0"
	}, 
	"dtctype": 0, 
	"name": "Komendy CPE"
	}, 
	{
	"dtc": 0, 
	"devicedata": {
		"Silnik pracuje (1)": "0", 
		"Entr\u00e9e vitesse v\u00e9hicule": "0", 
		"Wejscie pasa bezp. (1)": "0", 
		"APC pojazdu": "0", 
		"Wejscie drzwi tylnych": "0", 
		"Wejscie drzwi przednich": "0"
	}, 
	"dtctype": 0, 
	"name": "stan pojazdu"
	}, 
	{
	"dtc": 0, 
	"devicedata": {
		"D\u00e9faut m\u00e9mo. arr\u00eat fixe essuyage arri\u00e8re": "1", 
		"Wycieraczka tylna": "0", 
		"wejscie mycia przedniej (1)": "0", 
		"wejscie mycia tylnej (1)": "0", 
		"wejscie wycieraczki tylnej (1)": "0", 
		"wejscie stopu tylnej (1)": "0", 
		"Blad stopu wycieraczki tylnej (1)": "1"
	}, 
	"dtctype": 0, 
	"name": "wycieraczka tylna"
	}, 
	{
	"dtc": 0, 
	"devicedata": {
		"Blad CCmasse w pol. cewki transpondera": "1", 
		"D\u00e9faut m\u00e9mo. CO ou CC masse liaison transpondeur": "1", 
		"Blad CC+12V w pol. cewki transpondera": "1", 
		"Linia transpondera (1)": "0", 
		"D\u00e9faut m\u00e9mo. CC+12V liaison transpondeur": "1"
	}, 
	"dtctype": 0, 
	"name": "polaczenie cewki transpondera"
	}, 
	{
	"dtc": 0, 
	"devicedata": {
		"D\u00e9faut m\u00e9mo. CC 12 V sortie alarme": "1", 
		"D\u00e9faut m\u00e9mo. CO ou CC masse sortie alarme": "1", 
		"Przekaznik alarmu 1-go zamontow.": "0", 
		"Blad CC w 12 V na wyjsciu alarmu (1)": "1", 
		"Blad CO lub CC masse na wyjsciu alarmu(1)": "1"
	}, 
	"dtctype": 0, 
	"name": "liaison relais alarme"
	}, 
	{
	"dtc": 0, 
	"devicedata": {
		"Blad Airbag w polaczeniu airbag-UCH": "1", 
		"Licznik szoki(udzerzenia) pamieci": "1", 
		"D\u00e9faut m\u00e9mo. airbag": "1", 
		"Linia airbag wypadku(1)": "0"
	}, 
	"dtctype": 0, 
	"name": "polaczenie airbag"
	}, 
	{
	"dtc": 0, 
	"devicedata": {
		"Licznik pamieci brak\u00f3w przyznania od transp.": "1", 
		"Licznik lub numery przesluchania dla sekwencji autoryzacji": "0", 
		"Licznik pamieci przyznane z opoznieniem": "1", 
		"Licznik resetow pamieci": "0"
	}, 
	"dtctype": 0, 
	"name": "pb reconnaissance cl\u00e9 (chodzi o klucze)"
	}, 
	{
	"dtc": 0, 
	"devicedata": {
		"Licznik sterowania efektywnego": "1", 
		"Licznik brakow pamieci resynchronicznej": "1"
	}, 
	"dtctype": 0, 
	"name": "perte RF (chodzi o sygnal radiowy z pilota)"
	}, 
	{
	"dtc": 0, 
	"devicedata": {
		"Liczna kluczy nauczonych": "0", 
		"Ordre effacement code APV re\u00e7u": "0", 
		"Apprentissage antid\u00e9marrage non termin\u00e9": "0", 
		"Prezentacja klucza nowego": "0", 
		"Info nauczania klucza": "0", 
		"Nauczanie klucza nie wykonane": "0", 
		"Odpowiedz na zapytanie OK z skucesem": "0", 
		"UCH nowe": "0", 
		"Code APV disponible pour l outil bord de chaine": "0", 
		"Rozruch autoryzowany ( kod immo wys\u0142any> Inj )": "0"
	}, 
	"dtctype": 0, 
	"name": "Nauczanie kluczy"
	}, 
	{
	"dtc": 0, 
	"devicedata": {
		"Autoryzacja oswietlenia wnetrza": "0", 
		"Rozmrazanie LARD via UCH ( Wejscie Impulsowe )": "0", 
		"Configuration diesel F8Q": "0", 
		"Funkcjonowanie tylnej wycieraczki AR": "0", 
		"wyjscie zasilania lampki sufitowej": "0", 
		"Pr\u00e9disposition alarme 2\u00b0 monte": "0", 
		"Zarzadzanie czasowym przygaszaniem osw.": "0", 
		"wystepowanie polaczenia airbag-UCH (z CAR)": "0", 
		"Automatyczne rozryglowanie": "0", 
		"Ochrona obwod\u00f3w (otwarcia drzwi i klapy)": "0", 
		"Funkcjonowanie swiatel przeciwmgielnych (X06)": "0", 
		"pilot RF z 1 lub 2 przyciskami ?": "0", 
		"Pilot radiowy RF": "0", 
		"autoryzacja brzeczka przy niezapietych pasach (X06)": "0", 
		"Przycisk CPE impulsowy ( 1 lub 2 pozycje )": "0", 
		"Funkcja CAR aktywowana przez klienta": "0", 
		"Odmrazanie LARD podczas pracy silnika": "0", 
		"Autoryzacja funkcji alarmu przekroczenia predkosci": "0", 
		"Buzzer clignotant modifi\u00e9 si remorque": "0", 
		"Zarzadzanie trybem fabryczne lub klienta + BPT": "0", 
		"Autoryzacja funkcji immobilajzera": "0", 
		"Autoryzacja zamykania podczas jazdy": "0", 
		"Wlaczenie swiatel awaryjnych podczas wstrzasu (CAR)": "0", 
		"Blokowanie kluczy do nauki": "0"
	}, 
	"dtctype": 4, 
	"name": "Configuration UCH"
	}, 
	{
	"dtc": 0, 
	"devicedata": {
		"Blad statusu migaczy": "1", 
		"wejscie migaczy prawych (1)": "0", 
		"wejscie migaczy lewych (1)": "0", 
		"Podwojna czestot. migaczy": "1", 
		"Migacze lewe": "0", 
		"Normalna czestototliwosc migaczy": "0", 
		"D\u00e9faut m\u00e9mo. status clignotant": "1", 
		"Migacze prawe": "0", 
		"wejscie awaryjnych": "0"
	}, 
	"dtctype": 0, 
	"name": "Migacze"
	}, 
	{
	"dtc": 0, 
	"devicedata": {
		"Tylne swiatlo przeciwmgielne": "0", 
		"wejscie tylnych przeciwmgielnych": "0", 
		"Wejscie swiatel": "0", 
		"wejscie kod+reflektor+przeciwmgielne": "0"
	}, 
	"dtctype": 0, 
	"name": "feu brouillard"
	}, 
	{
	"dtc": 0, 
	"devicedata": {
		"Blad stopu wycieraczki przedniej": "0", 
		"Wycieraczki przednie": "0", 
		"D\u00e9faut m\u00e9mo. arr\u00eat fixe essuyage avant": "1", 
		"wejscie wycieraczki przedniej (1)": "0", 
		"wejscie stopu przedniej (1)": "0"
	}, 
	"dtctype": 0, 
	"name": "wycieraczka przednia"
	}, 
	{
	"dtc": 0, 
	"devicedata": {
		"D\u00e9faut m\u00e9mo. EEPROM": "1", 
		"Blad EEPROM": "1"
	}, 
	"dtctype": 2, 
	"name": "EEPROM"
	}
], 
"ecuname": "Polski UCH transv", 
"autoidents": [], 
"endian": "Big", 
"requests": [
	{
	"receivebyte_dataitems": {
		"N\u00b0 Fournisseur": {
		"ref": true, 
		"firstbyte": 9
		}, 
		"N\u00b0 R\u00e9vision Hardware": {
		"ref": true, 
		"firstbyte": 21
		}, 
		"N\u00b0 R\u00e9vision Logiciel": {
		"ref": true, 
		"firstbyte": 19
		}, 
		"Type komputera": {
		"ref": true, 
		"firstbyte": 23
		}, 
		"R\u00e9f\u00e9rence Renault": {
		"ref": true, 
		"firstbyte": 3
		}, 
		"VDIAG": {
		"ref": true, 
		"firstbyte": 8
		}, 
		"N\u00b0 de s\u00e9rie Fournisseur": {
		"ref": true, 
		"firstbyte": 24
		}, 
		"N\u00b0 Hardware SIEMENS": {
		"ref": true, 
		"firstbyte": 12
		}, 
		"N\u00b0 Version Logiciel": {
		"ref": true, 
		"firstbyte": 17
		}
	}, 
	"deny_sds": [], 
	"minbytes": 26, 
	"sentbytes": "2180", 
	"name": "Lecture Ident. Calculateur"
	}, 
	{
	"name": "Sans fonctionnement essuie lunette (x65)", 
	"replybytes": "7BD0", 
	"deny_sds": [], 
	"manualsend": true, 
	"minbytes": 2, 
	"sentbytes": "3BD0040300"
	}, 
	{
	"sentbytes": "3BD0060200", 
	"deny_sds": [], 
	"minbytes": 1, 
	"manualsend": true, 
	"name": "sans alim plaf"
	}, 
	{
	"name": "Avec autorisation fct alarme survitesse", 
	"replybytes": "7BD0", 
	"deny_sds": [], 
	"manualsend": true, 
	"minbytes": 2, 
	"sentbytes": "3BD0000101"
	}, 
	{
	"name": "Dur\u00e9e inhibition cde d\u00e9givrage", 
	"deny_sds": [], 
	"manualsend": true, 
	"sendbyte_dataitems": {
		"Dur\u00e9e inhibition cde d\u00e9givrage": {
		"firstbyte": 4
		}
	}, 
	"minbytes": 1, 
	"sentbytes": "3BD13008"
	}, 
	{
	"name": "Lecture Valeurs cod\u00e9es", 
	"replybytes": "61DE", 
	"deny_sds": [], 
	"receivebyte_dataitems": {
		"Filtrowane napiecie akumulatora": {
		"ref": true, 
		"firstbyte": 15
		}, 
		"Aktualna wartosc pradowa migajacych kierunkowsk.": {
		"ref": true, 
		"firstbyte": 8
		}, 
		"Predkosc pojazdu": {
		"ref": true, 
		"firstbyte": 4
		}
	}, 
	"minbytes": 22, 
	"sentbytes": "21DE"
	}, 
	{
	"name": "Temps max de cde des ouvrants", 
	"deny_sds": [], 
	"manualsend": true, 
	"sendbyte_dataitems": {
		"Temps max de cde des ouvrants.": {
		"firstbyte": 4
		}
	}, 
	"minbytes": 1, 
	"sentbytes": "3BD12832"
	}, 
	{
	"name": "info APV", 
	"replybytes": "61D8", 
	"deny_sds": [], 
	"manualsend": true, 
	"minbytes": 37, 
	"sentbytes": "21D8"
	}, 
	{
	"name": "Sans temporisation du plafonnier", 
	"replybytes": "7BD0", 
	"deny_sds": [], 
	"manualsend": true, 
	"minbytes": 2, 
	"sentbytes": "3BD0070200"
	}, 
	{
	"name": "CAR off", 
	"replybytes": "7BD0", 
	"deny_sds": [], 
	"manualsend": true, 
	"minbytes": 2, 
	"sentbytes": "3BD0030200"
	}, 
	{
	"name": "Avec allumage feux d\u00e9tresse apr\u00e8s choc", 
	"replybytes": "7BD0", 
	"deny_sds": [], 
	"manualsend": true, 
	"minbytes": 2, 
	"sentbytes": "3BD0070101"
	}, 
	{
	"name": "P\u00e9riode du clignotant d\u00e9grad\u00e9", 
	"deny_sds": [], 
	"manualsend": true, 
	"sendbyte_dataitems": {
		"P\u00e9riode du clignotant d\u00e9grad\u00e9": {
		"firstbyte": 4
		}
	}, 
	"minbytes": 1, 
	"sentbytes": "3BD13804"
	}, 
	{
	"name": "Avec configuration diesel F8Q", 
	"replybytes": "7BD0", 
	"deny_sds": [], 
	"manualsend": true, 
	"minbytes": 2, 
	"sentbytes": "3BD0020101"
	}, 
	{
	"name": "Retard balai arri\u00e8re", 
	"replybytes": "61D1", 
	"deny_sds": [], 
	"manualsend": true, 
	"sendbyte_dataitems": {
		"E_Retard apr\u00e8s d\u00e9tection arret fixe arri\u00e8re": {
		"firstbyte": 4
		}
	}, 
	"minbytes": 2, 
	"sentbytes": "3BD12400"
	}, 
	{
	"name": "Nombre de commande max des ouvrants", 
	"deny_sds": [], 
	"manualsend": true, 
	"sendbyte_dataitems": {
		"Nbr de cde max des ouvrants": {
		"firstbyte": 4
		}
	}, 
	"minbytes": 1, 
	"sentbytes": "3BD12914"
	}, 
	{
	"name": "Pas de reconda auto", 
	"replybytes": "7BD0", 
	"deny_sds": [], 
	"manualsend": true, 
	"minbytes": 2, 
	"sentbytes": "3BD0010200"
	}, 
	{
	"name": "Lecture Entr\u00e9es et Etats V\u00e9hicule", 
	"replybytes": "61DC", 
	"deny_sds": [], 
	"receivebyte_dataitems": {
		"wejscie przyci. CPE zamykania": {
		"bitoffset": 6, 
		"ref": true, 
		"firstbyte": 3
		}, 
		"wejscie migaczy lewych (1)": {
		"bitoffset": 4, 
		"ref": true, 
		"firstbyte": 5
		}, 
		"wejscie przyci. CPE otwierania": {
		"bitoffset": 5, 
		"ref": true, 
		"firstbyte": 3
		}, 
		"wejscie tylnych przeciwmgielnych": {
		"bitoffset": 1, 
		"ref": true, 
		"firstbyte": 7
		}, 
		"Wejscie drzwi przednich": {
		"bitoffset": 3, 
		"ref": true, 
		"firstbyte": 5
		}, 
		"wejscie stopu tylnej (1)": {
		"bitoffset": 7, 
		"ref": true, 
		"firstbyte": 4
		}, 
		"Odmrazanie szyby tylnej (1)": {
		"bitoffset": 1, 
		"ref": true, 
		"firstbyte": 3
		}, 
		"wejscie wycieraczki przedniej (1)": {
		"bitoffset": 7, 
		"ref": true, 
		"firstbyte": 6
		}, 
		"Linia airbag wypadku(1)": {
		"ref": true, 
		"firstbyte": 6
		}, 
		"Wejscie swiatel": {
		"bitoffset": 7, 
		"ref": true, 
		"firstbyte": 5
		}, 
		"wejscie migaczy prawych (1)": {
		"bitoffset": 5, 
		"ref": true, 
		"firstbyte": 5
		}, 
		"wejscie kod+reflektor+przeciwmgielne": {
		"bitoffset": 4, 
		"ref": true, 
		"firstbyte": 7
		}, 
		"Wejscie pasa bezp. (1)": {
		"ref": true, 
		"firstbyte": 7
		}, 
		"wejscie wycieraczki tylnej (1)": {
		"bitoffset": 5, 
		"ref": true, 
		"firstbyte": 4
		}, 
		"wejscie stopu przedniej (1)": {
		"bitoffset": 2, 
		"ref": true, 
		"firstbyte": 5
		}, 
		"wejscie zwrotne verlog (immo) (1)": {
		"bitoffset": 6, 
		"ref": true, 
		"firstbyte": 7
		}, 
		"Wejscie drzwi tylnych": {
		"bitoffset": 1, 
		"ref": true, 
		"firstbyte": 5
		}, 
		"Linia transpondera (1)": {
		"ref": true, 
		"firstbyte": 3
		}, 
		"Silnik pracuje (1)": {
		"bitoffset": 6, 
		"ref": true, 
		"firstbyte": 8
		}, 
		"wejscie mycia przedniej (1)": {
		"ref": true, 
		"firstbyte": 5
		}, 
		"wejscie mycia tylnej (1)": {
		"bitoffset": 2, 
		"ref": true, 
		"firstbyte": 3
		}, 
		"Entr\u00e9e vitesse v\u00e9hicule": {
		"bitoffset": 5, 
		"ref": true, 
		"firstbyte": 7
		}, 
		"APC pojazdu": {
		"bitoffset": 7, 
		"firstbyte": 3
		}, 
		"wejscie awaryjnych": {
		"bitoffset": 6, 
		"ref": true, 
		"firstbyte": 5
		}
	}, 
	"minbytes": 8, 
	"sentbytes": "21DC"
	}, 
	{
	"name": "Lecture Configuration usine", 
	"replybytes": "61D1", 
	"deny_sds": [], 
	"receivebyte_dataitems": {
		"Op\u00f3znienie po wykryciu zatrzymania wycieraczki": {
		"firstbyte": 38
		}, 
		"Czas maks. aktywacji awaryjnych": {
		"ref": true, 
		"firstbyte": 6
		}, 
		"Liczba ruch\u00f3w wycieraczki mycia dlugiego": {
		"ref": true, 
		"firstbyte": 22
		}, 
		"Nbr mise APC avant \u00e9ffacement code APV": {
		"firstbyte": 46
		}, 
		"Numer max deaktywacji brzeczka": {
		"firstbyte": 54
		}, 
		"Czas przed unieruchomieniem silnika (od immo)": {
		"ref": true, 
		"firstbyte": 47
		}, 
		"Czas rozmrazania szyby tylnej": {
		"ref": true, 
		"firstbyte": 49
		}, 
		"Czas ostatecznego wylaczenia lampki sufitowej": {
		"ref": true, 
		"firstbyte": 7
		}, 
		"Czas trwania podw\u00f3jnego klik. RF(klucz z 2 przyc.)": {
		"ref": true, 
		"firstbyte": 48
		}, 
		"Okres zatrzymania przed blokada (przednia i tylna).": {
		"ref": true, 
		"firstbyte": 13
		}, 
		"referencyjny numer cde max silniczk\u00f3w drzwi": {
		"ref": true, 
		"firstbyte": 44
		}, 
		"Cykl migaczy": {
		"ref": true, 
		"firstbyte": 57
		}, 
		"Czas sterowania max. blokowania (przednia i tylna)": {
		"ref": true, 
		"firstbyte": 12
		}, 
		"Czas auto. ryglowania drzwi bez ich otwarcia": {
		"ref": true, 
		"firstbyte": 45
		}, 
		"Liczba ruch\u00f3w wycieraczki tylnej po myciu": {
		"ref": true, 
		"firstbyte": 39
		}, 
		"Retard cde feux d\u00e9tresse apres un choc.": {
		"ref": true, 
		"firstbyte": 3
		}, 
		"Predkosc progowa aktywacji brzeczka": {
		"firstbyte": 52
		}, 
		"Czas dezaktywacji brzeczka": {
		"firstbyte": 53
		}, 
		"Czas min. sterowania wycieraczki przedniej": {
		"ref": true, 
		"firstbyte": 11
		}, 
		"Cykl migania 2": {
		"firstbyte": 58
		}, 
		"Maksymalna ilosc silnik\u00f3w zamykania drzwi": {
		"ref": true, 
		"firstbyte": 43
		}, 
		"Kontrola stopu wycieraczki przedniej": {
		"ref": true, 
		"firstbyte": 15
		}, 
		"Czas wznowienia po blokowaniu": {
		"ref": true, 
		"firstbyte": 14
		}, 
		"Okres blokowania po 1-ym nacisnieciu": {
		"ref": true, 
		"firstbyte": 50
		}, 
		"Czas nacisniecia przycisku mycia kr\u00f3tkie/ dlugie": {
		"ref": true, 
		"firstbyte": 23
		}, 
		"Zwloka stopu przedniej wycieraczki.": {
		"ref": true, 
		"firstbyte": 16
		}, 
		"Liczba ruch\u00f3w wycieraczki mycia kr\u00f3tkiego": {
		"ref": true, 
		"firstbyte": 21
		}, 
		"Czas po jakim gasnie lampka (zakmniete drzwi)": {
		"ref": true, 
		"firstbyte": 8
		}, 
		"Czas sygnalu kierunkowskaz\u00f3w": {
		"firstbyte": 56
		}, 
		"Predkosc pojazdu auto. blokowania drzwi": {
		"ref": true, 
		"firstbyte": 41
		}, 
		"Czas sterowania max otwarcia": {
		"ref": true, 
		"firstbyte": 42
		}
	}, 
	"minbytes": 58, 
	"sentbytes": "21D1"
	}, 
	{
	"sentbytes": "3BD0060201", 
	"deny_sds": [], 
	"minbytes": 1, 
	"manualsend": true, 
	"name": "Avec reconda automatique"
	}, 
	{
	"name": "Nbs de coups de balais arri\u00e8re", 
	"deny_sds": [], 
	"manualsend": true, 
	"sendbyte_dataitems": {
		"Nbr de coups de balais AR": {
		"firstbyte": 4
		}
	}, 
	"minbytes": 1, 
	"sentbytes": "3BD12503"
	}, 
	{
	"name": "Nombre activation buzzer oubli ceinture", 
	"deny_sds": [], 
	"manualsend": true, 
	"sendbyte_dataitems": {
		"Numer max deaktywacji brzeczka": {
		"firstbyte": 4
		}
	}, 
	"minbytes": 1, 
	"sentbytes": "3BD1340A"
	}, 
	{
	"name": "Ecriture du VIN", 
	"replybytes": "7B81", 
	"deny_sds": [], 
	"manualsend": true, 
	"sendbyte_dataitems": {
		"CRC": {
		"firstbyte": 20
		}, 
		"VIN": {
		"firstbyte": 3
		}
	}, 
	"minbytes": 2, 
	"sentbytes": "3B8111223344556677889910111213141516171819"
	}, 
	{
	"name": "Sans configuration diesel F8Q", 
	"replybytes": "7BD0", 
	"deny_sds": [], 
	"manualsend": true, 
	"minbytes": 2, 
	"sentbytes": "3BD0020100"
	}, 
	{
	"name": "Effacement D\u00e9fauts en EEPROM", 
	"replybytes": "54FF00", 
	"deny_sds": [], 
	"manualsend": true, 
	"minbytes": 3, 
	"sentbytes": "14FF00"
	}, 
	{
	"name": "Lecture du VIN", 
	"replybytes": "6181", 
	"deny_sds": [], 
	"manualsend": true, 
	"receivebyte_dataitems": {
		"CRC": {
		"ref": true, 
		"firstbyte": 20
		}, 
		"VIN": {
		"ref": true, 
		"firstbyte": 3
		}
	}, 
	"minbytes": 21, 
	"sentbytes": "2181"
	}, 
	{
	"name": "Avec autorisation pilotage plafonnier", 
	"replybytes": "7BD0", 
	"deny_sds": [], 
	"manualsend": true, 
	"minbytes": 2, 
	"sentbytes": "3BD0020401"
	}, 
	{
	"name": "Lecture ConfiguUsine - Param\u00e8tres G\u00e9n\u00e9raux", 
	"replybytes": "61D000000000", 
	"deny_sds": [], 
	"receivebyte_dataitems": {
		"Autoryzacja oswietlenia wnetrza": {
		"bitoffset": 5, 
		"ref": true, 
		"firstbyte": 6
		}, 
		"Rozmrazanie LARD via UCH ( Wejscie Impulsowe )": {
		"bitoffset": 4, 
		"ref": true, 
		"firstbyte": 3
		}, 
		"Configuration diesel F8Q": {
		"bitoffset": 5, 
		"ref": true, 
		"firstbyte": 3
		}, 
		"Funkcjonowanie tylnej wycieraczki AR": {
		"bitoffset": 3, 
		"ref": true, 
		"firstbyte": 5
		}, 
		"Pr\u00e9disposition alarme 2\u00b0 monte": {
		"bitoffset": 3, 
		"ref": true, 
		"firstbyte": 6
		}, 
		"Zarzadzanie czasowym przygaszaniem osw.": {
		"ref": true, 
		"firstbyte": 4
		}, 
		"Automatyczne rozryglowanie": {
		"bitoffset": 6, 
		"ref": true, 
		"firstbyte": 4
		}, 
		"Pilot radiowy RF": {
		"bitoffset": 1, 
		"ref": true, 
		"firstbyte": 6
		}, 
		"Ochrona obwod\u00f3w (otwarcia drzwi i klapy)": {
		"bitoffset": 6, 
		"ref": true, 
		"firstbyte": 3
		}, 
		"Funkcjonowanie swiatel przeciwmgielnych (X06)": {
		"bitoffset": 4, 
		"ref": true, 
		"firstbyte": 5
		}, 
		"pilot RF z 1 lub 2 przyciskami ?": {
		"bitoffset": 4, 
		"ref": true, 
		"firstbyte": 6
		}, 
		"Buzzer clignotant modifi\u00e9 si remorque": {
		"bitoffset": 1, 
		"ref": true, 
		"firstbyte": 5
		}, 
		"autoryzacja brzeczka przy niezapietych pasach (X06)": {
		"ref": true, 
		"firstbyte": 6
		}, 
		"Przycisk CPE impulsowy ( 1 lub 2 pozycje )": {
		"bitoffset": 5, 
		"ref": true, 
		"firstbyte": 5
		}, 
		"Funkcja CAR aktywowana przez klienta": {
		"bitoffset": 3, 
		"ref": true, 
		"firstbyte": 4
		}, 
		"Odmrazanie LARD podczas pracy silnika": {
		"bitoffset": 2, 
		"ref": true, 
		"firstbyte": 5
		}, 
		"Autoryzacja funkcji alarmu przekroczenia predkosci": {
		"bitoffset": 7, 
		"ref": true, 
		"firstbyte": 3
		}, 
		"wystepowanie polaczenia airbag-UCH (z CAR)": {
		"bitoffset": 7, 
		"ref": true, 
		"firstbyte": 6
		}, 
		"Zarzadzanie trybem fabryczne lub klienta + BPT": {
		"bitoffset": 1, 
		"ref": true, 
		"firstbyte": 4
		}, 
		"Autoryzacja funkcji immobilajzera": {
		"bitoffset": 6, 
		"ref": true, 
		"firstbyte": 6
		}, 
		"Autoryzacja zamykania podczas jazdy": {
		"bitoffset": 4, 
		"ref": true, 
		"firstbyte": 4
		}, 
		"Wlaczenie swiatel awaryjnych podczas wstrzasu (CAR)": {
		"ref": true, 
		"firstbyte": 3
		}, 
		"Blokowanie kluczy do nauki": {
		"bitoffset": 2, 
		"ref": true, 
		"firstbyte": 6
		}
	}, 
	"minbytes": 6, 
	"sentbytes": "21D0"
	}, 
	{
	"name": "P\u00e9riode du clignotant", 
	"deny_sds": [], 
	"manualsend": true, 
	"sendbyte_dataitems": {
		"P\u00e9riode du clignotant": {
		"firstbyte": 4
		}
	}, 
	"minbytes": 1, 
	"sentbytes": "3BD13708"
	}, 
	{
	"name": "Avec verrouillage cl\u00e9", 
	"replybytes": "7BD0", 
	"deny_sds": [], 
	"manualsend": true, 
	"minbytes": 2, 
	"sentbytes": "3BD0050400"
	}, 
	{
	"name": "Filtrage de l'arr\u00eat fixe AV", 
	"deny_sds": [], 
	"manualsend": true, 
	"sendbyte_dataitems": {
		"Filtrage de l'arret fixe AV": {
		"firstbyte": 4
		}
	}, 
	"minbytes": 1, 
	"sentbytes": "3BD10D02"
	}, 
	{
	"name": "Bouton deux positions", 
	"replybytes": "7BD0", 
	"deny_sds": [], 
	"manualsend": true, 
	"minbytes": 2, 
	"sentbytes": "3BD0020300"
	}, 
	{
	"sentbytes": "3BD0060201", 
	"deny_sds": [], 
	"minbytes": 1, 
	"manualsend": true, 
	"name": "Avec alim plaf"
	}, 
	{
	"name": "Ecriture VDIAG", 
	"replybytes": "7BE0", 
	"deny_sds": [], 
	"manualsend": true, 
	"sendbyte_dataitems": {
		"VDIAG \u00e0 Ecrire": {
		"firstbyte": 3
		}
	}, 
	"minbytes": 1, 
	"sentbytes": "3BE000"
	}, 
	{
	"name": "Commande Directe Actuateurs", 
	"deny_sds": [], 
	"manualsend": true, 
	"receivebyte_dataitems": {
		"Sortie activ\u00e9e": {
		"firstbyte": 2
		}, 
		"Status wejscia w toku": {
		"firstbyte": 3
		}
	}, 
	"sendbyte_dataitems": {
		"Aktywacja sterowania": {
		"firstbyte": 2
		}, 
		"Aktywacja lub deaktywacja": {
		"firstbyte": 4
		}
	}, 
	"minbytes": 3, 
	"sentbytes": "30000000"
	}, 
	{
	"name": "Sortie APV Abandon", 
	"deny_sds": [], 
	"minbytes": 2, 
	"sentbytes": "808100", 
	"replybytes": "C081"
	}, 
	{
	"name": "Tempo avec reconda auto", 
	"deny_sds": [], 
	"manualsend": true, 
	"sendbyte_dataitems": {
		"Tempo avant reconda auto": {
		"firstbyte": 4
		}
	}, 
	"minbytes": 1, 
	"sentbytes": "3BD12B1E"
	}, 
	{
	"sentbytes": "3BD0070100", 
	"deny_sds": [], 
	"minbytes": 1, 
	"manualsend": true, 
	"name": "Sans allumage feux d\u00e9tresse apr\u00e8s choc"
	}, 
	{
	"name": "Avec cl\u00e9 RF", 
	"replybytes": "7BD0", 
	"deny_sds": [], 
	"manualsend": true, 
	"minbytes": 2, 
	"sentbytes": "3BD0060401"
	}, 
	{
	"sentbytes": "3BD0040400", 
	"deny_sds": [], 
	"minbytes": 1, 
	"manualsend": true, 
	"name": "Sans alarme seconde monte"
	}, 
	{
	"name": "StartRoutine-demande de status", 
	"deny_sds": [], 
	"receivebyte_dataitems": {
		"Status de la routine": {
		"firstbyte": 3
		}, 
		"copie de N\u00b0 sortie activ\u00e9e": {
		"firstbyte": 2
		}
	}, 
	"sendbyte_dataitems": {
		"N\u00b0 routine \u00e0 surveiller": {
		"firstbyte": 2
		}
	}, 
	"minbytes": 15, 
	"sentbytes": "31A601"
	}, 
	{
	"name": "Avec temporisation du plafonnier", 
	"replybytes": "7BD0", 
	"deny_sds": [], 
	"manualsend": true, 
	"minbytes": 2, 
	"sentbytes": "3BD0070201"
	}, 
	{
	"name": "Sortie APV Valide", 
	"replybytes": "C081", 
	"deny_sds": [], 
	"manualsend": true, 
	"minbytes": 2, 
	"sentbytes": "808101"
	}, 
	{
	"name": "Lecture D\u00e9fauts", 
	"replybytes": "6194", 
	"deny_sds": [], 
	"receivebyte_dataitems": {
		"D\u00e9faut m\u00e9mo. CC 12 V sortie alarme": {
		"bitoffset": 7, 
		"ref": true, 
		"firstbyte": 12
		}, 
		"Licznik pamieci brak\u00f3w przyznania od transp.": {
		"ref": true, 
		"firstbyte": 16
		}, 
		"D\u00e9faut m\u00e9mo. CC 12 V liaison verlog moteur": {
		"bitoffset": 5, 
		"ref": true, 
		"firstbyte": 11
		}, 
		"Bledy pamieci CCmasse w immo silnika": {
		"bitoffset": 6, 
		"ref": true, 
		"firstbyte": 11
		}, 
		"Blad Airbag w polaczeniu airbag-UCH": {
		"bitoffset": 3, 
		"ref": true, 
		"firstbyte": 3
		}, 
		"D\u00e9faut m\u00e9mo. CC+12V liaison transpondeur": {
		"bitoffset": 3, 
		"ref": true, 
		"firstbyte": 10
		}, 
		"Blad stopu wycieraczki tylnej (1)": {
		"bitoffset": 4, 
		"ref": true, 
		"firstbyte": 3
		}, 
		"Licznik szoki(udzerzenia) pamieci": {
		"ref": true, 
		"firstbyte": 19
		}, 
		"Blad EEPROM": {
		"ref": true, 
		"firstbyte": 3
		}, 
		"D\u00e9faut m\u00e9mo. CO ou CC masse sortie alarme": {
		"bitoffset": 6, 
		"ref": true, 
		"firstbyte": 12
		}, 
		"Blad CC w 12V w polaczeniu immo silnka": {
		"bitoffset": 5, 
		"ref": true, 
		"firstbyte": 5
		}, 
		"Licznik lub numery przesluchania dla sekwencji autoryzacji": {
		"ref": true, 
		"firstbyte": 7
		}, 
		"Licznik sterowania efektywnego": {
		"ref": true, 
		"firstbyte": 13
		}, 
		"Blad cde CPEF press\u00e9e a la mont\u00e9e APC": {
		"bitoffset": 6, 
		"ref": true, 
		"firstbyte": 3
		}, 
		"Blad stopu wycieraczki przedniej": {
		"bitoffset": 5, 
		"ref": true, 
		"firstbyte": 3
		}, 
		"D\u00e9faut m\u00e9mo. airbag": {
		"bitoffset": 3, 
		"ref": true, 
		"firstbyte": 9
		}, 
		"Licznik resetow pamieci": {
		"ref": true, 
		"firstbyte": 18
		}, 
		"Blad statusu migaczy": {
		"bitoffset": 1, 
		"ref": true, 
		"firstbyte": 3
		}, 
		"Blad CO lub CC masse na wyjsciu alarmu(1)": {
		"bitoffset": 6, 
		"ref": true, 
		"firstbyte": 6
		}, 
		"D\u00e9faut m\u00e9mo. arr\u00eat fixe essuyage avant": {
		"bitoffset": 5, 
		"ref": true, 
		"firstbyte": 9
		}, 
		"Blad cde CPEO press\u00e9e a la mont\u00e9e APC (1)": {
		"bitoffset": 7, 
		"ref": true, 
		"firstbyte": 3
		}, 
		"D\u00e9faut m\u00e9mo. acquitement \u00e9lectrovanne diesel": {
		"bitoffset": 4, 
		"ref": true, 
		"firstbyte": 11
		}, 
		"Blad CC w +12V na wyjsciu odmrazania (1)": {
		"bitoffset": 1, 
		"ref": true, 
		"firstbyte": 5
		}, 
		"Blad CCmasse w pol. cewki transpondera": {
		"bitoffset": 2, 
		"ref": true, 
		"firstbyte": 4
		}, 
		"Licznik brakow pamieci resynchronicznej": {
		"ref": true, 
		"firstbyte": 14
		}, 
		"D\u00e9faut m\u00e9mo. status clignotant": {
		"bitoffset": 1, 
		"ref": true, 
		"firstbyte": 9
		}, 
		"D\u00e9faut m\u00e9mo. CC +12V sortie d\u00e9givrage": {
		"bitoffset": 1, 
		"ref": true, 
		"firstbyte": 11
		}, 
		"D\u00e9faut m\u00e9mo. C0 ou CC masse d\u00e9givrage": {
		"ref": true, 
		"firstbyte": 11
		}, 
		"D\u00e9faut m\u00e9mo. arr\u00eat fixe essuyage arri\u00e8re": {
		"bitoffset": 4, 
		"ref": true, 
		"firstbyte": 9
		}, 
		"Blad CC w 12 V na wyjsciu alarmu (1)": {
		"bitoffset": 7, 
		"ref": true, 
		"firstbyte": 6
		}, 
		"D\u00e9faut acquitement \u00e9lectrovanne diesel (X76)": {
		"bitoffset": 4, 
		"ref": true, 
		"firstbyte": 5
		}, 
		"D\u00e9faut m\u00e9mo. CO ou CC masse liaison transpondeur": {
		"bitoffset": 2, 
		"ref": true, 
		"firstbyte": 10
		}, 
		"Blad CC+12V w pol. cewki transpondera": {
		"bitoffset": 3, 
		"ref": true, 
		"firstbyte": 4
		}, 
		"Licznik pamieci przyznane z opoznieniem": {
		"ref": true, 
		"firstbyte": 15
		}, 
		"D\u00e9faut m\u00e9mo. EEPROM": {
		"ref": true, 
		"firstbyte": 9
		}, 
		"Info nauczania klucza": {
		"ref": true, 
		"firstbyte": 8
		}, 
		"Blad CCmasse w polaczeniu immo silnika": {
		"bitoffset": 6, 
		"ref": true, 
		"firstbyte": 5
		}, 
		"Blad CO lub CC masse na wyjsciu odszraniania (1)": {
		"ref": true, 
		"firstbyte": 5
		}
	}, 
	"minbytes": 19, 
	"sentbytes": "2194"
	}, 
	{
	"name": "Lecture code APV", 
	"replybytes": "61A2", 
	"deny_sds": [], 
	"manualsend": true, 
	"receivebyte_dataitems": {
		"Suma kontrolna APV": {
		"ref": true, 
		"firstbyte": 9
		}, 
		"Kod naprawczy APV": {
		"ref": true, 
		"firstbyte": 3
		}
	}, 
	"minbytes": 9, 
	"sentbytes": "21A2"
	}, 
	{
	"name": "Avec fonctionnement essuie lunette (x65)", 
	"replybytes": "7BD0", 
	"deny_sds": [], 
	"manualsend": true, 
	"minbytes": 2, 
	"sentbytes": "3BD0040301"
	}, 
	{
	"name": "Seuil vitesse buzzer oubli ceinture", 
	"deny_sds": [], 
	"manualsend": true, 
	"sendbyte_dataitems": {
		"E_Seuil vitesse de l'activation buzzer": {
		"firstbyte": 4
		}
	}, 
	"minbytes": 1, 
	"sentbytes": "3BD1320A"
	}, 
	{
	"name": "cl\u00e9 vierge", 
	"replybytes": "71B001", 
	"deny_sds": [], 
	"receivebyte_dataitems": {
		"Odpowiedz UCH": {
		"firstbyte": 3
		}
	}, 
	"minbytes": 3, 
	"sentbytes": "31B001"
	}, 
	{
	"name": "Sans antidem", 
	"replybytes": "7BD0", 
	"deny_sds": [], 
	"manualsend": true, 
	"minbytes": 2, 
	"sentbytes": "3BD0010400"
	}, 
	{
	"name": "Temps de ref protection des ouvrants", 
	"deny_sds": [], 
	"manualsend": true, 
	"sendbyte_dataitems": {
		"Temps de r\u00e9f\u00e9rence protection ouvrants": {
		"firstbyte": 4
		}
	}, 
	"minbytes": 1, 
	"sentbytes": "3BD12A02"
	}, 
	{
	"name": "E_retard d\u00e9tresse", 
	"deny_sds": [], 
	"manualsend": true, 
	"sendbyte_dataitems": {
		"e_retard d\u00e9tresse": {
		"firstbyte": 4
		}
	}, 
	"minbytes": 1, 
	"sentbytes": "3BD10105"
	}, 
	{
	"name": "Seuil lavage court/long", 
	"deny_sds": [], 
	"manualsend": true, 
	"sendbyte_dataitems": {
		"Seuil lavage court/long": {
		"firstbyte": 4
		}
	}, 
	"minbytes": 1, 
	"sentbytes": "3BD11529"
	}, 
	{
	"name": "Sans autorisation pilotage plafonnier", 
	"replybytes": "7BD0", 
	"deny_sds": [], 
	"manualsend": true, 
	"minbytes": 2, 
	"sentbytes": "3BD0020400"
	}, 
	{
	"name": "T max d\u00e9tresse", 
	"deny_sds": [], 
	"manualsend": true, 
	"sendbyte_dataitems": {
		"Tmax detresse.": {
		"firstbyte": 4
		}
	}, 
	"minbytes": 1, 
	"sentbytes": "3BD10424"
	}, 
	{
	"name": "Nbr coups balais apres lavage long", 
	"deny_sds": [], 
	"manualsend": true, 
	"sendbyte_dataitems": {
		"Liczba ruch\u00f3w wycieraczki mycia dlugiego": {
		"firstbyte": 4
		}
	}, 
	"minbytes": 1, 
	"sentbytes": "3BD11403"
	}, 
	{
	"sentbytes": "3BD0050300", 
	"deny_sds": [], 
	"minbytes": 1, 
	"manualsend": true, 
	"name": "Sans d\u00e9givrage arri\u00e8re si moteur tournant"
	}, 
	{
	"name": "Tester cl\u00e9 vierge", 
	"replybytes": "71B000", 
	"deny_sds": [], 
	"manualsend": true, 
	"receivebyte_dataitems": {
		"Odpowiedz UCH": {
		"firstbyte": 3
		}
	}, 
	"minbytes": 3, 
	"sentbytes": "31B000"
	}, 
	{
	"name": "Avec fonction d\u00e9givrage", 
	"replybytes": "7BD0", 
	"deny_sds": [], 
	"manualsend": true, 
	"minbytes": 2, 
	"sentbytes": "3BD0030101"
	}, 
	{
	"name": "CAR client off", 
	"replybytes": "7BD0", 
	"deny_sds": [], 
	"manualsend": true, 
	"minbytes": 2, 
	"sentbytes": "3BD0040200"
	}, 
	{
	"sentbytes": "3BD1", 
	"deny_sds": [], 
	"minbytes": 1, 
	"manualsend": true, 
	"name": "Retard avant arr\u00eat balais AV"
	}, 
	{
	"name": "temps avant ouverture relais plaf", 
	"deny_sds": [], 
	"manualsend": true, 
	"sendbyte_dataitems": {
		"Temps avant ouv relais plaf": {
		"firstbyte": 4
		}
	}, 
	"minbytes": 1, 
	"sentbytes": "3BD10524"
	}, 
	{
	"sentbytes": "3BD0040401", 
	"deny_sds": [], 
	"minbytes": 1, 
	"manualsend": true, 
	"name": "Avec alarme seconde monte"
	}, 
	{
	"name": "Ecriture Configuration usine", 
	"replybytes": "7BD1", 
	"deny_sds": [], 
	"manualsend": true, 
	"sendbyte_dataitems": {
		"Seuil lavage court/long": {
		"firstbyte": 23
		}, 
		"tempo avant protection v\u00e9hicule": {
		"firstbyte": 47
		}, 
		"Nbr balais ap\u00e8s lavage long": {
		"firstbyte": 22
		}, 
		"Nbr de cde max des ouvrants": {
		"firstbyte": 43
		}, 
		"Filtrage de l'arret fixe AV": {
		"firstbyte": 15
		}, 
		"temps max double appui": {
		"firstbyte": 48
		}, 
		"P\u00e9riode du clignotant": {
		"firstbyte": 57
		}, 
		"Dur\u00e9e inhibition cde d\u00e9givrage": {
		"firstbyte": 50
		}, 
		"Seuil de vitesse de la CAR": {
		"firstbyte": 41
		}, 
		"Dur\u00e9e de fontionnement max en couple bloqu\u00e9": {
		"firstbyte": 12
		}, 
		"Temps reprise apr\u00e8s blocage EV": {
		"firstbyte": 14
		}, 
		"Temporisation plaf.": {
		"firstbyte": 8
		}, 
		"E_Temps max activation d\u00e9tresse.": {
		"firstbyte": 6
		}, 
		"Temps max de cde des ouvrants.": {
		"firstbyte": 42
		}, 
		"Temps essuyage mini": {
		"firstbyte": 11
		}, 
		"Tempo avant reconda auto": {
		"firstbyte": 45
		}, 
		"P\u00e9riode du clignotant d\u00e9grad\u00e9": {
		"firstbyte": 58
		}, 
		"E_retard detresse": {
		"firstbyte": 3
		}, 
		"Retard apr\u00e8s d\u00e9tection arr\u00eat fixe AV": {
		"firstbyte": 16
		}, 
		"E_Nbr mise APC avant \u00e9ffacement code APV": {
		"firstbyte": 46
		}, 
		"Nbr de coups de balais AR": {
		"firstbyte": 39
		}, 
		"E_Dur\u00e9e du beep clignotant": {
		"firstbyte": 56
		}, 
		"Dur\u00e9e de d\u00e9givrage": {
		"firstbyte": 49
		}, 
		"Nbr balais apr\u00e8s lavage court": {
		"firstbyte": 21
		}, 
		"Temps d'arret apr\u00e8s blocage EV": {
		"firstbyte": 13
		}, 
		"Temps de r\u00e9f\u00e9rence protection ouvrants": {
		"firstbyte": 44
		}, 
		"Temps avant ouv relais plaf": {
		"firstbyte": 7
		}
	}, 
	"minbytes": 2, 
	"sentbytes": "3BD1050000242426000018140F020200000000000103290000000000000000000000000000000300083214021E0A680A0E08000A5C0A00040804"
	}, 
	{
	"name": "Entr\u00e9e app Usine", 
	"replybytes": "C002", 
	"deny_sds": [], 
	"manualsend": true, 
	"minbytes": 2, 
	"sentbytes": "8002"
	}, 
	{
	"name": "Reconda auto", 
	"replybytes": "7BD0", 
	"deny_sds": [], 
	"manualsend": true, 
	"minbytes": 2, 
	"sentbytes": "3BD0010201"
	}, 
	{
	"name": "Sans fonctionnement feu brouillard (x06)", 
	"replybytes": "7BD0", 
	"deny_sds": [], 
	"manualsend": true, 
	"minbytes": 2, 
	"sentbytes": "3BD0030300"
	}, 
	{
	"name": "Sans verrouillage cl\u00e9", 
	"replybytes": "7BD0", 
	"deny_sds": [], 
	"manualsend": true, 
	"minbytes": 2, 
	"sentbytes": "3BD0050401"
	}, 
	{
	"name": "Dur\u00e9e activation buzzer oubli ceinture", 
	"deny_sds": [], 
	"manualsend": true, 
	"sendbyte_dataitems": {
		"Czas dezaktywacji brzeczka": {
		"firstbyte": 4
		}
	}, 
	"minbytes": 1, 
	"sentbytes": "3BD13366"
	}, 
	{
	"name": "Temps d'arr\u00eat apr\u00e8s blocage EV", 
	"deny_sds": [], 
	"manualsend": true, 
	"sendbyte_dataitems": {
		"Temps d'arret apr\u00e8s blocage EV": {
		"firstbyte": 4
		}
	}, 
	"minbytes": 1, 
	"sentbytes": "3BD10B0F"
	}, 
	{
	"name": "Dur\u00e9e de d\u00e9givrage", 
	"deny_sds": [], 
	"manualsend": true, 
	"sendbyte_dataitems": {
		"Dur\u00e9e de d\u00e9givrage": {
		"firstbyte": 4
		}
	}, 
	"minbytes": 1, 
	"sentbytes": "3BD12F0E"
	}, 
	{
	"name": "CAR on", 
	"replybytes": "7BD0", 
	"deny_sds": [], 
	"manualsend": true, 
	"minbytes": 2, 
	"sentbytes": "3BD0030201"
	}, 
	{
	"name": "Entr\u00e9e app APV", 
	"replybytes": "C001", 
	"deny_sds": [], 
	"sendbyte_dataitems": {
		"Code APV": {
		"firstbyte": 3
		}
	}, 
	"minbytes": 2, 
	"sentbytes": "8001000000000000"
	}, 
	{
	"name": "Effacement_code_APV", 
	"replybytes": "71A700", 
	"deny_sds": [], 
	"manualsend": true, 
	"receivebyte_dataitems": {
		"powrot": {
		"firstbyte": 3
		}
	}, 
	"minbytes": 3, 
	"sentbytes": "31A700"
	}, 
	{
	"name": "Sortie app Usine", 
	"replybytes": "C082", 
	"deny_sds": [], 
	"manualsend": true, 
	"minbytes": 2, 
	"sentbytes": "8082"
	}, 
	{
	"name": "Sans fonction d\u00e9givrage", 
	"replybytes": "7BD0", 
	"deny_sds": [], 
	"manualsend": true, 
	"minbytes": 2, 
	"sentbytes": "3BD0030100"
	}, 
	{
	"name": "Temps max double appui", 
	"deny_sds": [], 
	"manualsend": true, 
	"sendbyte_dataitems": {
		"temps max double appui": {
		"firstbyte": 4
		}
	}, 
	"minbytes": 1, 
	"sentbytes": "3BD12E0A"
	}, 
	{
	"name": "Avec pr\u00e9sence boitier airbag", 
	"replybytes": "7BD0", 
	"deny_sds": [], 
	"manualsend": true, 
	"minbytes": 2, 
	"sentbytes": "3BD0000401"
	}, 
	{
	"name": "Sans alarme p\u00e9rim\u00e9trique", 
	"replybytes": "7BD0", 
	"deny_sds": [], 
	"manualsend": true, 
	"minbytes": 2, 
	"sentbytes": "3BD0010100"
	}, 
	{
	"name": "Seuil de vitesse de la car", 
	"deny_sds": [], 
	"manualsend": true, 
	"sendbyte_dataitems": {
		"Seuil de vitesse de la CAR": {
		"firstbyte": 4
		}
	}, 
	"minbytes": 1, 
	"sentbytes": "3BD12708"
	}, 
	{
	"name": "Dur\u00e9e de fctment max en couple bloqu\u00e9", 
	"deny_sds": [], 
	"manualsend": true, 
	"sendbyte_dataitems": {
		"Dur\u00e9e de fontionnement max en couple bloqu\u00e9": {
		"firstbyte": 4
		}
	}, 
	"minbytes": 1, 
	"sentbytes": "3BD10A14"
	}, 
	{
	"name": "E_dur\u00e9e du bip clignotant", 
	"deny_sds": [], 
	"manualsend": true, 
	"sendbyte_dataitems": {
		"E_Dur\u00e9e du beep clignotant": {
		"firstbyte": 4
		}
	}, 
	"minbytes": 1, 
	"sentbytes": "3BD13604"
	}, 
	{
	"name": "StopRoutine", 
	"deny_sds": [], 
	"manualsend": true, 
	"receivebyte_dataitems": {
		"Status de sortie de routine": {
		"firstbyte": 3
		}
	}, 
	"minbytes": 3, 
	"sentbytes": "32A600"
	}, 
	{
	"name": "Sans autorisation fct alarme survitesse", 
	"replybytes": "7BD0", 
	"deny_sds": [], 
	"manualsend": true, 
	"minbytes": 2, 
	"sentbytes": "3BD0000100"
	}, 
	{
	"name": "mode APV", 
	"replybytes": "50", 
	"deny_sds": [], 
	"manualsend": true, 
	"minbytes": 1, 
	"sentbytes": "10C0"
	}, 
	{
	"name": "Avec antidem", 
	"replybytes": "7BD0", 
	"deny_sds": [], 
	"manualsend": true, 
	"minbytes": 2, 
	"sentbytes": "3BD0010401"
	}, 
	{
	"name": "CAR client on", 
	"replybytes": "7BD0", 
	"deny_sds": [], 
	"manualsend": true, 
	"minbytes": 2, 
	"sentbytes": "3BD0040201"
	}, 
	{
	"name": "Nbr coups balais apres lavage court", 
	"deny_sds": [], 
	"manualsend": true, 
	"sendbyte_dataitems": {
		"Liczba ruch\u00f3w wycieraczki mycia kr\u00f3tkiego": {
		"firstbyte": 4
		}
	}, 
	"minbytes": 1, 
	"sentbytes": "3BD11301"
	}, 
	{
	"name": "Sans pr\u00e9sence boitier airbag", 
	"replybytes": "7BD0", 
	"deny_sds": [], 
	"manualsend": true, 
	"minbytes": 2, 
	"sentbytes": "3BD0000400"
	}, 
	{
	"name": "Temps essuyage mini", 
	"deny_sds": [], 
	"manualsend": true, 
	"sendbyte_dataitems": {
		"Temps essuyage mini": {
		"firstbyte": 4
		}
	}, 
	"minbytes": 1, 
	"sentbytes": "3BD10918"
	}, 
	{
	"name": "Lecture Etats Antid\u00e9marrage", 
	"replybytes": "61DB", 
	"deny_sds": [], 
	"receivebyte_dataitems": {
		"Stan automatycznego ryglowania": {
		"bitoffset": 5, 
		"ref": true, 
		"firstbyte": 16
		}, 
		"Wejscie w tryb relokacji APV": {
		"bitoffset": 4, 
		"ref": true, 
		"firstbyte": 5
		}, 
		"Liczba kluczy nauczonych w stand. 315 MHz": {
		"ref": true, 
		"firstbyte": 13
		}, 
		"Kod RF otrzymany prawid\u0142owy i potwierdzony": {
		"bitoffset": 2, 
		"ref": true, 
		"firstbyte": 17
		}, 
		"Wejscie w tryb uczenia APV": {
		"bitoffset": 5, 
		"ref": true, 
		"firstbyte": 5
		}, 
		"Otrzymana identyfikacja w poprawnym formacie": {
		"bitoffset": 6, 
		"ref": true, 
		"firstbyte": 3
		}, 
		"Kod APV rozpoznany": {
		"ref": true, 
		"firstbyte": 5
		}, 
		"Wsparcie otwrcia drzwi kierowcy": {
		"bitoffset": 7, 
		"ref": true, 
		"firstbyte": 17
		}, 
		"Prezentacja klucza locke (zalokowany/w\u0142o\u017cony)": {
		"bitoffset": 7, 
		"ref": true, 
		"firstbyte": 5
		}, 
		"Otrzymana odpowiedz na zapytanie": {
		"bitoffset": 4, 
		"ref": true, 
		"firstbyte": 3
		}, 
		"UCH nowe": {
		"bitoffset": 7, 
		"ref": true, 
		"firstbyte": 3
		}, 
		"Cz\u0119stotliwo\u015b\u0107 prezento. klucza": {
		"bitoffset": 1, 
		"ref": true, 
		"firstbyte": 4
		}, 
		"Wejscie w tryb uczenia fabrycznego": {
		"bitoffset": 6, 
		"ref": true, 
		"firstbyte": 5
		}, 
		"Apprentissage antid\u00e9marrage non termin\u00e9": {
		"bitoffset": 2, 
		"ref": true, 
		"firstbyte": 5
		}, 
		"Wsparcie zamkniecia drzwi": {
		"bitoffset": 5, 
		"ref": true, 
		"firstbyte": 17
		}, 
		"Nauczanie klucza nie wykonane": {
		"bitoffset": 3, 
		"ref": true, 
		"firstbyte": 5
		}, 
		"Liczba kluczy nauczonych w stand.433 MHz": {
		"ref": true, 
		"firstbyte": 12
		}, 
		"Nb Echecs d Authentification": {
		"ref": true, 
		"firstbyte": 24
		}, 
		"Code APV disponible pour l outil bord de chaine": {
		"bitoffset": 1, 
		"ref": true, 
		"firstbyte": 5
		}, 
		"Rozruch autoryzowany ( kod immo wys\u0142any> Inj )": {
		"bitoffset": 2, 
		"ref": true, 
		"firstbyte": 3
		}, 
		"Ostatnie polecenie pilota": {
		"bitoffset": 7, 
		"ref": true, 
		"firstbyte": 16
		}, 
		"Kod RF Otrzymany": {
		"bitoffset": 3, 
		"ref": true, 
		"firstbyte": 17
		}, 
		"Prezentacja klucza nowego": {
		"ref": true, 
		"firstbyte": 4
		}, 
		"Identyfikacja klucza prezent.": {
		"ref": true, 
		"firstbyte": 7, 
		"endian": "Little"
		}, 
		"Prog predkosci ryglowania auta": {
		"bitoffset": 2, 
		"ref": true, 
		"firstbyte": 16
		}, 
		"Nb Essais d Authentification": {
		"ref": true, 
		"firstbyte": 22
		}, 
		"Nb Echecs de Resynchro.": {
		"ref": true, 
		"firstbyte": 25
		}, 
		"Identyfikacja klucza RF otrzymana": {
		"ref": true, 
		"firstbyte": 18
		}, 
		"Liczna kluczy nauczonych": {
		"ref": true, 
		"firstbyte": 11
		}, 
		"Zamykanie podczas jazdy aktywne": {
		"bitoffset": 4, 
		"ref": true, 
		"firstbyte": 16
		}, 
		"Zident. klucz 1": {
		"bitoffset": 7, 
		"ref": true, 
		"firstbyte": 4
		}, 
		"Zident. klucz 2": {
		"bitoffset": 6, 
		"ref": true, 
		"firstbyte": 4
		}, 
		"Zident. klucz 3": {
		"bitoffset": 5, 
		"ref": true, 
		"firstbyte": 4
		}, 
		"Identyf. sprawdzona przez UCH": {
		"bitoffset": 5, 
		"ref": true, 
		"firstbyte": 3
		}, 
		"Zident. klucz 4": {
		"bitoffset": 4, 
		"ref": true, 
		"firstbyte": 4
		}, 
		"Wpsarcie otwarcia drzwi": {
		"bitoffset": 6, 
		"ref": true, 
		"firstbyte": 17
		}, 
		"APC pojazdu": {
		"bitoffset": 1, 
		"ref": true, 
		"firstbyte": 16
		}, 
		"Ordre effacement code APV re\u00e7u": {
		"ref": true, 
		"firstbyte": 6
		}, 
		"Odpowiedz na zapytanie OK z skucesem": {
		"bitoffset": 3, 
		"ref": true, 
		"firstbyte": 3
		}, 
		"Ryglowanie auta podczas jazdy": {
		"bitoffset": 3, 
		"ref": true, 
		"firstbyte": 16
		}, 
		"Zrodlo ostatniego polecenia otwarcia": {
		"bitoffset": 6, 
		"ref": true, 
		"firstbyte": 16
		}
	}, 
	"minbytes": 26, 
	"sentbytes": "21DB"
	}, 
	{
	"name": "Sans cl\u00e9 RF", 
	"replybytes": "7BD0", 
	"deny_sds": [], 
	"manualsend": true, 
	"minbytes": 2, 
	"sentbytes": "3BD0060400"
	}, 
	{
	"name": "Bouton une position", 
	"replybytes": "7BD0", 
	"deny_sds": [], 
	"manualsend": true, 
	"minbytes": 2, 
	"sentbytes": "3BD0020301"
	}, 
	{
	"name": "Avec fonctionnement feu brouillard (x06)", 
	"replybytes": "7BD0", 
	"deny_sds": [], 
	"manualsend": true, 
	"minbytes": 2, 
	"sentbytes": "3BD0030301"
	}, 
	{
	"name": "Retard apr\u00e8s d\u00e9tection arr\u00eat fixe AV", 
	"deny_sds": [], 
	"manualsend": true, 
	"sendbyte_dataitems": {
		"E_Retard avant arr\u00eat balais AV.": {
		"firstbyte": 4
		}
	}, 
	"minbytes": 1, 
	"sentbytes": "3BD10E00"
	}, 
	{
	"name": "Cl\u00e9 un bouton", 
	"replybytes": "7BD0", 
	"deny_sds": [], 
	"manualsend": true, 
	"minbytes": 2, 
	"sentbytes": "3BD0030400"
	}, 
	{
	"name": "mode BE", 
	"replybytes": "50", 
	"deny_sds": [], 
	"manualsend": true, 
	"minbytes": 1, 
	"sentbytes": "10A0"
	}, 
	{
	"name": "Cl\u00e9 deux boutons", 
	"replybytes": "7BD0", 
	"deny_sds": [], 
	"manualsend": true, 
	"minbytes": 2, 
	"sentbytes": "3BD0030401"
	}, 
	{
	"name": "Avec alarme p\u00e9rim\u00e9trique", 
	"replybytes": "7BD0", 
	"deny_sds": [], 
	"manualsend": true, 
	"minbytes": 2, 
	"sentbytes": "3BD0010101"
	}, 
	{
	"name": "Avec autorisation buzzer oubli ceinture", 
	"replybytes": "7BD0", 
	"deny_sds": [], 
	"manualsend": true, 
	"minbytes": 2, 
	"sentbytes": "3BD0070401"
	}, 
	{
	"name": "Authentification_permanente", 
	"replybytes": "71A600", 
	"deny_sds": [], 
	"manualsend": true, 
	"receivebyte_dataitems": {
		"odpowiedz": {
		"firstbyte": 3
		}
	}, 
	"minbytes": 3, 
	"sentbytes": "31A600"
	}, 
	{
	"name": "Sans autorisation buzzer oubli ceinture", 
	"replybytes": "7BD0", 
	"deny_sds": [], 
	"manualsend": true, 
	"minbytes": 2, 
	"sentbytes": "3BD0070400"
	}, 
	{
	"name": "Tempo plafonnier", 
	"deny_sds": [], 
	"manualsend": true, 
	"sendbyte_dataitems": {
		"Temporisation plaf.": {
		"firstbyte": 4
		}
	}, 
	"minbytes": 1, 
	"sentbytes": "3BD10626"
	}, 
	{
	"name": "Ecriture ConfiguUsine - Param\u00e8tres g\u00e9n\u00e9raux", 
	"replybytes": "7BD0", 
	"deny_sds": [], 
	"manualsend": true, 
	"sendbyte_dataitems": {
		"E_Autorisation antid\u00e9marrage": {
		"bitoffset": 6, 
		"firstbyte": 6
		}, 
		"E_V\u00e9rrouillage cl\u00e9": {
		"bitoffset": 2, 
		"firstbyte": 6
		}, 
		"E_allumage detresse si choc": {
		"firstbyte": 3
		}, 
		"E_condamnation en roulant": {
		"bitoffset": 4, 
		"firstbyte": 4
		}, 
		"E_Configuration diesel F8Q": {
		"bitoffset": 5, 
		"firstbyte": 3
		}, 
		"E_Cl\u00e9 deux boutons": {
		"bitoffset": 4, 
		"firstbyte": 6
		}, 
		"E_Autorisation pilotage plafonnier": {
		"bitoffset": 5, 
		"firstbyte": 6
		}, 
		"E_v\u00e9hicule \u00e9quip\u00e9 d'une cl\u00e9 RF": {
		"bitoffset": 1, 
		"firstbyte": 6
		}, 
		"E_feu de brouillard": {
		"bitoffset": 4, 
		"firstbyte": 5
		}, 
		"E_Plafonnier temporis\u00e9": {
		"firstbyte": 4
		}, 
		"E_recondamnation automatique": {
		"bitoffset": 6, 
		"firstbyte": 4
		}, 
		"E_buzzer oubli ceinture": {
		"firstbyte": 6
		}, 
		"E_alarme survitesse": {
		"bitoffset": 7, 
		"firstbyte": 3
		}, 
		"E_CAR Client activ\u00e9": {
		"bitoffset": 3, 
		"firstbyte": 4
		}, 
		"E_Alimentation plaf pr\u00e9sente": {
		"bitoffset": 1, 
		"firstbyte": 4
		}, 
		"E_alarme p\u00e9rim\u00e9trique": {
		"bitoffset": 6, 
		"firstbyte": 3
		}, 
		"E_Alarme seconde monte pr\u00e9sente": {
		"bitoffset": 3, 
		"firstbyte": 6
		}, 
		"E_essuie lunette autoris\u00e9": {
		"bitoffset": 3, 
		"firstbyte": 5
		}, 
		"E_Info r\u00e9gime pour lard": {
		"bitoffset": 2, 
		"firstbyte": 5
		}, 
		"E_Pr\u00e9sence boitier airbag": {
		"bitoffset": 7, 
		"firstbyte": 6
		}, 
		"E_Bonton CPE une position": {
		"bitoffset": 5, 
		"firstbyte": 5
		}
	}, 
	"minbytes": 2, 
	"sentbytes": "3BD080CA0C67"
	}, 
	{
	"name": "Temps de reprise apr\u00e8s bloc EV", 
	"deny_sds": [], 
	"manualsend": true, 
	"sendbyte_dataitems": {
		"Temps reprise apr\u00e8s blocage EV": {
		"firstbyte": 4
		}
	}, 
	"minbytes": 1, 
	"sentbytes": "3BD10C02"
	}, 
	{
	"sentbytes": "3BD0050301", 
	"deny_sds": [], 
	"minbytes": 1, 
	"manualsend": true, 
	"name": "Avec d\u00e9givrage arri\u00e8re si moteur tournant"
	}, 
	{
	"name": "Lecture Etats des sorties", 
	"replybytes": "61DD", 
	"deny_sds": [], 
	"receivebyte_dataitems": {
		"Przekaznik alarmu 1-go zamontow.": {
		"bitoffset": 3, 
		"ref": true, 
		"firstbyte": 5
		}, 
		"Zamykanie drzwi": {
		"bitoffset": 7, 
		"ref": true, 
		"firstbyte": 3
		}, 
		"Podgrzewanie tylnej szyby": {
		"ref": true, 
		"firstbyte": 5
		}, 
		"LED Verlog (dioda Immo)": {
		"bitoffset": 4, 
		"ref": true, 
		"firstbyte": 4
		}, 
		"Wycieraczka tylna": {
		"bitoffset": 6, 
		"ref": true, 
		"firstbyte": 5
		}, 
		"Migacze lewe": {
		"bitoffset": 3, 
		"ref": true, 
		"firstbyte": 3
		}, 
		"Otwieranie drzwi pasazera i tylu": {
		"bitoffset": 5, 
		"ref": true, 
		"firstbyte": 3
		}, 
		"Podwojna czestot. migaczy": {
		"bitoffset": 1, 
		"ref": true, 
		"firstbyte": 3
		}, 
		"Lampka suf. z opoznieniem": {
		"ref": true, 
		"firstbyte": 3
		}, 
		"Dioda cpe / wyjscie alarmu APV": {
		"bitoffset": 5, 
		"ref": true, 
		"firstbyte": 4
		}, 
		"Normalna czestototliwosc migaczy": {
		"bitoffset": 2, 
		"ref": true, 
		"firstbyte": 3
		}, 
		"wyjscie zasilania lampki sufitowej": {
		"ref": true, 
		"firstbyte": 4
		}, 
		"Tylne swiatlo przeciwmgielne": {
		"bitoffset": 2, 
		"ref": true, 
		"firstbyte": 4
		}, 
		"Buzzer (brzeczyk)": {
		"bitoffset": 7, 
		"firstbyte": 8
		}, 
		"Otwieranie drzwi kierowcy": {
		"bitoffset": 6, 
		"ref": true, 
		"firstbyte": 3
		}, 
		"Migacze prawe": {
		"bitoffset": 4, 
		"ref": true, 
		"firstbyte": 3
		}, 
		"Wycieraczki przednie": {
		"bitoffset": 7, 
		"ref": true, 
		"firstbyte": 4
		}
	}, 
	"minbytes": 8, 
	"sentbytes": "21DD"
	}, 
	{
	"name": "Nbs de mise APC avant effacement code APV", 
	"deny_sds": [], 
	"manualsend": true, 
	"sendbyte_dataitems": {
		"E_Nbr mise APC avant \u00e9ffacement code APV": {
		"firstbyte": 4
		}
	}, 
	"minbytes": 1, 
	"sentbytes": "3BD12C0A"
	}, 
	{
	"name": "StartRoutine", 
	"deny_sds": [], 
	"manualsend": true, 
	"receivebyte_dataitems": {
		"Status": {
		"firstbyte": 7
		}, 
		"N\u00b0 sortie activ\u00e9e": {
		"firstbyte": 2
		}, 
		"Status entr\u00e9e routine": {
		"firstbyte": 3
		}, 
		"Identity_roue": {
		"firstbyte": 4
		}
	}, 
	"sendbyte_dataitems": {
		"N\u00b0 routine \u00e0 lancer": {
		"firstbyte": 2
		}, 
		"N\u00b0 routine \u00e0 surveiller": {
		"firstbyte": 3
		}
	}, 
	"minbytes": 7, 
	"sentbytes": "310000"
	}, 
	{
	"name": "Tempo avant mise en route protect vehicule", 
	"deny_sds": [], 
	"manualsend": true, 
	"sendbyte_dataitems": {
		"tempo avant protection v\u00e9hicule": {
		"firstbyte": 4
		}
	}, 
	"minbytes": 1, 
	"sentbytes": "3BD12D68"
	}
], 
"data": {
	"Licznik pamieci brak\u00f3w przyznania od transp.": {
	"scaled": true
	}, 
	"wejscie przyci. CPE zamykania": {
	"bitscount": 1, 
	"lists": {
		"0": "0", 
		"1": "activ\u00e9"
	}
	}, 
	"Op\u00f3znienie po wykryciu zatrzymania wycieraczki": {
	"scaled": true, 
	"comment": "pour ajuster la position du balai \u00e0 l'arret si besoin", 
	"step": 6.0, 
	"unit": "ms"
	}, 
	"E_V\u00e9rrouillage cl\u00e9": {
	"bitscount": 1, 
	"lists": {
		"0": "tak", 
		"1": "nie"
	}
	}, 
	"Status de sortie de routine": {
	"lists": {
		"1": "Routine en cours", 
		"2": "Routine termin\u00e9e OK", 
		"4": "Routine termin\u00e9e non OK"
	}
	}, 
	"Nbr mise APC avant \u00e9ffacement code APV": {
	"scaled": true, 
	"comment": "nombre de mise APC avant \u00e9ffacement du code apr\u00e8s vente"
	}, 
	"Wejscie w tryb uczenia APV": {
	"bitscount": 1, 
	"lists": {
		"0": "nie", 
		"1": "tak"
	}
	}, 
	"wejscie tylnych przeciwmgielnych": {
	"bitscount": 1, 
	"lists": {
		"0": "OFF", 
		"1": "ON"
	}
	}, 
	"Dur\u00e9e inhibition cde d\u00e9givrage": {
	"scaled": true, 
	"comment": "inhibition de la commande pour \u00e9viter les doubles appuis involontaires", 
	"step": 25.0
	}, 
	"E_Info r\u00e9gime pour lard": {
	"comment": "Fonctionnement lunette arri\u00e8re d\u00e9givrante avec ou sans moteur tournant", 
	"bitscount": 1, 
	"lists": {
		"0": "nie", 
		"1": "tak"
	}
	}, 
	"Configuration diesel F8Q": {
	"comment": "tak = le moteur diesel F8Q est \u00e9quip\u00e9 d'une \u00e9lectrovanne cod\u00e9e", 
	"bitscount": 1, 
	"lists": {
		"0": "nie", 
		"1": "tak"
	}
	}, 
	"Otrzymana odpowiedz na zapytanie": {
	"bitscount": 1, 
	"lists": {
		"0": "nie", 
		"1": "tak"
	}
	}, 
	"Czas przed unieruchomieniem silnika (od immo)": {
	"scaled": true, 
	"comment": "tempo entre coupure apc et envoi interdiction d\u00e9marrage vers calc moteur", 
	"step": 0.098, 
	"unit": "s"
	}, 
	"Czas rozmrazania szyby tylnej": {
	"scaled": true, 
	"step": 0.84, 
	"unit": "mn"
	}, 
	"Stan automatycznego ryglowania": {
	"bitscount": 1, 
	"lists": {
		"0": "nie", 
		"1": "tak"
	}
	}, 
	"Dur\u00e9e de fontionnement max en couple bloqu\u00e9": {
	"scaled": true
	}, 
	"Okres zatrzymania przed blokada (przednia i tylna).": {
	"scaled": true, 
	"comment": "temps d'arret du pilotage du moteur d'EV si pas de d\u00e9tection d'info arret fixe", 
	"unit": "s"
	}, 
	"Licznik szoki(udzerzenia) pamieci": {
	"scaled": true
	}, 
	"referencyjny numer cde max silniczk\u00f3w drzwi": {
	"scaled": true, 
	"divideby": 2.0, 
	"comment": "Zabezpiecznie silniczk\u00f3w drzwi", 
	"unit": "s"
	}, 
	"E_Cl\u00e9 deux boutons": {
	"comment": "1 = fonctionnement cl\u00e9 RF avec ouverture porte conducteur seule", 
	"bitscount": 1, 
	"lists": {
		"0": "un", 
		"1": "deux"
	}
	}, 
	"wejscie migaczy prawych (1)": {
	"comment": "niveau sur l'entr\u00e9e clignotant droit", 
	"bitscount": 1, 
	"lists": {
		"0": "OFF", 
		"1": "Miga"
	}
	}, 
	"E_Retard apr\u00e8s d\u00e9tection arret fixe arri\u00e8re": {
	"scaled": true, 
	"step": 6.0, 
	"unit": "ms"
	}, 
	"Kod RF otrzymany prawid\u0142owy i potwierdzony": {
	"bitscount": 1, 
	"lists": {
		"0": "nie", 
		"1": "tak"
	}
	}, 
	"Licznik lub numery przesluchania dla sekwencji autoryzacji": {
	"scaled": true
	}, 
	"R\u00e9f\u00e9rence Renault": {
	"bytescount": 5, 
	"byte": true, 
	"bitscount": 40
	}, 
	"Temps max de cde des ouvrants.": {
	"scaled": true, 
	"comment": "temps de commande des serrures \u00e9lectrique", 
	"step": 10.0, 
	"unit": "ms"
	}, 
	"E_recondamnation automatique": {
	"bitscount": 1, 
	"lists": {
		"0": "nie", 
		"1": "tak"
	}
	}, 
	"Tempo avant reconda auto": {
	"scaled": true
	}, 
	"N\u00b0 Fournisseur": {
	"bytescount": 3, 
	"byte": true, 
	"bitscount": 24
	}, 
	"Liczba ruch\u00f3w wycieraczki tylnej po myciu": {
	"scaled": true
	}, 
	"Czas auto. ryglowania drzwi bez ich otwarcia": {
	"scaled": true, 
	"comment": "Jesli zamkniemy drzwi i pilot je otworzy, ale drzwi nie otworzymy to po tym czasie drzwi  sie zamkna", 
	"unit": "s"
	}, 
	"D\u00e9faut m\u00e9mo. airbag": {
	"bitscount": 1, 
	"lists": {
		"0": "OK", 
		"1": "Panne"
	}
	}, 
	"Rozruch autoryzowany ( kod immo wys\u0142any> Inj )": {
	"comment": "1 = code verlog envoy\u00e9 \u00e0 l'injection ( D\u00e9marrage autoris\u00e9 )", 
	"bitscount": 1, 
	"lists": {
		"0": "tak", 
		"1": "nie"
	}
	}, 
	"autoryzacja brzeczka przy niezapietych pasach (X06)": {
	"comment": "oui = buzzer activ\u00e9 si la ceinture n'est pas boucl\u00e9e en roulage", 
	"bitscount": 1, 
	"lists": {
		"0": "nie", 
		"1": "tak"
	}
	}, 
	"D\u00e9faut m\u00e9mo. CC +12V sortie d\u00e9givrage": {
	"bitscount": 1, 
	"lists": {
		"0": "OK", 
		"1": "Panne"
	}
	}, 
	"P\u00e9riode du clignotant d\u00e9grad\u00e9": {
	"scaled": true, 
	"step": 100.0
	}, 
	"wejscie zwrotne verlog (immo) (1)": {
	"comment": "niveau sur la liaison verlog", 
	"bitscount": 1, 
	"lists": {
		"0": "OFF", 
		"1": "ON"
	}
	}, 
	"Kod RF Otrzymany": {
	"bitscount": 1, 
	"lists": {
		"0": "nie", 
		"1": "tak"
	}
	}, 
	"Blad CO lub CC masse na wyjsciu alarmu(1)": {
	"bitscount": 1, 
	"lists": {
		"0": "OK", 
		"1": "Panne"
	}
	}, 
	"D\u00e9faut m\u00e9mo. arr\u00eat fixe essuyage avant": {
	"bitscount": 1, 
	"lists": {
		"0": "OK", 
		"1": "Panne"
	}
	}, 
	"D\u00e9faut m\u00e9mo. acquitement \u00e9lectrovanne diesel": {
	"bitscount": 1, 
	"lists": {
		"0": "OK", 
		"1": "Panne"
	}
	}, 
	"Nbr de coups de balais AR": {
	"scaled": true
	}, 
	"Info nauczania klucza": {
	"comment": "information sur l'apprentissage des cl\u00e9s", 
	"lists": {
		"0": "RAS", 
		"1": "pierwszy klucz nauczony OK", 
		"2": "nauka drugiego klucza OK", 
		"17": "usine : \u00e9chec lecture de la valeur de resynchro (17)", 
		"19": "usine : \u00e9chec \u00e9criture code en EEPROM (19", 
		"161": "apprentissage  : \u00e9chec authentification ISK / APV (A1)", 
		"11": "usine : \u00e9chec authentification valeur de transport (11)", 
		"12": "usine : \u00e9chec \u00e9criture de l'ISK (12)", 
		"162": "apprentissage : \u00e9chec resynchro  (A2)", 
		"14": "usine : \u00e9chec \u00e9criture de la RSK (14)", 
		"13": "usine :\u00e9chec authentification avec l'ISK (13)", 
		"16": "usine : \u00e9chec resynchronisation (16)", 
		"177": "r\u00e9affectation : \u00e9chec resynchro (B1)", 
		"18": "usine : \u00e9chec v\u00e9rrouillage de la cl\u00e9 (18)", 
		"179": "r\u00e9affectation : \u00e9chec \u00e9criture ISK (B3)", 
		"180": "r\u00e9affectation : \u00e9chec authentification avec ISK (B4)", 
		"178": "r\u00e9affectation : \u00e9chec authenti. avec valeur transport (B2)", 
		"182": "r\u00e9affectation : \u00e9chec resynchronisation (B6)", 
		"183": "r\u00e9affectation : \u00e9chec v\u00e9rrouillage de la cl\u00e9 (B7)", 
		"15": "usine : \u00e9chec lecture de la RSK (15)", 
		"181": "r\u00e9affectation : \u00e9chec \u00e9criture RSK (B5)"
	}
	}, 
	"Maksymalna ilosc silnik\u00f3w zamykania drzwi": {
	"scaled": true
	}, 
	"E_Dur\u00e9e du beep clignotant": {
	"scaled": true, 
	"step": 6.0, 
	"unit": "ms"
	}, 
	"N\u00b0 sortie activ\u00e9e": {
	"lists": {
		"160": "D\u00e9marrage cycle fiabilit\u00e9 experimentale", 
		"164": "Tester le lecteur", 
		"166": "authentification permanente du badge", 
		"167": "Recharge accu", 
		"170": "Forcage en position du moteur DAV", 
		"171": "Lecture IDs code recu par UCH", 
		"172": "Allumage t\u00e9moin COPP et ouvrants de la vignette", 
		"176": "Authentification avec cl\u00e9 de transport", 
		"177": "Testet le niveau \u00e9lectrique de la pile"
	}
	}, 
	"Wycieraczki przednie": {
	"bitscount": 1, 
	"lists": {
		"0": "OFF", 
		"1": "ON"
	}
	}, 
	"Nb Essais d Authentification": {
	"scaled": true, 
	"bytescount": 2, 
	"bitscount": 16
	}, 
	"Status entr\u00e9e routine": {
	"lists": {
		"1": "Routine en cours", 
		"2": "Routine termin\u00e9e OK", 
		"4": "Routine termin\u00e9e non OK"
	}
	}, 
	"Okres blokowania po 1-ym nacisnieciu": {
	"scaled": true, 
	"comment": "Jak wlaczysz ogrzewanie szyby to dopiero po tym czasie mozesz wylaczyc ogrzewanie", 
	"step": 25.0, 
	"unit": "ms"
	}, 
	"E_Autorisation antid\u00e9marrage": {
	"comment": "0 = fonctionnement v\u00e9hicule sans bague et transpondeur. 1 = fontionnement avec bague + transponseur", 
	"bitscount": 1, 
	"lists": {
		"0": "nie", 
		"1": "tak"
	}
	}, 
	"Liczna kluczy nauczonych": {
	"scaled": true
	}, 
	"Liczba ruch\u00f3w wycieraczki mycia kr\u00f3tkiego": {
	"scaled": true
	}, 
	"Zamykanie podczas jazdy aktywne": {
	"bitscount": 1, 
	"lists": {
		"0": "nie", 
		"1": "tak"
	}
	}, 
	"wejscie mycia tylnej (1)": {
	"comment": "niveau sur l'entr\u00e9e lave vitre arri\u00e8re", 
	"bitscount": 1, 
	"lists": {
		"0": "OFF", 
		"1": "ON"
	}
	}, 
	"VIN": {
	"bytescount": 17, 
	"byte": true, 
	"bitscount": 136
	}, 
	"Autoryzacja funkcji alarmu przekroczenia predkosci": {
	"comment": "oui = le buzzer est activ\u00e9e si la vitesse est sup\u00e9rieure \u00e0 120 km/h", 
	"bitscount": 1, 
	"lists": {
		"0": "nie", 
		"1": "tak"
	}
	}, 
	"Pilot radiowy RF": {
	"comment": "oui = v\u00e9hicule \u00e9quip\u00e9 de la fonction RF", 
	"bitscount": 1, 
	"lists": {
		"0": "nie", 
		"1": "tak"
	}
	}, 
	"Temps d'arret apr\u00e8s blocage EV": {
	"scaled": true, 
	"unit": "s"
	}, 
	"E_allumage detresse si choc": {
	"comment": "allumage des feux de d\u00e9tresse apr\u00e8s un choc", 
	"bitscount": 1, 
	"lists": {
		"0": "nie", 
		"1": "tak"
	}
	}, 
	"E_alarme survitesse": {
	"comment": "0 = pas de fonctionnement .  1 = fonctionnement autoris\u00e9 de l'alarme survitesse", 
	"bitscount": 1, 
	"lists": {
		"0": "nie", 
		"1": "tak"
	}
	}, 
	"Blad CO lub CC masse na wyjsciu odszraniania (1)": {
	"bitscount": 1, 
	"lists": {
		"0": "OK", 
		"1": "Panne"
	}
	}, 
	"Czas sygnalu kierunkowskaz\u00f3w": {
	"scaled": true, 
	"step": 6.0, 
	"unit": "ms"
	}, 
	"E_Seuil vitesse de l'activation buzzer": {
	"scaled": true, 
	"comment": "oubli ceinture : seuil de vitesse de l'activation du buzzer (\u00e9criture)", 
	"unit": "km/h"
	}, 
	"Nbr de cde max des ouvrants": {
	"scaled": true, 
	"comment": "protection moteurs de portes", 
	"unit": "km/h"
	}, 
	"Entr\u00e9e vitesse v\u00e9hicule": {
	"scaled": true, 
	"bitscount": 1
	}, 
	"D\u00e9faut m\u00e9mo. CC 12 V liaison verlog moteur": {
	"bitscount": 1, 
	"lists": {
		"0": "OK", 
		"1": "Panne"
	}
	}, 
	"E_alarme p\u00e9rim\u00e9trique": {
	"comment": "Fonctionnement de l'alarme p\u00e9rim\u00e9trique autoris\u00e9 si flag = 1", 
	"bitscount": 1, 
	"lists": {
		"0": "nie", 
		"1": "tak"
	}
	}, 
	"wejscie przyci. CPE otwierania": {
	"bitscount": 1, 
	"lists": {
		"0": "0", 
		"1": "activ\u00e9"
	}
	}, 
	"Status": {
	"scaled": true
	}, 
	"CRC": {
	"bytescount": 2, 
	"byte": true, 
	"bitscount": 16
	}, 
	"Blad Airbag w polaczeniu airbag-UCH": {
	"bitscount": 1, 
	"lists": {
		"0": "OK", 
		"1": "Panne"
	}
	}, 
	"Dioda cpe / wyjscie alarmu APV": {
	"bitscount": 1, 
	"lists": {
		"0": "OFF", 
		"1": "ON"
	}
	}, 
	"Wsparcie otwrcia drzwi kierowcy": {
	"bitscount": 1, 
	"lists": {
		"0": "nie", 
		"1": "tak"
	}
	}, 
	"wyjscie zasilania lampki sufitowej": {
	"bitscount": 1, 
	"lists": {
		"0": "OFF", 
		"1": "ON"
	}
	}, 
	"Prezentacja klucza locke (zalokowany/w\u0142o\u017cony)": {
	"bitscount": 1, 
	"lists": {
		"0": "nie", 
		"1": "tak"
	}
	}, 
	"wystepowanie polaczenia airbag-UCH (z CAR)": {
	"comment": "oui = un fil est pr\u00e9sent entre l'airbag et l'uch pour envoyer l'info \"choc\" (li\u00e9 \u00e0 la fonction CAR)", 
	"bitscount": 1, 
	"lists": {
		"0": "nie", 
		"1": "tak"
	}
	}, 
	"copie de N\u00b0 sortie activ\u00e9e": {}, 
	"Blad stopu wycieraczki tylnej (1)": {
	"bitscount": 1, 
	"lists": {
		"0": "OK", 
		"1": "Panne"
	}
	}, 
	"Code APV": {
	"bytescount": 6, 
	"byte": true, 
	"bitscount": 48
	}, 
	"Aktualna wartosc pradowa migajacych kierunkowsk.": {
	"scaled": true, 
	"divideby": 76.0, 
	"unit": "A"
	}, 
	"Blad CC w 12V w polaczeniu immo silnka": {
	"bitscount": 1, 
	"lists": {
		"0": "OK", 
		"1": "Panne"
	}
	}, 
	"Temps reprise apr\u00e8s blocage EV": {
	"scaled": true, 
	"comment": "pour le fonctionnement d\u00e9grad\u00e9 des essuie-vitres", 
	"unit": "ms"
	}, 
	"Temporisation plaf.": {
	"scaled": true, 
	"step": 0.8
	}, 
	"Aktywacja lub deaktywacja": {
	"lists": {
		"0": "Deaktywacja", 
		"1": "Tylko jedna komenda", 
		"255": "Aktywacja permanentna"
	}
	}, 
	"powrot": {
	"lists": {
		"0": "OK", 
		"1": "w trakcie", 
		"2": "ukoncz. OK", 
		"4": "Nie OK"
	}
	}, 
	"Czas ostatecznego wylaczenia lampki sufitowej": {
	"scaled": true, 
	"comment": "Wylaczenie lampki nawet jak drzwi sa otwarte (ABY AKKU SIe NIE WYCZERPAl)", 
	"step": 0.84, 
	"unit": "mn"
	}, 
	"Nauczanie klucza nie wykonane": {
	"bitscount": 1, 
	"lists": {
		"0": "wykonane", 
		"1": "nie wykon."
	}
	}, 
	"Liczba kluczy nauczonych w stand.433 MHz": {
	"scaled": true
	}, 
	"Blad CCmasse w polaczeniu immo silnika": {
	"comment": "liaison uch calc moteur \u00e0 la masse", 
	"bitscount": 1, 
	"lists": {
		"0": "OK", 
		"1": "Panne"
	}
	}, 
	"N\u00b0 R\u00e9vision Logiciel": {
	"bytescount": 2, 
	"byte": true, 
	"bitscount": 16
	}, 
	"Licznik resetow pamieci": {
	"scaled": true
	}, 
	"E_Retard avant arr\u00eat balais AV.": {
	"scaled": true, 
	"step": 6.0, 
	"unit": "ms"
	}, 
	"Cz\u0119stotliwo\u015b\u0107 prezento. klucza": {
	"bitscount": 3, 
	"lists": {
		"0": "Inconnue", 
		"4": "868 Mhz", 
		"5": "315 Mhz-R", 
		"6": "433 Mhz", 
		"7": "315 Mhz"
	}
	}, 
	"E_retard detresse": {
	"scaled": true, 
	"step": 100.0
	}, 
	"pilot RF z 1 lub 2 przyciskami ?": {
	"comment": "un = cl\u00e9 avec un bouton RF.  deux = cl\u00e9 avec deux boutons", 
	"bitscount": 1, 
	"lists": {
		"0": "jeden", 
		"1": "dwa"
	}
	}, 
	"Odmrazanie szyby tylnej (1)": {
	"comment": "niveau sur l'entr\u00e9e d\u00e9givrage lunette arri\u00e8re", 
	"bitscount": 1, 
	"lists": {
		"0": "nie", 
		"1": "tak"
	}
	}, 
	"Otwieranie drzwi pasazera i tylu": {
	"bitscount": 1, 
	"lists": {
		"0": "OFF", 
		"1": "ON"
	}
	}, 
	"Blad cde CPEO press\u00e9e a la mont\u00e9e APC (1)": {
	"bitscount": 1, 
	"lists": {
		"0": "OK", 
		"1": "Panne"
	}
	}, 
	"Liczba ruch\u00f3w wycieraczki mycia dlugiego": {
	"scaled": true
	}, 
	"Podgrzewanie tylnej szyby": {
	"bitscount": 1, 
	"lists": {
		"0": "OFF", 
		"1": "ON"
	}
	}, 
	"Blad CCmasse w pol. cewki transpondera": {
	"bitscount": 1, 
	"lists": {
		"0": "OK", 
		"1": "Panne"
	}
	}, 
	"Identyfikacja klucza prezent.": {
	"bytescount": 4, 
	"byte": true, 
	"bitscount": 32
	}, 
	"Wejscie swiatel": {
	"bitscount": 1, 
	"lists": {
		"0": "OFF", 
		"1": "ON"
	}
	}, 
	"Kontrola stopu wycieraczki przedniej": {
	"scaled": true, 
	"comment": "pour la gestion de la fonction essuie vitre", 
	"step": 6.0, 
	"unit": "ms"
	}, 
	"Wejscie drzwi tylnych": {
	"bitscount": 1, 
	"lists": {
		"0": "zamkniete", 
		"1": "otwarte"
	}
	}, 
	"E_Bonton CPE une position": {
	"comment": "Configuration du bouton impulsionnel. 0 = bouton deux positions, 1 = bouton une position", 
	"bitscount": 1, 
	"lists": {
		"0": "deux", 
		"1": "une"
	}
	}, 
	"Czas wznowienia po blokowaniu": {
	"scaled": true, 
	"comment": "temps de pilotage du moteur d'EV si pas d'info arret fixe", 
	"unit": "s"
	}, 
	"Nbr balais apr\u00e8s lavage court": {
	"scaled": true
	}, 
	"D\u00e9faut m\u00e9mo. arr\u00eat fixe essuyage arri\u00e8re": {
	"bitscount": 1, 
	"lists": {
		"0": "OK", 
		"1": "Panne"
	}
	}, 
	"Blad CC w 12 V na wyjsciu alarmu (1)": {
	"bitscount": 1, 
	"lists": {
		"0": "OK", 
		"1": "Panne"
	}
	}, 
	"Odmrazanie LARD podczas pracy silnika": {
	"comment": "oui = le d\u00e9givrage fonctionne si le moteur fonctionne", 
	"bitscount": 1, 
	"lists": {
		"0": "nie", 
		"1": "tak"
	}
	}, 
	"Podwojna czestot. migaczy": {
	"bitscount": 1, 
	"lists": {
		"0": "OFF", 
		"1": "ON"
	}
	}, 
	"Identyf. sprawdzona przez UCH": {
	"bitscount": 1, 
	"lists": {
		"0": "nie", 
		"1": "tak"
	}
	}, 
	"Tmax detresse.": {
	"scaled": true, 
	"comment": "dur\u00e9e de fonctionnement max des feux de d\u00e9tresse apr\u00e8s un choc", 
	"step": 0.42
	}, 
	"Numer max deaktywacji brzeczka": {
	"scaled": true, 
	"comment": "oubli ceinture : nombre max d'activation du buzzer (lecture)"
	}, 
	"Lampka suf. z opoznieniem": {
	"bitscount": 1, 
	"lists": {
		"0": "OFF", 
		"1": "ON"
	}
	}, 
	"VDIAG \u00e0 Ecrire": {
	"byte": true
	}, 
	"Zarzadzanie trybem fabryczne lub klienta + BPT": {
	"comment": "oui = Gestion mode Usine ou client Alim + BPT ON ou OFF", 
	"bitscount": 1, 
	"lists": {
		"0": "nie", 
		"1": "tak"
	}
	}, 
	"Autoryzacja funkcji immobilajzera": {
	"comment": "oui = la fonction antid\u00e9marrage est fonctionnelle", 
	"bitscount": 1, 
	"lists": {
		"0": "nie", 
		"1": "tak"
	}
	}, 
	"wejscie kod+reflektor+przeciwmgielne": {
	"bitscount": 1, 
	"lists": {
		"0": "OFF", 
		"1": "ON"
	}
	}, 
	"Temps de r\u00e9f\u00e9rence protection ouvrants": {
	"scaled": true, 
	"divideby": 2.0, 
	"unit": "s"
	}, 
	"Temps avant ouv relais plaf": {
	"scaled": true, 
	"step": 0.84
	}, 
	"Zrodlo ostatniego polecenia otwarcia": {
	"bitscount": 1, 
	"lists": {
		"0": "CPE", 
		"1": "TRF"
	}
	}, 
	"Autoryzacja oswietlenia wnetrza": {
	"comment": "oui = l'uch allume et \u00e9teint le plafonnier et la lampe coffre ( Inhibition Low side )", 
	"bitscount": 1, 
	"lists": {
		"0": "nie", 
		"1": "tak"
	}
	}, 
	"Rozmrazanie LARD via UCH ( Wejscie Impulsowe )": {
	"comment": "oui = fonction d\u00e9givrage LARD activ\u00e9e par relais externe UCH", 
	"bitscount": 1, 
	"lists": {
		"0": "nie", 
		"1": "tak"
	}
	}, 
	"E_condamnation en roulant": {
	"bitscount": 1, 
	"lists": {
		"0": "nie", 
		"1": "tak"
	}
	}, 
	"Seuil lavage court/long": {
	"scaled": true, 
	"step": 12.0, 
	"unit": "ms"
	}, 
	"tempo avant protection v\u00e9hicule": {
	"scaled": true, 
	"step": 0.098
	}, 
	"Czas maks. aktywacji awaryjnych": {
	"scaled": true, 
	"comment": "apr\u00e8s choc, temps max d'activation des feux de d\u00e9tresse", 
	"step": 0.42, 
	"unit": "mn"
	}, 
	"D\u00e9faut m\u00e9mo. CO ou CC masse sortie alarme": {
	"bitscount": 1, 
	"lists": {
		"0": "OK", 
		"1": "Panne"
	}
	}, 
	"e_retard d\u00e9tresse": {
	"scaled": true, 
	"step": 100.0, 
	"unit": "ms"
	}, 
	"temps max double appui": {
	"scaled": true, 
	"comment": "fonction single door : temps de prise en compte du second appui pour ouverture portes passagers"
	}, 
	"wejscie migaczy lewych (1)": {
	"comment": "niveau sur l'entr\u00e9e clignotant gauche", 
	"bitscount": 1, 
	"lists": {
		"0": "OFF", 
		"1": "Miga"
	}
	}, 
	"Bledy pamieci CCmasse w immo silnika": {
	"comment": "liaison uch calc moteur \u00e0 la masse", 
	"bitscount": 1, 
	"lists": {
		"0": "OK", 
		"1": "Panne"
	}
	}, 
	"N\u00b0 de s\u00e9rie Fournisseur": {
	"comment": "num\u00e9ro de s\u00e9rie de l'UCH", 
	"bytescount": 3, 
	"byte": true, 
	"bitscount": 24
	}, 
	"E_Alimentation plaf pr\u00e9sente": {
	"comment": "0 = pas d'lalimentation du plafonnier (relais ouvert). 1 = alimentation du plafonnier pr\u00e9sente", 
	"bitscount": 1, 
	"lists": {
		"0": "nie", 
		"1": "tak"
	}
	}, 
	"Pr\u00e9disposition alarme 2\u00b0 monte": {
	"comment": "oui = la sortie alarme est activ\u00e9e et envoie les messages cod\u00e9s vers l'alarme seconde monte", 
	"bitscount": 1, 
	"lists": {
		"0": "nie", 
		"1": "tak"
	}
	}, 
	"Seuil de vitesse de la CAR": {
	"scaled": true, 
	"unit": "km:h"
	}, 
	"wejscie wycieraczki przedniej (1)": {
	"comment": "niveau sur l'entr\u00e9e cadencement avant", 
	"bitscount": 1, 
	"lists": {
		"0": "OFF", 
		"1": "ON"
	}
	}, 
	"Automatyczne rozryglowanie": {
	"comment": "oui = recondamnation automatique des portes apr\u00e8s 30s si il n'y a pas eu ouverture d'une porte", 
	"bitscount": 1, 
	"lists": {
		"0": "nie", 
		"1": "tak"
	}
	}, 
	"Predkosc progowa aktywacji brzeczka": {
	"scaled": true, 
	"comment": "oubli ceinture : seuil de vitesse de l'activation du buzzer (lecture)", 
	"unit": "km/h"
	}, 
	"E_feu de brouillard": {
	"comment": "0 = pas de fonctionnement. 1 = fonctionnement du feu de brouillard arri\u00e8re", 
	"bitscount": 1, 
	"lists": {
		"0": "nie", 
		"1": "tak"
	}
	}, 
	"Blad EEPROM": {
	"bitscount": 1, 
	"lists": {
		"0": "OK", 
		"1": "Panne"
	}
	}, 
	"N\u00b0 Version Logiciel": {
	"bytescount": 2, 
	"byte": true, 
	"bitscount": 16
	}, 
	"LED Verlog (dioda Immo)": {
	"scaled": true, 
	"bitscount": 1
	}, 
	"N\u00b0 R\u00e9vision Hardware": {
	"bytescount": 2, 
	"byte": true, 
	"bitscount": 16
	}, 
	"Czas sterowania max. blokowania (przednia i tylna)": {
	"scaled": true, 
	"comment": "temps de pilotage max du moteur d'EV si pas de retour de l'info arret fixe", 
	"unit": "s"
	}, 
	"VDIAG": {
	"byte": true
	}, 
	"Wejscie pasa bezp. (1)": {
	"comment": "entr\u00e9e a 12V quand la ceinture est mise", 
	"bitscount": 1, 
	"lists": {
		"0": "obecny", 
		"1": "nie obecny"
	}
	}, 
	"Kod naprawczy APV": {
	"bytescount": 6, 
	"byte": true, 
	"bitscount": 48
	}, 
	"Odpowiedz UCH": {
	"lists": {
		"0": "OK", 
		"1": "w trakcie", 
		"2": "nowy klucz", 
		"4": "klucz nie nowy"
	}
	}, 
	"Filtrowane napiecie akumulatora": {
	"scaled": true, 
	"divideby": 255.0, 
	"step": 20.0, 
	"unit": "V", 
	"format": "0.000"
	}, 
	"Migacze lewe": {
	"bitscount": 1, 
	"lists": {
		"0": "OFF", 
		"1": "ON"
	}
	}, 
	"Licznik brakow pamieci resynchronicznej": {
	"scaled": true
	}, 
	"Liczba kluczy nauczonych w stand. 315 MHz": {
	"scaled": true
	}, 
	"Code APV disponible pour l outil bord de chaine": {
	"bitscount": 1, 
	"lists": {
		"0": "nie", 
		"1": "tak"
	}
	}, 
	"Filtrage de l'arret fixe AV": {
	"scaled": true, 
	"step": 6.0, 
	"unit": "ms"
	}, 
	"N\u00b0 Hardware SIEMENS": {
	"bytescount": 5, 
	"byte": true, 
	"bitscount": 40
	}, 
	"Ostatnie polecenie pilota": {
	"bitscount": 1, 
	"lists": {
		"0": "Zamyk.", 
		"1": "Otwier."
	}
	}, 
	"Zamykanie drzwi": {
	"bitscount": 1, 
	"lists": {
		"0": "OFF", 
		"1": "ON"
	}
	}, 
	"wejscie wycieraczki tylnej (1)": {
	"comment": "niveau sur l'entr\u00e9e cadencement arri\u00e8re", 
	"bitscount": 1, 
	"lists": {
		"0": "OFF", 
		"1": "ON"
	}
	}, 
	"Zarzadzanie czasowym przygaszaniem osw.": {
	"comment": "oui = l'uch maintient le plafonnier et la lampe coffre allum\u00e9s pendant 30s apr\u00e8s fermeture portes", 
	"bitscount": 1, 
	"lists": {
		"0": "nie", 
		"1": "tak"
	}
	}, 
	"Prezentacja klucza nowego": {
	"bitscount": 1, 
	"lists": {
		"0": "nie", 
		"1": "tak"
	}
	}, 
	"Dur\u00e9e de d\u00e9givrage": {
	"scaled": true, 
	"step": 0.84
	}, 
	"Blad CC w +12V na wyjsciu odmrazania (1)": {
	"bitscount": 1, 
	"lists": {
		"0": "OK", 
		"1": "Panne"
	}
	}, 
	"Cykl migania 2": {
	"scaled": true, 
	"step": 100.0, 
	"unit": "ms"
	}, 
	"Prog predkosci ryglowania auta": {
	"bitscount": 1, 
	"lists": {
		"0": "nie", 
		"1": "tak"
	}
	}, 
	"Nb Echecs d Authentification": {
	"scaled": true
	}, 
	"Linia transpondera (1)": {
	"comment": "lecture du niveau d'entr\u00e9e sur la ligne transpondeur", 
	"bitscount": 1, 
	"lists": {
		"0": "OFF", 
		"1": "ON"
	}
	}, 
	"Autoryzacja zamykania podczas jazdy": {
	"comment": "non = le client ne peut pas utiliser la fonction CAR", 
	"bitscount": 1, 
	"lists": {
		"0": "nie", 
		"1": "tak"
	}
	}, 
	"Blad cde CPEF press\u00e9e a la mont\u00e9e APC": {
	"bitscount": 1, 
	"lists": {
		"0": "OK", 
		"1": "Panne"
	}
	}, 
	"Czas nacisniecia przycisku mycia kr\u00f3tkie/ dlugie": {
	"scaled": true, 
	"step": 12.0, 
	"unit": "ms"
	}, 
	"Zwloka stopu przedniej wycieraczki.": {
	"scaled": true, 
	"comment": "pour ajuster la position du balai si besoin", 
	"step": 6.0, 
	"unit": "ms"
	}, 
	"D\u00e9faut acquitement \u00e9lectrovanne diesel (X76)": {
	"comment": "1 = d\u00e9faut sur l'info de retour de l'\u00e9lectrovanne diesel", 
	"bitscount": 1, 
	"lists": {
		"0": "OK", 
		"1": "Panne"
	}
	}, 
	"Silnik pracuje (1)": {
	"comment": "= moteur en fonctionnement", 
	"bitscount": 1, 
	"lists": {
		"0": "nie", 
		"1": "tak"
	}
	}, 
	"P\u00e9riode du clignotant": {
	"scaled": true, 
	"step": 100.0
	}, 
	"Status de la routine": {
	"lists": {
		"0": "OK", 
		"1": "Routine en cours", 
		"2": "Routine termin\u00e9e OK", 
		"4": "Routine termin\u00e9e non OK"
	}
	}, 
	"wejscie mycia przedniej (1)": {
	"comment": "niveau szur l'entr\u00e9e lave vitre avant", 
	"bitscount": 1, 
	"lists": {
		"0": "OFF", 
		"1": "ON"
	}
	}, 
	"Blad CC+12V w pol. cewki transpondera": {
	"bitscount": 1, 
	"lists": {
		"0": "OK", 
		"1": "Panne"
	}
	}, 
	"Licznik pamieci przyznane z opoznieniem": {
	"scaled": true
	}, 
	"D\u00e9faut m\u00e9mo. EEPROM": {
	"bitscount": 1, 
	"lists": {
		"0": "OK", 
		"1": "Panne"
	}
	}, 
	"E_v\u00e9hicule \u00e9quip\u00e9 d'une cl\u00e9 RF": {
	"comment": "1= v\u00e9hicule \u00e9quip\u00e9 de la fonction RF", 
	"bitscount": 1, 
	"lists": {
		"0": "nie", 
		"1": "tak"
	}
	}, 
	"E_buzzer oubli ceinture": {
	"comment": "0 = pas de buzzer.  1 = buzzer si oubli ceinture", 
	"bitscount": 1, 
	"lists": {
		"0": "nie", 
		"1": "tak"
	}
	}, 
	"Blad stopu wycieraczki przedniej": {
	"scaled": true, 
	"bitscount": 1
	}, 
	"APC pojazdu": {
	"bitscount": 1, 
	"lists": {
		"0": "nie", 
		"1": "tak"
	}
	}, 
	"Identity_roue": {
	"bytescount": 3, 
	"byte": true, 
	"bitscount": 24
	}, 
	"Czas sterowania max otwarcia": {
	"scaled": true, 
	"comment": "temps de commande des serrures \u00e9lectriques", 
	"step": 10.0, 
	"unit": "ms"
	}, 
	"Wlaczenie swiatel awaryjnych podczas wstrzasu (CAR)": {
	"comment": "oui = allumage des feux de d\u00e9tresse apres un choc (li\u00e9 a la fonction CAR)", 
	"bitscount": 1, 
	"lists": {
		"0": "nie", 
		"1": "tak"
	}
	}, 
	"wejscie stopu przedniej (1)": {
	"comment": "niveau sur l'entr\u00e9e arret fixe avant", 
	"bitscount": 1, 
	"lists": {
		"0": "nieobecny", 
		"1": "ustalony stop"
	}
	}, 
	"Type komputera": {
	"lists": {
		"0": "X06/X65/X90 - Bas de gamme", 
		"1": "X65 - Haut de gamme Turquie", 
		"2": "X65/X90 - Haut de gamme Mexique", 
		"3": "X06 - Haut de gamme CPE et RF", 
		"4": "X90 - Bas de gamme Sans CPE et RF", 
		"5": "X90 - Haut de gamme  CPE et RF", 
		"6": "X90 - Milieu de gamme CPE sans RF"
	}
	}, 
	"Blokowanie kluczy do nauki": {
	"comment": "non = les cl\u00e9s peuvent \u00eatre recycl\u00e9es", 
	"bitscount": 1, 
	"lists": {
		"0": "tak", 
		"1": "nie"
	}
	}, 
	"Status wejscia w toku": {
	"lists": {
		"1": "Dzialanie w trakcie", 
		"2": "Dzialanie zakonczone OK", 
		"4": "Dzialanie nie zakonczone OK"
	}
	}, 
	"D\u00e9faut m\u00e9mo. CC 12 V sortie alarme": {
	"bitscount": 1, 
	"lists": {
		"0": "OK", 
		"1": "Panne"
	}
	}, 
	"Przekaznik alarmu 1-go zamontow.": {
	"bitscount": 1, 
	"lists": {
		"0": "OFF", 
		"1": "ON"
	}
	}, 
	"E_Configuration diesel F8Q": {
	"bitscount": 1, 
	"lists": {
		"0": "nie", 
		"1": "tak"
	}
	}, 
	"Nbr balais ap\u00e8s lavage long": {
	"scaled": true, 
	"unit": "ms"
	}, 
	"Funkcjonowanie tylnej wycieraczki AR": {
	"comment": "oui = fonctionnement de l'essuie lunette arri\u00e8re", 
	"bitscount": 1, 
	"lists": {
		"0": "nie", 
		"1": "tak"
	}
	}, 
	"Otrzymana identyfikacja w poprawnym formacie": {
	"bitscount": 1, 
	"lists": {
		"0": "nie", 
		"1": "tak"
	}
	}, 
	"UCH nowe": {
	"bitscount": 1, 
	"lists": {
		"0": "nie", 
		"1": "tak"
	}
	}, 
	"Predkosc pojazdu auto. blokowania drzwi": {
	"scaled": true, 
	"unit": "km/h"
	}, 
	"E_essuie lunette autoris\u00e9": {
	"comment": "0 = pas de fonctionnement. 1 = fonctionnement de l'essuie lunette arri\u00e8re", 
	"bitscount": 1, 
	"lists": {
		"0": "nie", 
		"1": "tak"
	}
	}, 
	"E_Alarme seconde monte pr\u00e9sente": {
	"bitscount": 1, 
	"lists": {
		"0": "nie", 
		"1": "tak"
	}
	}, 
	"odpowiedz": {
	"lists": {
		"0": "OK", 
		"1": "w trakcie", 
		"2": "akcept. OK", 
		"4": "NOK"
	}
	}, 
	"wejscie stopu tylnej (1)": {
	"comment": "niveau sur l'entr\u00e9e arret fixe arriere", 
	"bitscount": 1, 
	"lists": {
		"0": "nieobecny", 
		"1": "ustalony stop"
	}
	}, 
	"Buzzer (brzeczyk)": {
	"bitscount": 1, 
	"lists": {
		"0": "OFF", 
		"1": "ON"
	}
	}, 
	"Migacze prawe": {
	"bitscount": 1, 
	"lists": {
		"0": "OFF", 
		"1": "ON"
	}
	}, 
	"D\u00e9faut m\u00e9mo. CC+12V liaison transpondeur": {
	"bitscount": 1, 
	"lists": {
		"0": "OK", 
		"1": "Panne"
	}
	}, 
	"Czas trwania podw\u00f3jnego klik. RF(klucz z 2 przyc.)": {
	"scaled": true, 
	"comment": "pour fonction single door : temps de prise en compte second appui ouverture RF pour portes passager", 
	"unit": "s"
	}, 
	"E_Pr\u00e9sence boitier airbag": {
	"comment": "fonctionnement de la fonction CAR avec ou sans boitier airbag (prise en compte info crash)", 
	"bitscount": 1, 
	"lists": {
		"0": "nie", 
		"1": "tak"
	}
	}, 
	"Licznik sterowania efektywnego": {
	"scaled": true
	}, 
	"Ochrona obwod\u00f3w (otwarcia drzwi i klapy)": {
	"comment": "oui = le v\u00e9hicule est \u00e9quip\u00e9 de la protection p\u00e9rim\u00e9trique ( Surveillance des ouvrants et du capot )", 
	"bitscount": 1, 
	"lists": {
		"0": "nie", 
		"1": "tak"
	}
	}, 
	"Cykl migaczy": {
	"scaled": true, 
	"step": 100.0, 
	"unit": "ms"
	}, 
	"Wejscie drzwi przednich": {
	"bitscount": 1, 
	"lists": {
		"0": "zamkniete", 
		"1": "otwarte"
	}
	}, 
	"Apprentissage antid\u00e9marrage non termin\u00e9": {
	"bitscount": 1, 
	"lists": {
		"0": "termin\u00e9", 
		"1": "non termin\u00e9"
	}
	}, 
	"Ordre effacement code APV re\u00e7u": {
	"comment": "1 = uch a pris en compte l'ordre d'effacement du code APV", 
	"bitscount": 1, 
	"lists": {
		"0": "nie", 
		"1": "tak"
	}
	}, 
	"E_Temps max activation d\u00e9tresse.": {
	"scaled": true, 
	"divideby": 3.0, 
	"unit": "mn"
	}, 
	"Wsparcie zamkniecia drzwi": {
	"bitscount": 1, 
	"lists": {
		"0": "nie", 
		"1": "tak"
	}
	}, 
	"E_Plafonnier temporis\u00e9": {
	"bitscount": 1, 
	"lists": {
		"0": "nie", 
		"1": "tak"
	}
	}, 
	"Temps essuyage mini": {
	"scaled": true, 
	"step": 12.0
	}, 
	"N\u00b0 routine \u00e0 surveiller": {
	"lists": {
		"1": "Authentification permanente cl\u00e9"
	}
	}, 
	"Wejscie w tryb relokacji APV": {
	"bitscount": 1, 
	"lists": {
		"0": "nie", 
		"1": "tak"
	}
	}, 
	"Otwieranie drzwi kierowcy": {
	"bitscount": 1, 
	"lists": {
		"0": "OFF", 
		"1": "ON"
	}
	}, 
	"D\u00e9faut m\u00e9mo. CO ou CC masse liaison transpondeur": {
	"bitscount": 1, 
	"lists": {
		"0": "OK", 
		"1": "Panne"
	}
	}, 
	"Blad statusu migaczy": {
	"bitscount": 1, 
	"lists": {
		"0": "OK", 
		"1": "Panne"
	}
	}, 
	"Kod APV rozpoznany": {
	"bitscount": 1, 
	"lists": {
		"0": "nie", 
		"1": "tak"
	}
	}, 
	"Przycisk CPE impulsowy ( 1 lub 2 pozycje )": {
	"comment": "commande CPE : un = le meme bouton d\u00e9condamne et condamne les portes.", 
	"bitscount": 1, 
	"lists": {
		"0": "dwa", 
		"1": "jeden"
	}
	}, 
	"Funkcja CAR aktywowana przez klienta": {
	"comment": "oui = la fonction CAR est activ\u00e9e par le client", 
	"bitscount": 1, 
	"lists": {
		"0": "nie", 
		"1": "tak"
	}
	}, 
	"E_Autorisation pilotage plafonnier": {
	"comment": "0 = pas de pilotage du plafonnier. 1 = pilotage du plafonnier", 
	"bitscount": 1, 
	"lists": {
		"0": "nie", 
		"1": "tak"
	}
	}, 
	"Retard apr\u00e8s d\u00e9tection arr\u00eat fixe AV": {
	"scaled": true, 
	"step": 6.0, 
	"unit": "ms"
	}, 
	"Czas dezaktywacji brzeczka": {
	"scaled": true, 
	"comment": "oubli ceinture : dur\u00e9e d'activation du buzzer (lecture)", 
	"step": 0.9, 
	"unit": "s"
	}, 
	"E_Nbr mise APC avant \u00e9ffacement code APV": {
	"scaled": true, 
	"comment": "nombre de mise APC avant \u00e9ffacement du code apr\u00e8s vente"
	}, 
	"Buzzer clignotant modifi\u00e9 si remorque": {
	"comment": "0 = fonctionnement classique. 1 = fonctionnement du buzzer diff\u00e9rent si remorque", 
	"bitscount": 1, 
	"lists": {
		"0": "nie", 
		"1": "tak"
	}
	}, 
	"Normalna czestototliwosc migaczy": {
	"bitscount": 1, 
	"lists": {
		"0": "OFF", 
		"1": "ON"
	}
	}, 
	"Suma kontrolna APV": {
	"scaled": true
	}, 
	"Tylne swiatlo przeciwmgielne": {
	"bitscount": 1, 
	"lists": {
		"0": "OFF", 
		"1": "ON"
	}
	}, 
	"D\u00e9faut m\u00e9mo. status clignotant": {
	"bitscount": 1, 
	"lists": {
		"0": "OK", 
		"1": "Panne"
	}
	}, 
	"Nb Echecs de Resynchro.": {
	"scaled": true
	}, 
	"Linia airbag wypadku(1)": {
	"scaled": true, 
	"comment": "entr\u00e9e liaison choc depuis airbag", 
	"bitscount": 1
	}, 
	"Identyfikacja klucza RF otrzymana": {
	"bytescount": 4, 
	"byte": true, 
	"bitscount": 32
	}, 
	"D\u00e9faut m\u00e9mo. C0 ou CC masse d\u00e9givrage": {
	"bitscount": 1, 
	"lists": {
		"0": "OK", 
		"1": "Panne"
	}
	}, 
	"Sortie activ\u00e9e": {
	"lists": {
		"128": "Condamnation portes (500ms)", 
		"129": "D\u00e9condamnation portes (500ms)", 
		"130": "D\u00e9condamnation portes conducteur (500ms)", 
		"131": "Clignotants droits (1s)", 
		"132": "Clignotants gauches (1s)", 
		"133": "Pilotage plafonnier", 
		"135": "Essuyage avant", 
		"137": "Essuyage arri\u00e8re", 
		"138": "Relais alimentation plafonnier", 
		"139": "Led CPE", 
		"140": "Led verlog", 
		"142": "Lunette arri\u00e8re d\u00e9givrante", 
		"143": "Liaison transpondeur", 
		"144": "Liaison verlog moteur", 
		"147": "Alarme", 
		"157": "Buzzer", 
		"158": "Feu de brouillard arri\u00e8re"
	}
	}, 
	"Retard cde feux d\u00e9tresse apres un choc.": {
	"scaled": true, 
	"comment": "pour garder toute l'energie batterie pour l'ouverture des portes avant mise en route d\u00e9tresse", 
	"step": 100.0, 
	"unit": "ms"
	}, 
	"Czas po jakim gasnie lampka (zakmniete drzwi)": {
	"scaled": true, 
	"comment": "tempo entre fermeture des portes et extinction du plafonnier", 
	"step": 0.8, 
	"unit": "s"
	}, 
	"Aktywacja sterowania": {
	"lists": {
		"128": "Zablokowanie drzwi (500ms)", 
		"129": "Odblokowanie drzwi (500ms)", 
		"130": "Odblokowanie drzwi kierowcy (500ms)", 
		"131": "Migacze prawe (1s)", 
		"132": "Migacze lewe (1s)", 
		"133": "Sterowanie lampki sufitowej", 
		"135": "Wycieraczki przednie", 
		"137": "Wycieraczki tylne", 
		"138": "Przekaznik zasilania lampki sufitowej", 
		"139": "Dioda CPE", 
		"140": "Dioda verlog (od immo)", 
		"142": "Podgrzewanie tylnej szyby", 
		"143": "Polaczenie transpondera", 
		"144": "Polaczenie verlog silnika", 
		"147": "Chroniony obwod (otwarte drzwi i klapy)", 
		"157": "Brzeczyk", 
		"158": "Tylne swiatla przeciwmgielne (X06)"
	}
	}, 
	"Zident. klucz 1": {
	"bitscount": 1, 
	"lists": {
		"0": "nie", 
		"1": "tak"
	}
	}, 
	"Zident. klucz 2": {
	"bitscount": 1, 
	"lists": {
		"0": "nie", 
		"1": "tak"
	}
	}, 
	"Zident. klucz 3": {
	"bitscount": 1, 
	"lists": {
		"0": "nie", 
		"1": "tak"
	}
	}, 
	"Zident. klucz 4": {
	"bitscount": 1, 
	"lists": {
		"0": "nie", 
		"1": "tak"
	}
	}, 
	"Czas min. sterowania wycieraczki przedniej": {
	"scaled": true, 
	"comment": "pour inhiber la lecture de l'arret fixe pendant le lancement de l'essuie vitre", 
	"step": 12.0, 
	"unit": "ms"
	}, 
	"Predkosc pojazdu": {
	"scaled": true, 
	"bytescount": 2, 
	"bitscount": 16, 
	"unit": "km/h", 
	"format": "0.00"
	}, 
	"Wpsarcie otwarcia drzwi": {
	"bitscount": 1, 
	"lists": {
		"0": "nie", 
		"1": "tak"
	}
	}, 
	"N\u00b0 routine \u00e0 lancer": {
	"lists": {
		"176": "Tester cl\u00e9 vierge", 
		"166": "Authentification permanente cl\u00e9", 
		"167": "Effacement code APV"
	}
	}, 
	"Wycieraczka tylna": {
	"bitscount": 1, 
	"lists": {
		"0": "OFF", 
		"1": "ON"
	}
	}, 
	"Wejscie w tryb uczenia fabrycznego": {
	"bitscount": 1, 
	"lists": {
		"0": "nie", 
		"1": "tak"
	}
	}, 
	"E_CAR Client activ\u00e9": {
	"bitscount": 1, 
	"lists": {
		"0": "nie", 
		"1": "tak"
	}
	}, 
	"Odpowiedz na zapytanie OK z skucesem": {
	"bitscount": 1, 
	"lists": {
		"0": "nie", 
		"1": "tak"
	}
	}, 
	"wejscie awaryjnych": {
	"bitscount": 1, 
	"lists": {
		"0": "OFF", 
		"1": "Warning"
	}
	}, 
	"Ryglowanie auta podczas jazdy": {
	"bitscount": 1, 
	"lists": {
		"0": "nie", 
		"1": "tak"
	}
	}, 
	"Funkcjonowanie swiatel przeciwmgielnych (X06)": {
	"comment": "oui = fonctionnement du feu de brouillard arri\u00e8re", 
	"bitscount": 1, 
	"lists": {
		"0": "nie", 
		"1": "tak"
	}
	}
}
}