{
"obd": {
	"fastinit": true, 
	"funcname": "UCBIC/BFR", 
	"kw1": "F1", 
	"kw2": "26", 
	"protocol": "KWP2000", 
	"funcaddr": "26"
}, 
"devices": [
	{
	"dtc": 0, 
	"devicedata": {
		"Compteur de reset m\u00e9moris\u00e9s": "0", 
		"Compteur du nombre int\u00e9rrogation par s\u00e9quence authentification": "0", 
		"Compteur m\u00e9mo. \u00e9chec reconnaissance transp.": "1", 
		"Compteur m\u00e9mo. reconnaissance avec Retard": "1"
	}, 
	"dtctype": 0, 
	"name": "pb reconnaissance cl\u00e9"
	}, 
	{
	"dtc": 0, 
	"devicedata": {
		"Apprentissage cl\u00e9s non effectu\u00e9": "0", 
		"Ordre effacement code APV re\u00e7u": "0", 
		"Apprentissage antid\u00e9marrage non termin\u00e9": "0", 
		"D\u00e9marrage autoris\u00e9 ( code verlog envoy\u00e9 > Inj )": "0", 
		"Cl\u00e9 pr\u00e9sent\u00e9e vierge": "0", 
		"Info apprentissage cl\u00e9": "0", 
		"Nombre de cl\u00e9s apprises": "0", 
		"Code APV disponible pour l outil bord de chaine": "0", 
		"UCH vierge": "0", 
		"R\u00e9ponse au challenge correcte, authent r\u00e9ussie": "0"
	}, 
	"dtctype": 0, 
	"name": "apprentissage cl\u00e9"
	}, 
	{
	"dtc": 0, 
	"devicedata": {
		"Compteur nbr commande resynchro effectu\u00e9es": "1", 
		"Compteur m\u00e9mo. \u00e9chec de resynchro": "1"
	}, 
	"dtctype": 0, 
	"name": "perte RF"
	}, 
	{
	"dtc": 0, 
	"devicedata": {
		"D\u00e9faut CC au 12V de la liaison verlog moteur": "1", 
		"D\u00e9faut CCmasse de la liaison verlog moteur": "1", 
		"D\u00e9faut m\u00e9mo. CC 12 V liaison verlog moteur": "1", 
		"D\u00e9faut m\u00e9mo CCmasse de la liaison verlog moteur": "1"
	}, 
	"dtctype": 0, 
	"name": "liaison verlog moteur"
	}, 
	{
	"dtc": 0, 
	"devicedata": {
		"V\u00e9hicule en APC": "0", 
		"Moteur tournant autonome (1)": "0", 
		"Entr\u00e9e vitesse v\u00e9hicule": "0", 
		"Entr\u00e9e ceinture (1)": "0", 
		"Entr\u00e9e portes arri\u00e8res": "0", 
		"Entr\u00e9e portes avant": "0"
	}, 
	"dtctype": 0, 
	"name": "\u00e9tat v\u00e9hicule"
	}, 
	{
	"dtc": 0, 
	"devicedata": {
		"D\u00e9faut m\u00e9mo. CC +12V sortie d\u00e9givrage": "1", 
		"D\u00e9faut m\u00e9mo. C0 ou CC masse d\u00e9givrage": "1", 
		"D\u00e9faut CO ou CC masse sortie d\u00e9givrage (1)": "1", 
		"Demande d\u00e9givrage lunette (1)": "0", 
		"D\u00e9faut CC au +12V de la sortie d\u00e9givrage (1)": "1", 
		"Lunette Arri\u00e8re D\u00e9givrante": "0"
	}, 
	"dtctype": 0, 
	"name": "relais d\u00e9givrage"
	}, 
	{
	"dtc": 0, 
	"devicedata": {
		"D\u00e9condamnation porte conducteur": "0", 
		"D\u00e9faut cde CPEO press\u00e9e \u00e0 la mont\u00e9e APC (1)": "1", 
		"Condamnation portes": "0", 
		"D\u00e9faut cde CPEF press\u00e9e \u00e0 la mont\u00e9e APC": "1", 
		"Decondamnation portes passagers et arr": "0", 
		"Entr\u00e9e bouton CPE condamner": "0", 
		"Entr\u00e9e bouton CPE d\u00e9conda": "0"
	}, 
	"dtctype": 0, 
	"name": "commande CPE"
	}, 
	{
	"dtc": 0, 
	"devicedata": {
		"Essuyage avant": "0", 
		"Entr\u00e9e cadencement avant (1)": "0", 
		"D\u00e9faut m\u00e9mo. arr\u00eat fixe essuyage avant": "1", 
		"Entr\u00e9e arr\u00eat fixe avant (1)": "0", 
		"D\u00e9faut Arr\u00eat fixe essuyage avant": "0"
	}, 
	"dtctype": 0, 
	"name": "Essuyage avant"
	}, 
	{
	"dtc": 0, 
	"devicedata": {
		"D\u00e9faut m\u00e9mo. CO ou CC masse sortie alarme": "1", 
		"D\u00e9faut CO ou CC masse sortie alarme (1)": "1", 
		"D\u00e9faut m\u00e9mo. CC 12 V sortie alarme": "1", 
		"Relais alarme 1er monte": "0", 
		"D\u00e9faut CC au 12 V sortie alarme (1)": "1"
	}, 
	"dtctype": 0, 
	"name": "liaison relais alarme"
	}, 
	{
	"dtc": 0, 
	"devicedata": {
		"T\u00e9l\u00e9commande RF avec 1 ou 2 Boutons ?": "0", 
		"Recondamnation automatique": "0", 
		"Configuration diesel F8Q": "0", 
		"Pr\u00e9disposition alarme 2\u00b0 monte": "0", 
		"D\u00e9givrage LARD via UCH ( Entr\u00e9e Impuls )": "0", 
		"Verrouillage cl\u00e9 \u00e0 l'apprentissage": "0", 
		"Autorisation buzzer oubli ceinture (X06)": "0", 
		"choix algorithme VERLOG": "0", 
		"Protection p\u00e9rim\u00e9trique": "0", 
		"Bouton CPE Impulsionnel ( 1 ou 2 positions )": "0", 
		"Fonctionnement essuie Lunette AR": "0", 
		"Fonction CAR activ\u00e9e par le client": "0", 
		"Buzzer clignotant modifi\u00e9 si remorque": "0", 
		"Autorisation  fonction antid\u00e9marrage": "0", 
		"Autorisation condamnation en roulant": "0", 
		"Gestion mode Usine ou Client + BPT": "0", 
		"Fonctionnement feu de brouillard (X06)": "0", 
		"activation Single door opening": "0", 
		"Gestion Tempo et Extinction progressive": "0", 
		"T\u00e9l\u00e9commande RF": "0", 
		"Autorisation fonction alarme survitesse": "0", 
		"Condition Moteur tourant LARD": "0", 
		"Allumage feux detresse si choc (CAR)": "0", 
		"Autorisation Eclairage Int\u00e9rieur": "0", 
		"Pr\u00e9sence liaison airbag-UCH (avec CAR)": "0", 
		"Sortie alimentation plafonnier": "0"
	}, 
	"dtctype": 4, 
	"name": "Configuration UCH"
	}, 
	{
	"dtc": 0, 
	"devicedata": {
		"Ligne transpondeur (1)": "0", 
		"D\u00e9faut CC+12V de la liaison bague transpondeur": "1", 
		"D\u00e9faut CCmasse de la liaison bague transp.": "1", 
		"D\u00e9faut m\u00e9mo. CO ou CC masse liaison transpondeur": "1", 
		"D\u00e9faut m\u00e9mo. CC+12V liaison transpondeur": "1"
	}, 
	"dtctype": 0, 
	"name": "liaison bague transpondeur"
	}, 
	{
	"dtc": 0, 
	"devicedata": {
		"Clignotant fr\u00e9quence nominale": "0", 
		"D\u00e9faut status clignotant": "1", 
		"Entr\u00e9e feux de d\u00e9tresse": "0", 
		"Clignotant double fr\u00e9quence": "1", 
		"Clignotant droit": "0", 
		"Clignotant gauche": "0", 
		"D\u00e9faut m\u00e9mo. status clignotant": "1", 
		"Entr\u00e9e clignotant gauche (1)": "0", 
		"Entr\u00e9e clignotant droit (1)": "0"
	}, 
	"dtctype": 0, 
	"name": "Clignotant"
	}, 
	{
	"dtc": 0, 
	"devicedata": {
		"Entr\u00e9e lanternes": "0", 
		"Feu de brouillard arri\u00e8re": "0", 
		"Entr\u00e9e code+phare+brouillard AV": "0", 
		"Entr\u00e9e feu brouillard arri\u00e8re": "0"
	}, 
	"dtctype": 0, 
	"name": "feu brouillard"
	}, 
	{
	"dtc": 0, 
	"devicedata": {
		"D\u00e9faut m\u00e9mo. airbag": "1", 
		"Compteur de choc m\u00e9moris\u00e9s": "1", 
		"D\u00e9faut airbag ou liaison airbag-UCH": "1", 
		"Ligne airbag crash (1)": "0"
	}, 
	"dtctype": 0, 
	"name": "Liaison Airbag"
	}, 
	{
	"dtc": 0, 
	"devicedata": {
		"D\u00e9faut m\u00e9mo. EEPROM": "1", 
		"D\u00e9faut EEPROM": "1"
	}, 
	"dtctype": 2, 
	"name": "EEPROM"
	}, 
	{
	"dtc": 0, 
	"devicedata": {
		"Entr\u00e9e cadencement arri\u00e8re (1)": "0", 
		"D\u00e9faut m\u00e9mo. arr\u00eat fixe essuyage arri\u00e8re": "1", 
		"Entr\u00e9e lave vitre arri\u00e8re (1)": "0", 
		"Entr\u00e9e lave vitre avant (1)": "0", 
		"Entr\u00e9e arr\u00eat fixe arri\u00e8re (1)": "0", 
		"D\u00e9faut Arr\u00eat fixe essuyage arri\u00e8re (1)": "1", 
		"Essuyage arri\u00e8re": "0"
	}, 
	"dtctype": 0, 
	"name": "Essuyage arri\u00e8re"
	}
], 
"ecuname": "UCH transv v7.1", 
"autoidents": [
	{
	"diagversion": "8", 
	"supplier": "021", 
	"version": "0000", 
	"soft": "0000"
	}, 
	{
	"diagversion": "9", 
	"supplier": "021", 
	"version": "0000", 
	"soft": "0000"
	}, 
	{
	"diagversion": "14", 
	"supplier": "021", 
	"version": "0000", 
	"soft": "0000"
	}, 
	{
	"diagversion": "15", 
	"supplier": "021", 
	"version": "0000", 
	"soft": "0000"
	}, 
	{
	"diagversion": "8", 
	"supplier": "021", 
	"version": "0600", 
	"soft": "0003"
	}, 
	{
	"diagversion": "9", 
	"supplier": "021", 
	"version": "0700", 
	"soft": "0003"
	}, 
	{
	"diagversion": "14", 
	"supplier": "021", 
	"version": "0800", 
	"soft": "0003"
	}, 
	{
	"diagversion": "15", 
	"supplier": "021", 
	"version": "0900", 
	"soft": "0003"
	}, 
	{
	"diagversion": "9", 
	"supplier": "001", 
	"version": "0500", 
	"soft": "0522"
	}, 
	{
	"diagversion": "8", 
	"supplier": "001", 
	"version": "0500", 
	"soft": "0522"
	}, 
	{
	"diagversion": "4", 
	"supplier": "001", 
	"version": "0400", 
	"soft": "0522"
	}, 
	{
	"diagversion": "14", 
	"supplier": "002", 
	"version": "0000", 
	"soft": "0201"
	}, 
	{
	"diagversion": "15", 
	"supplier": "001", 
	"version": "0000", 
	"soft": "0350"
	}
], 
"endian": "Big", 
"requests": [
	{
	"receivebyte_dataitems": {
		"N\u00b0 Fournisseur": {
		"ref": true, 
		"firstbyte": 9
		}, 
		"N\u00b0 R\u00e9vision Hardware": {
		"ref": true, 
		"firstbyte": 21
		}, 
		"N\u00b0 R\u00e9vision Logiciel": {
		"ref": true, 
		"firstbyte": 19
		}, 
		"R\u00e9f\u00e9rence Renault": {
		"ref": true, 
		"firstbyte": 3
		}, 
		"VDIAG": {
		"ref": true, 
		"firstbyte": 8
		}, 
		"N\u00b0 de s\u00e9rie Fournisseur": {
		"ref": true, 
		"firstbyte": 24
		}, 
		"Type de calculateur": {
		"ref": true, 
		"firstbyte": 23
		}, 
		"N\u00b0 Hardware SIEMENS": {
		"ref": true, 
		"firstbyte": 12
		}, 
		"N\u00b0 Version Logiciel": {
		"ref": true, 
		"firstbyte": 17
		}
	}, 
	"deny_sds": [], 
	"minbytes": 26, 
	"sentbytes": "2180", 
	"name": "Lecture Ident. Calculateur"
	}, 
	{
	"name": "Sans fonctionnement essuie lunette (x65)", 
	"replybytes": "7BD0", 
	"deny_sds": [], 
	"manualsend": true, 
	"minbytes": 2, 
	"sentbytes": "3BD0040300"
	}, 
	{
	"sentbytes": "3BD0060200", 
	"deny_sds": [], 
	"minbytes": 1, 
	"manualsend": true, 
	"name": "sans alim plaf"
	}, 
	{
	"name": "Avec autorisation fct alarme survitesse", 
	"replybytes": "7BD0", 
	"deny_sds": [], 
	"manualsend": true, 
	"minbytes": 2, 
	"sentbytes": "3BD0000101"
	}, 
	{
	"name": "Dur\u00e9e inhibition cde d\u00e9givrage", 
	"deny_sds": [], 
	"manualsend": true, 
	"sendbyte_dataitems": {
		"Dur\u00e9e inhibition cde d\u00e9givrage": {
		"firstbyte": 4
		}
	}, 
	"minbytes": 1, 
	"sentbytes": "3BD13008"
	}, 
	{
	"name": "Lecture Valeurs cod\u00e9es", 
	"replybytes": "61DE", 
	"deny_sds": [], 
	"receivebyte_dataitems": {
		"Valeur du Courant de la Lampe Clignotant": {
		"ref": true, 
		"firstbyte": 8
		}, 
		"Tension batterie filtr\u00e9e": {
		"ref": true, 
		"firstbyte": 15
		}, 
		"Vitesse v\u00e9hicule.": {
		"ref": true, 
		"firstbyte": 4
		}
	}, 
	"minbytes": 22, 
	"sentbytes": "21DE"
	}, 
	{
	"name": "Temps max de cde des ouvrants", 
	"deny_sds": [], 
	"manualsend": true, 
	"sendbyte_dataitems": {
		"Temps max de cde des ouvrants.": {
		"firstbyte": 4
		}
	}, 
	"minbytes": 1, 
	"sentbytes": "3BD12832"
	}, 
	{
	"name": "info APV", 
	"replybytes": "61D8", 
	"deny_sds": [], 
	"manualsend": true, 
	"minbytes": 37, 
	"sentbytes": "21D8"
	}, 
	{
	"name": "Sans temporisation du plafonnier", 
	"replybytes": "7BD0", 
	"deny_sds": [], 
	"manualsend": true, 
	"minbytes": 2, 
	"sentbytes": "3BD0070200"
	}, 
	{
	"name": "CAR off", 
	"replybytes": "7BD0", 
	"deny_sds": [], 
	"manualsend": true, 
	"minbytes": 2, 
	"sentbytes": "3BD0030200"
	}, 
	{
	"name": "Avec allumage feux d\u00e9tresse apr\u00e8s choc", 
	"replybytes": "7BD0", 
	"deny_sds": [], 
	"manualsend": true, 
	"minbytes": 2, 
	"sentbytes": "3BD0070101"
	}, 
	{
	"name": "P\u00e9riode du clignotant d\u00e9grad\u00e9", 
	"deny_sds": [], 
	"manualsend": true, 
	"sendbyte_dataitems": {
		"P\u00e9riode du clignotant d\u00e9grad\u00e9": {
		"firstbyte": 4
		}
	}, 
	"minbytes": 1, 
	"sentbytes": "3BD13804"
	}, 
	{
	"name": "Avec configuration diesel F8Q", 
	"replybytes": "7BD0", 
	"deny_sds": [], 
	"manualsend": true, 
	"minbytes": 2, 
	"sentbytes": "3BD0020101"
	}, 
	{
	"name": "Retard balai arri\u00e8re", 
	"deny_sds": [], 
	"manualsend": true, 
	"sendbyte_dataitems": {
		"E_Retard apr\u00e8s d\u00e9tection arret fixe arri\u00e8re": {
		"firstbyte": 4
		}
	}, 
	"minbytes": 1, 
	"sentbytes": "3BD12400"
	}, 
	{
	"name": "Nombre de commande max des ouvrants", 
	"deny_sds": [], 
	"manualsend": true, 
	"sendbyte_dataitems": {
		"Nbr de cde max des ouvrants": {
		"firstbyte": 4
		}
	}, 
	"minbytes": 1, 
	"sentbytes": "3BD12914"
	}, 
	{
	"name": "Pas de reconda auto", 
	"replybytes": "7BD0", 
	"deny_sds": [], 
	"manualsend": true, 
	"minbytes": 2, 
	"sentbytes": "3BD0010200"
	}, 
	{
	"name": "Lecture Entr\u00e9es et Etats V\u00e9hicule", 
	"replybytes": "61DC", 
	"deny_sds": [], 
	"receivebyte_dataitems": {
		"Entr\u00e9e lanternes": {
		"bitoffset": 7, 
		"ref": true, 
		"firstbyte": 5
		}, 
		"Entr\u00e9e lave vitre arri\u00e8re (1)": {
		"bitoffset": 2, 
		"ref": true, 
		"firstbyte": 3
		}, 
		"Entr\u00e9e feu brouillard arri\u00e8re": {
		"bitoffset": 1, 
		"ref": true, 
		"firstbyte": 7
		}, 
		"Entr\u00e9e arr\u00eat fixe avant (1)": {
		"bitoffset": 2, 
		"ref": true, 
		"firstbyte": 5
		}, 
		"Ligne airbag crash (1)": {
		"ref": true, 
		"firstbyte": 6
		}, 
		"Entr\u00e9e cadencement avant (1)": {
		"bitoffset": 7, 
		"ref": true, 
		"firstbyte": 6
		}, 
		"Entr\u00e9e bouton CPE d\u00e9conda": {
		"bitoffset": 5, 
		"ref": true, 
		"firstbyte": 3
		}, 
		"Entr\u00e9e bouton CPE condamner": {
		"bitoffset": 6, 
		"ref": true, 
		"firstbyte": 3
		}, 
		"Entr\u00e9e clignotant droit (1)": {
		"bitoffset": 5, 
		"ref": true, 
		"firstbyte": 5
		}, 
		"Entr\u00e9e cadencement arri\u00e8re (1)": {
		"bitoffset": 5, 
		"ref": true, 
		"firstbyte": 4
		}, 
		"Moteur tournant autonome (1)": {
		"bitoffset": 6, 
		"ref": true, 
		"firstbyte": 8
		}, 
		"Demande d\u00e9givrage lunette (1)": {
		"bitoffset": 1, 
		"ref": true, 
		"firstbyte": 3
		}, 
		"Entr\u00e9e arr\u00eat fixe arri\u00e8re (1)": {
		"bitoffset": 7, 
		"ref": true, 
		"firstbyte": 4
		}, 
		"Entr\u00e9e clignotant gauche (1)": {
		"bitoffset": 4, 
		"ref": true, 
		"firstbyte": 5
		}, 
		"Entr\u00e9e feux de d\u00e9tresse": {
		"bitoffset": 6, 
		"ref": true, 
		"firstbyte": 5
		}, 
		"V\u00e9hicule en APC": {
		"bitoffset": 7, 
		"firstbyte": 3
		}, 
		"Entr\u00e9e portes arri\u00e8res": {
		"bitoffset": 1, 
		"ref": true, 
		"firstbyte": 5
		}, 
		"Ligne transpondeur (1)": {
		"ref": true, 
		"firstbyte": 3
		}, 
		"Entr\u00e9e code+phare+brouillard AV": {
		"bitoffset": 4, 
		"ref": true, 
		"firstbyte": 7
		}, 
		"Entr\u00e9e lave vitre avant (1)": {
		"ref": true, 
		"firstbyte": 5
		}, 
		"Entr\u00e9e vitesse v\u00e9hicule": {
		"bitoffset": 5, 
		"ref": true, 
		"firstbyte": 7
		}, 
		"Entr\u00e9e retour verlog (1)": {
		"bitoffset": 6, 
		"ref": true, 
		"firstbyte": 7
		}, 
		"Entr\u00e9e ceinture (1)": {
		"ref": true, 
		"firstbyte": 7
		}, 
		"Entr\u00e9e portes avant": {
		"bitoffset": 3, 
		"ref": true, 
		"firstbyte": 5
		}
	}, 
	"minbytes": 8, 
	"sentbytes": "21DC"
	}, 
	{
	"name": "Lecture Configuration usine", 
	"replybytes": "61D1", 
	"deny_sds": [], 
	"receivebyte_dataitems": {
		"Nombre max d'activation du buzzer": {
		"firstbyte": 54
		}, 
		"Temps max activation d\u00e9tresse.": {
		"ref": true, 
		"firstbyte": 6
		}, 
		"Dur\u00e9e d arr\u00eat apr\u00e8s blocage(AV et ARR).": {
		"ref": true, 
		"firstbyte": 13
		}, 
		"Nbr coups balais apres lavage court.": {
		"ref": true, 
		"firstbyte": 21
		}, 
		"Nbr mise APC avant \u00e9ffacement code APV": {
		"firstbyte": 46
		}, 
		"Filtrage arret fixe avant.": {
		"ref": true, 
		"firstbyte": 15
		}, 
		"Dur\u00e9e d'activation du buzzer": {
		"firstbyte": 53
		}, 
		"Seuil appui lavage court / long.": {
		"ref": true, 
		"firstbyte": 23
		}, 
		"Retard apr\u00e8s d\u00e9tection arret fixe arri\u00e8re": {
		"firstbyte": 38
		}, 
		"Dur\u00e9e du beep clignotant": {
		"firstbyte": 56
		}, 
		"Temps commande mini essuie vitre AV.": {
		"ref": true, 
		"firstbyte": 11
		}, 
		"Retard avant arr\u00eat balais AV.": {
		"ref": true, 
		"firstbyte": 16
		}, 
		"Tempo avant arret forc\u00e9 du plafonnier": {
		"ref": true, 
		"firstbyte": 7
		}, 
		"Timer pour Reconda. Automatique.": {
		"ref": true, 
		"firstbyte": 45
		}, 
		"Temporisation des plafonniers": {
		"ref": true, 
		"firstbyte": 8
		}, 
		"Temps commande max si blocage (AV et ARR)": {
		"ref": true, 
		"firstbyte": 12
		}, 
		"Dur\u00e9e de reprise apr\u00e8s blocage.": {
		"ref": true, 
		"firstbyte": 14
		}, 
		"Dur\u00e9e inhibition apr\u00e8s 1er appui.": {
		"ref": true, 
		"firstbyte": 50
		}, 
		"Nbr de Commande max des moteurs Conda.": {
		"ref": true, 
		"firstbyte": 43
		}, 
		"R\u00e9f\u00e9rence pour Nbr cde max moteurs Conda.": {
		"ref": true, 
		"firstbyte": 44
		}, 
		"Nombre coups balai apr\u00e8s lavage arri\u00e8re.": {
		"ref": true, 
		"firstbyte": 39
		}, 
		"D\u00e9lai avant protection v\u00e9hicule": {
		"ref": true, 
		"firstbyte": 47
		}, 
		"Temps de commande max des ouvrants.": {
		"ref": true, 
		"firstbyte": 42
		}, 
		"Seuil vitesse pour Conda. en roulant.": {
		"ref": true, 
		"firstbyte": 41
		}, 
		"Retard cde feux d\u00e9tresse apres un choc.": {
		"ref": true, 
		"firstbyte": 3
		}, 
		"Nbr coups balais apres lavage long.": {
		"ref": true, 
		"firstbyte": 22
		}, 
		"Seuil vitesse de l'activation buzzer": {
		"firstbyte": 52
		}, 
		"P\u00e9riode clignotant d\u00e9grad\u00e9.": {
		"firstbyte": 58
		}, 
		"Dur\u00e9e prise en compte double appui RF (cl\u00e9 2 boutons)": {
		"ref": true, 
		"firstbyte": 48
		}, 
		"P\u00e9riode clignotant.": {
		"ref": true, 
		"firstbyte": 57
		}, 
		"Dur\u00e9e d\u00e9givrage.": {
		"ref": true, 
		"firstbyte": 49
		}
	}, 
	"minbytes": 58, 
	"sentbytes": "21D1"
	}, 
	{
	"name": "Nbs de coups de balais arri\u00e8re", 
	"deny_sds": [], 
	"manualsend": true, 
	"sendbyte_dataitems": {
		"Nbr de coups de balais AR": {
		"firstbyte": 4
		}
	}, 
	"minbytes": 1, 
	"sentbytes": "3BD12503"
	}, 
	{
	"name": "Nombre activation buzzer oubli ceinture", 
	"deny_sds": [], 
	"manualsend": true, 
	"sendbyte_dataitems": {
		"Nombre max d'activation du buzzer": {
		"firstbyte": 4
		}
	}, 
	"minbytes": 1, 
	"sentbytes": "3BD1340A"
	}, 
	{
	"name": "Ecriture du VIN", 
	"replybytes": "7B81", 
	"deny_sds": [], 
	"manualsend": true, 
	"sendbyte_dataitems": {
		"CRC": {
		"firstbyte": 20
		}, 
		"VIN": {
		"firstbyte": 3
		}
	}, 
	"minbytes": 2, 
	"sentbytes": "3B8111223344556677889910111213141516171819"
	}, 
	{
	"name": "Sans configuration diesel F8Q", 
	"replybytes": "7BD0", 
	"deny_sds": [], 
	"manualsend": true, 
	"minbytes": 2, 
	"sentbytes": "3BD0020100"
	}, 
	{
	"name": "Effacement D\u00e9fauts en EEPROM", 
	"replybytes": "54FF00", 
	"deny_sds": [], 
	"manualsend": true, 
	"minbytes": 3, 
	"sentbytes": "14FF00"
	}, 
	{
	"name": "Lecture du VIN", 
	"replybytes": "6181", 
	"deny_sds": [], 
	"manualsend": true, 
	"receivebyte_dataitems": {
		"CRC": {
		"ref": true, 
		"firstbyte": 20
		}, 
		"VIN": {
		"ref": true, 
		"firstbyte": 3
		}
	}, 
	"minbytes": 21, 
	"sentbytes": "2181"
	}, 
	{
	"name": "Avec autorisation pilotage plafonnier", 
	"replybytes": "7BD0", 
	"deny_sds": [], 
	"manualsend": true, 
	"minbytes": 2, 
	"sentbytes": "3BD0020401"
	}, 
	{
	"name": "Lecture ConfiguUsine - Param\u00e8tres G\u00e9n\u00e9raux", 
	"replybytes": "61D000000000", 
	"deny_sds": [], 
	"receivebyte_dataitems": {
		"T\u00e9l\u00e9commande RF avec 1 ou 2 Boutons ?": {
		"bitoffset": 4, 
		"ref": true, 
		"firstbyte": 6
		}, 
		"Recondamnation automatique": {
		"bitoffset": 6, 
		"ref": true, 
		"firstbyte": 4
		}, 
		"Configuration diesel F8Q": {
		"bitoffset": 5, 
		"ref": true, 
		"firstbyte": 3
		}, 
		"Pr\u00e9disposition alarme 2\u00b0 monte": {
		"bitoffset": 3, 
		"ref": true, 
		"firstbyte": 6
		}, 
		"D\u00e9givrage LARD via UCH ( Entr\u00e9e Impuls )": {
		"bitoffset": 4, 
		"ref": true, 
		"firstbyte": 3
		}, 
		"Verrouillage cl\u00e9 \u00e0 l'apprentissage": {
		"bitoffset": 2, 
		"ref": true, 
		"firstbyte": 6
		}, 
		"Autorisation buzzer oubli ceinture (X06)": {
		"ref": true, 
		"firstbyte": 6
		}, 
		"choix algorithme VERLOG": {
		"bitoffset": 7, 
		"ref": true, 
		"firstbyte": 5
		}, 
		"Protection p\u00e9rim\u00e9trique": {
		"bitoffset": 6, 
		"ref": true, 
		"firstbyte": 3
		}, 
		"Bouton CPE Impulsionnel ( 1 ou 2 positions )": {
		"bitoffset": 5, 
		"ref": true, 
		"firstbyte": 5
		}, 
		"Fonctionnement essuie Lunette AR": {
		"bitoffset": 3, 
		"ref": true, 
		"firstbyte": 5
		}, 
		"Fonction CAR activ\u00e9e par le client": {
		"bitoffset": 3, 
		"ref": true, 
		"firstbyte": 4
		}, 
		"Buzzer clignotant modifi\u00e9 si remorque": {
		"bitoffset": 1, 
		"ref": true, 
		"firstbyte": 5
		}, 
		"Autorisation  fonction antid\u00e9marrage": {
		"bitoffset": 6, 
		"ref": true, 
		"firstbyte": 6
		}, 
		"Autorisation condamnation en roulant": {
		"bitoffset": 4, 
		"ref": true, 
		"firstbyte": 4
		}, 
		"Gestion mode Usine ou Client + BPT": {
		"bitoffset": 1, 
		"ref": true, 
		"firstbyte": 4
		}, 
		"Fonctionnement feu de brouillard (X06)": {
		"bitoffset": 4, 
		"ref": true, 
		"firstbyte": 5
		}, 
		"activation Single door opening": {
		"bitoffset": 6, 
		"ref": true, 
		"firstbyte": 5
		}, 
		"Gestion Tempo et Extinction progressive": {
		"ref": true, 
		"firstbyte": 4
		}, 
		"T\u00e9l\u00e9commande RF": {
		"bitoffset": 1, 
		"ref": true, 
		"firstbyte": 6
		}, 
		"Autorisation fonction alarme survitesse": {
		"bitoffset": 7, 
		"ref": true, 
		"firstbyte": 3
		}, 
		"Condition Moteur tourant LARD": {
		"bitoffset": 2, 
		"ref": true, 
		"firstbyte": 5
		}, 
		"Allumage feux detresse si choc (CAR)": {
		"ref": true, 
		"firstbyte": 3
		}, 
		"Autorisation Eclairage Int\u00e9rieur": {
		"bitoffset": 5, 
		"ref": true, 
		"firstbyte": 6
		}, 
		"Pr\u00e9sence liaison airbag-UCH (avec CAR)": {
		"bitoffset": 7, 
		"ref": true, 
		"firstbyte": 6
		}
	}, 
	"minbytes": 6, 
	"sentbytes": "21D0"
	}, 
	{
	"name": "P\u00e9riode du clignotant", 
	"deny_sds": [], 
	"manualsend": true, 
	"sendbyte_dataitems": {
		"P\u00e9riode du clignotant": {
		"firstbyte": 4
		}
	}, 
	"minbytes": 1, 
	"sentbytes": "3BD13708"
	}, 
	{
	"name": "Avec verrouillage cl\u00e9", 
	"replybytes": "7BD0", 
	"deny_sds": [], 
	"manualsend": true, 
	"minbytes": 2, 
	"sentbytes": "3BD0050400"
	}, 
	{
	"name": "Filtrage de l'arr\u00eat fixe AV", 
	"deny_sds": [], 
	"manualsend": true, 
	"sendbyte_dataitems": {
		"Filtrage de l'arret fixe AV": {
		"firstbyte": 4
		}
	}, 
	"minbytes": 1, 
	"sentbytes": "3BD10D02"
	}, 
	{
	"name": "Bouton deux positions", 
	"replybytes": "7BD0", 
	"deny_sds": [], 
	"manualsend": true, 
	"minbytes": 2, 
	"sentbytes": "3BD0020300"
	}, 
	{
	"sentbytes": "3BD0060201", 
	"deny_sds": [], 
	"minbytes": 1, 
	"manualsend": true, 
	"name": "Avec alim plaf"
	}, 
	{
	"name": "Ecriture VDIAG", 
	"replybytes": "7BE0", 
	"deny_sds": [], 
	"manualsend": true, 
	"sendbyte_dataitems": {
		"VDIAG \u00e0 Ecrire": {
		"firstbyte": 3
		}
	}, 
	"minbytes": 1, 
	"sentbytes": "3BE000"
	}, 
	{
	"name": "Commande Directe Actuateurs", 
	"deny_sds": [], 
	"manualsend": true, 
	"receivebyte_dataitems": {
		"Status entr\u00e9e dans routine": {
		"firstbyte": 3
		}, 
		"Sortie activ\u00e9e": {
		"firstbyte": 2
		}
	}, 
	"sendbyte_dataitems": {
		"Activation ou D\u00e9actication": {
		"firstbyte": 4
		}, 
		"Actionneur \u00e0 piloter": {
		"firstbyte": 2
		}
	}, 
	"minbytes": 3, 
	"sentbytes": "30000000"
	}, 
	{
	"name": "Sortie APV Abandon", 
	"deny_sds": [], 
	"minbytes": 2, 
	"sentbytes": "808100", 
	"replybytes": "C081"
	}, 
	{
	"name": "Tempo avec reconda auto", 
	"deny_sds": [], 
	"manualsend": true, 
	"sendbyte_dataitems": {
		"Tempo avant reconda auto": {
		"firstbyte": 4
		}
	}, 
	"minbytes": 1, 
	"sentbytes": "3BD12B1E"
	}, 
	{
	"sentbytes": "3BD0070100", 
	"deny_sds": [], 
	"minbytes": 1, 
	"manualsend": true, 
	"name": "Sans allumage feux d\u00e9tresse apr\u00e8s choc"
	}, 
	{
	"name": "Avec cl\u00e9 RF", 
	"replybytes": "7BD0", 
	"deny_sds": [], 
	"manualsend": true, 
	"minbytes": 2, 
	"sentbytes": "3BD0060401"
	}, 
	{
	"sentbytes": "3BD0000300", 
	"deny_sds": [], 
	"minbytes": 1, 
	"manualsend": true, 
	"name": "Algorithme Renault 2010"
	}, 
	{
	"sentbytes": "3BD0040400", 
	"deny_sds": [], 
	"minbytes": 1, 
	"manualsend": true, 
	"name": "Sans alarme seconde monte"
	}, 
	{
	"name": "StartRoutine-demande de status", 
	"deny_sds": [], 
	"receivebyte_dataitems": {
		"Status de la routine": {
		"firstbyte": 3
		}, 
		"copie de N\u00b0 sortie activ\u00e9e": {
		"firstbyte": 2
		}
	}, 
	"sendbyte_dataitems": {
		"N\u00b0 routine \u00e0 surveiller": {
		"firstbyte": 2
		}
	}, 
	"minbytes": 15, 
	"sentbytes": "31A601"
	}, 
	{
	"name": "Avec temporisation du plafonnier", 
	"replybytes": "7BD0", 
	"deny_sds": [], 
	"manualsend": true, 
	"minbytes": 2, 
	"sentbytes": "3BD0070201"
	}, 
	{
	"name": "Sortie APV Valide", 
	"replybytes": "C081", 
	"deny_sds": [], 
	"manualsend": true, 
	"minbytes": 2, 
	"sentbytes": "808101"
	}, 
	{
	"name": "Lecture D\u00e9fauts", 
	"replybytes": "6194", 
	"deny_sds": [], 
	"receivebyte_dataitems": {
		"D\u00e9faut m\u00e9mo. CC 12 V sortie alarme": {
		"bitoffset": 7, 
		"ref": true, 
		"firstbyte": 12
		}, 
		"D\u00e9faut CC au 12 V sortie alarme (1)": {
		"bitoffset": 7, 
		"ref": true, 
		"firstbyte": 6
		}, 
		"D\u00e9faut CC+12V de la liaison bague transpondeur": {
		"bitoffset": 3, 
		"ref": true, 
		"firstbyte": 4
		}, 
		"D\u00e9faut m\u00e9mo. CC 12 V liaison verlog moteur": {
		"bitoffset": 5, 
		"ref": true, 
		"firstbyte": 11
		}, 
		"D\u00e9faut CCmasse de la liaison bague transp.": {
		"bitoffset": 2, 
		"ref": true, 
		"firstbyte": 4
		}, 
		"D\u00e9faut cde CPEO press\u00e9e \u00e0 la mont\u00e9e APC (1)": {
		"bitoffset": 7, 
		"ref": true, 
		"firstbyte": 3
		}, 
		"D\u00e9faut CC au 12V de la liaison verlog moteur": {
		"bitoffset": 5, 
		"ref": true, 
		"firstbyte": 5
		}, 
		"D\u00e9faut Arr\u00eat fixe essuyage arri\u00e8re (1)": {
		"bitoffset": 4, 
		"ref": true, 
		"firstbyte": 3
		}, 
		"D\u00e9faut cde CPEF press\u00e9e \u00e0 la mont\u00e9e APC": {
		"bitoffset": 6, 
		"ref": true, 
		"firstbyte": 3
		}, 
		"D\u00e9faut m\u00e9mo. CC+12V liaison transpondeur": {
		"bitoffset": 3, 
		"ref": true, 
		"firstbyte": 10
		}, 
		"D\u00e9faut Arr\u00eat fixe essuyage avant": {
		"bitoffset": 5, 
		"ref": true, 
		"firstbyte": 3
		}, 
		"Compteur nbr commande resynchro effectu\u00e9es": {
		"ref": true, 
		"firstbyte": 13
		}, 
		"D\u00e9faut EEPROM": {
		"ref": true, 
		"firstbyte": 3
		}, 
		"D\u00e9faut m\u00e9mo. CO ou CC masse sortie alarme": {
		"bitoffset": 6, 
		"ref": true, 
		"firstbyte": 12
		}, 
		"Compteur de choc m\u00e9moris\u00e9s": {
		"ref": true, 
		"firstbyte": 19
		}, 
		"D\u00e9faut CC au +12V de la sortie d\u00e9givrage (1)": {
		"bitoffset": 1, 
		"ref": true, 
		"firstbyte": 5
		}, 
		"D\u00e9faut m\u00e9mo. airbag": {
		"bitoffset": 3, 
		"ref": true, 
		"firstbyte": 9
		}, 
		"D\u00e9faut m\u00e9mo. CO ou CC masse liaison transpondeur": {
		"bitoffset": 2, 
		"ref": true, 
		"firstbyte": 10
		}, 
		"D\u00e9faut CO ou CC masse sortie d\u00e9givrage (1)": {
		"ref": true, 
		"firstbyte": 5
		}, 
		"D\u00e9faut CO ou CC masse sortie alarme (1)": {
		"bitoffset": 6, 
		"ref": true, 
		"firstbyte": 6
		}, 
		"D\u00e9faut CCmasse de la liaison verlog moteur": {
		"bitoffset": 6, 
		"ref": true, 
		"firstbyte": 5
		}, 
		"Compteur de reset m\u00e9moris\u00e9s": {
		"ref": true, 
		"firstbyte": 18
		}, 
		"D\u00e9faut airbag ou liaison airbag-UCH": {
		"bitoffset": 3, 
		"ref": true, 
		"firstbyte": 3
		}, 
		"D\u00e9faut m\u00e9mo. arr\u00eat fixe essuyage avant": {
		"bitoffset": 5, 
		"ref": true, 
		"firstbyte": 9
		}, 
		"D\u00e9faut m\u00e9mo. acquitement \u00e9lectrovanne diesel": {
		"bitoffset": 4, 
		"ref": true, 
		"firstbyte": 11
		}, 
		"D\u00e9faut m\u00e9mo CCmasse de la liaison verlog moteur": {
		"bitoffset": 6, 
		"ref": true, 
		"firstbyte": 11
		}, 
		"Info apprentissage cl\u00e9": {
		"ref": true, 
		"firstbyte": 8
		}, 
		"Compteur du nombre int\u00e9rrogation par s\u00e9quence authentification": {
		"ref": true, 
		"firstbyte": 7
		}, 
		"Compteur m\u00e9mo. \u00e9chec de resynchro": {
		"ref": true, 
		"firstbyte": 14
		}, 
		"D\u00e9faut m\u00e9mo. status clignotant": {
		"bitoffset": 1, 
		"ref": true, 
		"firstbyte": 9
		}, 
		"Compteur m\u00e9mo. reconnaissance avec Retard": {
		"ref": true, 
		"firstbyte": 15
		}, 
		"D\u00e9faut m\u00e9mo. CC +12V sortie d\u00e9givrage": {
		"bitoffset": 1, 
		"ref": true, 
		"firstbyte": 11
		}, 
		"D\u00e9faut m\u00e9mo. C0 ou CC masse d\u00e9givrage": {
		"ref": true, 
		"firstbyte": 11
		}, 
		"D\u00e9faut m\u00e9mo. arr\u00eat fixe essuyage arri\u00e8re": {
		"bitoffset": 4, 
		"ref": true, 
		"firstbyte": 9
		}, 
		"D\u00e9faut acquitement \u00e9lectrovanne diesel (X76)": {
		"bitoffset": 4, 
		"ref": true, 
		"firstbyte": 5
		}, 
		"D\u00e9faut status clignotant": {
		"bitoffset": 1, 
		"ref": true, 
		"firstbyte": 3
		}, 
		"D\u00e9faut m\u00e9mo. EEPROM": {
		"ref": true, 
		"firstbyte": 9
		}, 
		"Compteur m\u00e9mo. \u00e9chec reconnaissance transp.": {
		"ref": true, 
		"firstbyte": 16
		}
	}, 
	"minbytes": 19, 
	"sentbytes": "2194"
	}, 
	{
	"name": "Lecture code APV", 
	"replybytes": "61A2", 
	"deny_sds": [], 
	"manualsend": true, 
	"receivebyte_dataitems": {
		"Cheksum code APV": {
		"ref": true, 
		"firstbyte": 9
		}, 
		"Code de d\u00e9pannage Apr\u00e8s-Vente": {
		"ref": true, 
		"firstbyte": 3
		}
	}, 
	"minbytes": 9, 
	"sentbytes": "21A2"
	}, 
	{
	"name": "Avec fonctionnement essuie lunette (x65)", 
	"replybytes": "7BD0", 
	"deny_sds": [], 
	"manualsend": true, 
	"minbytes": 2, 
	"sentbytes": "3BD0040301"
	}, 
	{
	"name": "Seuil vitesse buzzer oubli ceinture", 
	"deny_sds": [], 
	"manualsend": true, 
	"sendbyte_dataitems": {
		"E_Seuil vitesse de l'activation buzzer": {
		"firstbyte": 4
		}
	}, 
	"minbytes": 1, 
	"sentbytes": "3BD1320A"
	}, 
	{
	"name": "cl\u00e9 vierge", 
	"replybytes": "71B001", 
	"deny_sds": [], 
	"receivebyte_dataitems": {
		"R\u00e9ponse UCH": {
		"firstbyte": 3
		}
	}, 
	"minbytes": 3, 
	"sentbytes": "31B001"
	}, 
	{
	"name": "Sans antidem", 
	"replybytes": "7BD0", 
	"deny_sds": [], 
	"manualsend": true, 
	"minbytes": 2, 
	"sentbytes": "3BD0010400"
	}, 
	{
	"name": "Temps de ref protection des ouvrants", 
	"deny_sds": [], 
	"manualsend": true, 
	"sendbyte_dataitems": {
		"Temps de r\u00e9f\u00e9rence protection ouvrants": {
		"firstbyte": 4
		}
	}, 
	"minbytes": 1, 
	"sentbytes": "3BD12A02"
	}, 
	{
	"name": "E_retard d\u00e9tresse", 
	"deny_sds": [], 
	"manualsend": true, 
	"sendbyte_dataitems": {
		"e_retard d\u00e9tresse": {
		"firstbyte": 4
		}
	}, 
	"minbytes": 1, 
	"sentbytes": "3BD10105"
	}, 
	{
	"name": "Seuil lavage court/long", 
	"deny_sds": [], 
	"manualsend": true, 
	"sendbyte_dataitems": {
		"Seuil lavage court/long": {
		"firstbyte": 4
		}
	}, 
	"minbytes": 1, 
	"sentbytes": "3BD11529"
	}, 
	{
	"name": "Sans autorisation pilotage plafonnier", 
	"replybytes": "7BD0", 
	"deny_sds": [], 
	"manualsend": true, 
	"minbytes": 2, 
	"sentbytes": "3BD0020400"
	}, 
	{
	"name": "T max d\u00e9tresse", 
	"deny_sds": [], 
	"manualsend": true, 
	"sendbyte_dataitems": {
		"Tmax detresse.": {
		"firstbyte": 4
		}
	}, 
	"minbytes": 1, 
	"sentbytes": "3BD10424"
	}, 
	{
	"name": "Nbr coups balais apres lavage long", 
	"deny_sds": [], 
	"manualsend": true, 
	"sendbyte_dataitems": {
		"Nbr coups balais apres lavage long.": {
		"firstbyte": 4
		}
	}, 
	"minbytes": 1, 
	"sentbytes": "3BD11403"
	}, 
	{
	"sentbytes": "3BD0050300", 
	"deny_sds": [], 
	"minbytes": 1, 
	"manualsend": true, 
	"name": "Sans d\u00e9givrage arri\u00e8re si moteur tournant"
	}, 
	{
	"name": "Tester cl\u00e9 vierge", 
	"replybytes": "71B000", 
	"deny_sds": [], 
	"manualsend": true, 
	"receivebyte_dataitems": {
		"R\u00e9ponse UCH": {
		"firstbyte": 3
		}
	}, 
	"minbytes": 3, 
	"sentbytes": "31B000"
	}, 
	{
	"name": "Avec fonction d\u00e9givrage", 
	"replybytes": "7BD0", 
	"deny_sds": [], 
	"manualsend": true, 
	"minbytes": 2, 
	"sentbytes": "3BD0030101"
	}, 
	{
	"name": "CAR client off", 
	"replybytes": "7BD0", 
	"deny_sds": [], 
	"manualsend": true, 
	"minbytes": 2, 
	"sentbytes": "3BD0040200"
	}, 
	{
	"sentbytes": "3BD1", 
	"deny_sds": [], 
	"minbytes": 1, 
	"manualsend": true, 
	"name": "Retard avant arr\u00eat balais AV"
	}, 
	{
	"name": "temps avant ouverture relais plaf", 
	"deny_sds": [], 
	"manualsend": true, 
	"sendbyte_dataitems": {
		"Temps avant ouv relais plaf": {
		"firstbyte": 4
		}
	}, 
	"minbytes": 1, 
	"sentbytes": "3BD10524"
	}, 
	{
	"sentbytes": "3BD0040401", 
	"deny_sds": [], 
	"minbytes": 1, 
	"manualsend": true, 
	"name": "Avec alarme seconde monte"
	}, 
	{
	"name": "Ecriture Configuration usine", 
	"replybytes": "7BD1", 
	"deny_sds": [], 
	"manualsend": true, 
	"sendbyte_dataitems": {
		"Seuil lavage court/long": {
		"firstbyte": 23
		}, 
		"tempo avant protection v\u00e9hicule": {
		"firstbyte": 47
		}, 
		"Nbr balais ap\u00e8s lavage long": {
		"firstbyte": 22
		}, 
		"Nbr de cde max des ouvrants": {
		"firstbyte": 43
		}, 
		"Filtrage de l'arret fixe AV": {
		"firstbyte": 15
		}, 
		"temps max double appui": {
		"firstbyte": 48
		}, 
		"P\u00e9riode du clignotant": {
		"firstbyte": 57
		}, 
		"Dur\u00e9e inhibition cde d\u00e9givrage": {
		"firstbyte": 50
		}, 
		"Seuil de vitesse de la CAR": {
		"firstbyte": 41
		}, 
		"Dur\u00e9e de fontionnement max en couple bloqu\u00e9": {
		"firstbyte": 12
		}, 
		"Temps reprise apr\u00e8s blocage EV": {
		"firstbyte": 14
		}, 
		"Temporisation plaf.": {
		"firstbyte": 8
		}, 
		"E_Temps max activation d\u00e9tresse.": {
		"firstbyte": 6
		}, 
		"Temps max de cde des ouvrants.": {
		"firstbyte": 42
		}, 
		"Temps essuyage mini": {
		"firstbyte": 11
		}, 
		"Tempo avant reconda auto": {
		"firstbyte": 45
		}, 
		"P\u00e9riode du clignotant d\u00e9grad\u00e9": {
		"firstbyte": 58
		}, 
		"E_retard detresse": {
		"firstbyte": 3
		}, 
		"Retard apr\u00e8s d\u00e9tection arr\u00eat fixe AV": {
		"firstbyte": 16
		}, 
		"E_Nbr mise APC avant \u00e9ffacement code APV": {
		"firstbyte": 46
		}, 
		"Nbr de coups de balais AR": {
		"firstbyte": 39
		}, 
		"E_Dur\u00e9e du beep clignotant": {
		"firstbyte": 56
		}, 
		"Dur\u00e9e de d\u00e9givrage": {
		"firstbyte": 49
		}, 
		"Nbr balais apr\u00e8s lavage court": {
		"firstbyte": 21
		}, 
		"Temps d'arret apr\u00e8s blocage EV": {
		"firstbyte": 13
		}, 
		"Temps de r\u00e9f\u00e9rence protection ouvrants": {
		"firstbyte": 44
		}, 
		"Temps avant ouv relais plaf": {
		"firstbyte": 7
		}
	}, 
	"minbytes": 2, 
	"sentbytes": "3BD1050000242426000018140F020200000000000103290000000000000000000000000000000300083214021E0A680A0E08000A5C0A00040804"
	}, 
	{
	"name": "Entr\u00e9e app Usine", 
	"replybytes": "C002", 
	"deny_sds": [], 
	"manualsend": true, 
	"minbytes": 2, 
	"sentbytes": "8002"
	}, 
	{
	"name": "Reconda auto", 
	"replybytes": "7BD0", 
	"deny_sds": [], 
	"manualsend": true, 
	"minbytes": 2, 
	"sentbytes": "3BD0010201"
	}, 
	{
	"name": "Sans fonctionnement feu brouillard (x06)", 
	"replybytes": "7BD0", 
	"deny_sds": [], 
	"manualsend": true, 
	"minbytes": 2, 
	"sentbytes": "3BD0030300"
	}, 
	{
	"name": "Sans verrouillage cl\u00e9", 
	"replybytes": "7BD0", 
	"deny_sds": [], 
	"manualsend": true, 
	"minbytes": 2, 
	"sentbytes": "3BD0050401"
	}, 
	{
	"name": "Dur\u00e9e activation buzzer oubli ceinture", 
	"deny_sds": [], 
	"manualsend": true, 
	"sendbyte_dataitems": {
		"Dur\u00e9e d'activation du buzzer": {
		"firstbyte": 4
		}
	}, 
	"minbytes": 1, 
	"sentbytes": "3BD13366"
	}, 
	{
	"name": "Temps d'arr\u00eat apr\u00e8s blocage EV", 
	"deny_sds": [], 
	"manualsend": true, 
	"sendbyte_dataitems": {
		"Temps d'arret apr\u00e8s blocage EV": {
		"firstbyte": 4
		}
	}, 
	"minbytes": 1, 
	"sentbytes": "3BD10B0F"
	}, 
	{
	"name": "Dur\u00e9e de d\u00e9givrage", 
	"deny_sds": [], 
	"manualsend": true, 
	"sendbyte_dataitems": {
		"Dur\u00e9e de d\u00e9givrage": {
		"firstbyte": 4
		}
	}, 
	"minbytes": 1, 
	"sentbytes": "3BD12F0E"
	}, 
	{
	"name": "CAR on", 
	"replybytes": "7BD0", 
	"deny_sds": [], 
	"manualsend": true, 
	"minbytes": 2, 
	"sentbytes": "3BD0030201"
	}, 
	{
	"name": "Entr\u00e9e app APV", 
	"replybytes": "C001", 
	"deny_sds": [], 
	"sendbyte_dataitems": {
		"Code APV": {
		"firstbyte": 3
		}
	}, 
	"minbytes": 2, 
	"sentbytes": "8001000000000000"
	}, 
	{
	"name": "Effacement_code_APV", 
	"replybytes": "71A700", 
	"deny_sds": [], 
	"manualsend": true, 
	"receivebyte_dataitems": {
		"Retour": {
		"firstbyte": 3
		}
	}, 
	"minbytes": 3, 
	"sentbytes": "31A700"
	}, 
	{
	"name": "Sortie app Usine", 
	"replybytes": "C082", 
	"deny_sds": [], 
	"manualsend": true, 
	"minbytes": 2, 
	"sentbytes": "8082"
	}, 
	{
	"name": "Sans fonction d\u00e9givrage", 
	"replybytes": "7BD0", 
	"deny_sds": [], 
	"manualsend": true, 
	"minbytes": 2, 
	"sentbytes": "3BD0030100"
	}, 
	{
	"sentbytes": "3BD0000301", 
	"deny_sds": [], 
	"minbytes": 1, 
	"manualsend": true, 
	"name": "Algorithme Polaris"
	}, 
	{
	"name": "Temps max double appui", 
	"deny_sds": [], 
	"manualsend": true, 
	"sendbyte_dataitems": {
		"temps max double appui": {
		"firstbyte": 4
		}
	}, 
	"minbytes": 1, 
	"sentbytes": "3BD12E0A"
	}, 
	{
	"name": "Avec pr\u00e9sence boitier airbag", 
	"replybytes": "7BD0", 
	"deny_sds": [], 
	"manualsend": true, 
	"minbytes": 2, 
	"sentbytes": "3BD0000401"
	}, 
	{
	"name": "Sans alarme p\u00e9rim\u00e9trique", 
	"replybytes": "7BD0", 
	"deny_sds": [], 
	"manualsend": true, 
	"minbytes": 2, 
	"sentbytes": "3BD0010100"
	}, 
	{
	"name": "Seuil de vitesse de la car", 
	"deny_sds": [], 
	"manualsend": true, 
	"sendbyte_dataitems": {
		"Seuil de vitesse de la CAR": {
		"firstbyte": 4
		}
	}, 
	"minbytes": 1, 
	"sentbytes": "3BD12708"
	}, 
	{
	"sentbytes": "3BD0010301", 
	"deny_sds": [], 
	"minbytes": 1, 
	"manualsend": true, 
	"name": "Avec SDO"
	}, 
	{
	"name": "Dur\u00e9e de fctment max en couple bloqu\u00e9", 
	"deny_sds": [], 
	"manualsend": true, 
	"sendbyte_dataitems": {
		"Dur\u00e9e de fontionnement max en couple bloqu\u00e9": {
		"firstbyte": 4
		}
	}, 
	"minbytes": 1, 
	"sentbytes": "3BD10A14"
	}, 
	{
	"name": "E_dur\u00e9e du bip clignotant", 
	"deny_sds": [], 
	"manualsend": true, 
	"sendbyte_dataitems": {
		"E_Dur\u00e9e du beep clignotant": {
		"firstbyte": 4
		}
	}, 
	"minbytes": 1, 
	"sentbytes": "3BD13604"
	}, 
	{
	"name": "StopRoutine", 
	"deny_sds": [], 
	"manualsend": true, 
	"receivebyte_dataitems": {
		"Status de sortie de routine": {
		"firstbyte": 3
		}
	}, 
	"minbytes": 3, 
	"sentbytes": "32A600"
	}, 
	{
	"name": "Sans autorisation fct alarme survitesse", 
	"replybytes": "7BD0", 
	"deny_sds": [], 
	"manualsend": true, 
	"minbytes": 2, 
	"sentbytes": "3BD0000100"
	}, 
	{
	"name": "mode APV", 
	"replybytes": "50", 
	"deny_sds": [], 
	"manualsend": true, 
	"minbytes": 1, 
	"sentbytes": "10C0"
	}, 
	{
	"name": "Avec antidem", 
	"replybytes": "7BD0", 
	"deny_sds": [], 
	"manualsend": true, 
	"minbytes": 2, 
	"sentbytes": "3BD0010401"
	}, 
	{
	"name": "CAR client on", 
	"replybytes": "7BD0", 
	"deny_sds": [], 
	"manualsend": true, 
	"minbytes": 2, 
	"sentbytes": "3BD0040201"
	}, 
	{
	"name": "Nbr coups balais apres lavage court", 
	"deny_sds": [], 
	"manualsend": true, 
	"sendbyte_dataitems": {
		"Nbr coups balais apres lavage court.": {
		"firstbyte": 4
		}
	}, 
	"minbytes": 1, 
	"sentbytes": "3BD11301"
	}, 
	{
	"name": "Sans pr\u00e9sence boitier airbag", 
	"replybytes": "7BD0", 
	"deny_sds": [], 
	"manualsend": true, 
	"minbytes": 2, 
	"sentbytes": "3BD0000400"
	}, 
	{
	"name": "Temps essuyage mini", 
	"deny_sds": [], 
	"manualsend": true, 
	"sendbyte_dataitems": {
		"Temps essuyage mini": {
		"firstbyte": 4
		}
	}, 
	"minbytes": 1, 
	"sentbytes": "3BD10918"
	}, 
	{
	"sentbytes": "3BD0010300", 
	"deny_sds": [], 
	"minbytes": 1, 
	"manualsend": true, 
	"name": "Sans SDO"
	}, 
	{
	"name": "Lecture Etats Antid\u00e9marrage", 
	"replybytes": "61DB", 
	"deny_sds": [], 
	"receivebyte_dataitems": {
		"Etat recondamnation automatique": {
		"bitoffset": 5, 
		"ref": true, 
		"firstbyte": 16
		}, 
		"Cl\u00e9 No4 Identifi\u00e9e": {
		"bitoffset": 4, 
		"ref": true, 
		"firstbyte": 4
		}, 
		"V\u00e9hicule condamn\u00e9 en roulant": {
		"bitoffset": 3, 
		"ref": true, 
		"firstbyte": 16
		}, 
		"Code APV reconnu": {
		"ref": true, 
		"firstbyte": 5
		}, 
		"Nbr de Cl\u00e9s standard 433 MHz apprises": {
		"ref": true, 
		"firstbyte": 12
		}, 
		"R\u00e9ponse au challenge correcte, authent r\u00e9ussie": {
		"bitoffset": 3, 
		"ref": true, 
		"firstbyte": 3
		}, 
		"Entr\u00e9e en mode apprentissage Usine": {
		"bitoffset": 6, 
		"ref": true, 
		"firstbyte": 5
		}, 
		"Code RF Recu Valide et Reconnu": {
		"bitoffset": 2, 
		"ref": true, 
		"firstbyte": 17
		}, 
		"Cl\u00e9 pr\u00e9sent\u00e9e lock\u00e9e": {
		"bitoffset": 7, 
		"ref": true, 
		"firstbyte": 5
		}, 
		"Cl\u00e9 No3 Identifi\u00e9e": {
		"bitoffset": 5, 
		"ref": true, 
		"firstbyte": 4
		}, 
		"Appui ouverture porte conducteur": {
		"bitoffset": 7, 
		"ref": true, 
		"firstbyte": 17
		}, 
		"Apprentissage antid\u00e9marrage non termin\u00e9": {
		"bitoffset": 2, 
		"ref": true, 
		"firstbyte": 5
		}, 
		"Cl\u00e9 No1 Identifi\u00e9e": {
		"bitoffset": 7, 
		"ref": true, 
		"firstbyte": 4
		}, 
		"Cl\u00e9 pr\u00e9sent\u00e9e vierge": {
		"ref": true, 
		"firstbyte": 4
		}, 
		"Appui ouverture portes": {
		"bitoffset": 6, 
		"ref": true, 
		"firstbyte": 17
		}, 
		"Identificateur cl\u00e9 pr\u00e9sent\u00e9e": {
		"ref": true, 
		"firstbyte": 7, 
		"endian": "Little"
		}, 
		"Nb Echecs d Authentification": {
		"ref": true, 
		"firstbyte": 24
		}, 
		"Entr\u00e9e en mode r\u00e9affectation APV": {
		"bitoffset": 4, 
		"ref": true, 
		"firstbyte": 5
		}, 
		"UCH vierge": {
		"bitoffset": 7, 
		"ref": true, 
		"firstbyte": 3
		}, 
		"Appui fermeture portes": {
		"bitoffset": 5, 
		"ref": true, 
		"firstbyte": 17
		}, 
		"Ident. recu avec format correct": {
		"bitoffset": 6, 
		"ref": true, 
		"firstbyte": 3
		}, 
		"Vitesse sup\u00e9rieure seuil conda": {
		"bitoffset": 2, 
		"ref": true, 
		"firstbyte": 16
		}, 
		"D\u00e9marrage autoris\u00e9 ( code verlog envoy\u00e9 > Inj )": {
		"bitoffset": 2, 
		"ref": true, 
		"firstbyte": 3
		}, 
		"R\u00e9ception d une r\u00e9ponse au challenge": {
		"bitoffset": 4, 
		"ref": true, 
		"firstbyte": 3
		}, 
		"Nbr de Cl\u00e9s standard 315 MHz apprises": {
		"ref": true, 
		"firstbyte": 13
		}, 
		"Derni\u00e8re commande ouvrants": {
		"bitoffset": 7, 
		"ref": true, 
		"firstbyte": 16
		}, 
		"Identificateur de la cl\u00e9 RF recu": {
		"ref": true, 
		"firstbyte": 18
		}, 
		"Ident. valide connu par l UCH": {
		"bitoffset": 5, 
		"ref": true, 
		"firstbyte": 3
		}, 
		"Nb Essais d Authentification": {
		"ref": true, 
		"firstbyte": 22
		}, 
		"Nb Echecs de Resynchro.": {
		"ref": true, 
		"firstbyte": 25
		}, 
		"Source derni\u00e8re commande ouvrants": {
		"bitoffset": 6, 
		"ref": true, 
		"firstbyte": 16
		}, 
		"Condamnation en roulant activ\u00e9e": {
		"bitoffset": 4, 
		"ref": true, 
		"firstbyte": 16
		}, 
		"Apprentissage cl\u00e9s non effectu\u00e9": {
		"bitoffset": 3, 
		"ref": true, 
		"firstbyte": 5
		}, 
		"Code APV disponible pour l outil bord de chaine": {
		"bitoffset": 1, 
		"ref": true, 
		"firstbyte": 5
		}, 
		"Code RF Recu": {
		"bitoffset": 3, 
		"ref": true, 
		"firstbyte": 17
		}, 
		"Cl\u00e9 No2 Identifi\u00e9e": {
		"bitoffset": 6, 
		"ref": true, 
		"firstbyte": 4
		}, 
		"V\u00e9hicule en APC": {
		"bitoffset": 1, 
		"ref": true, 
		"firstbyte": 16
		}, 
		"Ordre effacement code APV re\u00e7u": {
		"ref": true, 
		"firstbyte": 6
		}, 
		"Entr\u00e9e en mode apprentissage APV": {
		"bitoffset": 5, 
		"ref": true, 
		"firstbyte": 5
		}, 
		"Nombre de cl\u00e9s apprises": {
		"ref": true, 
		"firstbyte": 11
		}, 
		"Fr\u00e9quence cl\u00e9 pr\u00e9sent\u00e9e": {
		"bitoffset": 1, 
		"ref": true, 
		"firstbyte": 4
		}
	}, 
	"minbytes": 26, 
	"sentbytes": "21DB"
	}, 
	{
	"name": "Sans cl\u00e9 RF", 
	"replybytes": "7BD0", 
	"deny_sds": [], 
	"manualsend": true, 
	"minbytes": 2, 
	"sentbytes": "3BD0060400"
	}, 
	{
	"name": "Bouton une position", 
	"replybytes": "7BD0", 
	"deny_sds": [], 
	"manualsend": true, 
	"minbytes": 2, 
	"sentbytes": "3BD0020301"
	}, 
	{
	"name": "Avec fonctionnement feu brouillard (x06)", 
	"replybytes": "7BD0", 
	"deny_sds": [], 
	"manualsend": true, 
	"minbytes": 2, 
	"sentbytes": "3BD0030301"
	}, 
	{
	"name": "Retard apr\u00e8s d\u00e9tection arr\u00eat fixe AV", 
	"deny_sds": [], 
	"manualsend": true, 
	"sendbyte_dataitems": {
		"E_Retard avant arr\u00eat balais AV.": {
		"firstbyte": 4
		}
	}, 
	"minbytes": 1, 
	"sentbytes": "3BD10E00"
	}, 
	{
	"name": "Cl\u00e9 un bouton", 
	"replybytes": "7BD0", 
	"deny_sds": [], 
	"manualsend": true, 
	"minbytes": 2, 
	"sentbytes": "3BD0030400"
	}, 
	{
	"name": "mode BE", 
	"replybytes": "50", 
	"deny_sds": [], 
	"manualsend": true, 
	"minbytes": 1, 
	"sentbytes": "10A0"
	}, 
	{
	"name": "Cl\u00e9 deux boutons", 
	"replybytes": "7BD0", 
	"deny_sds": [], 
	"manualsend": true, 
	"minbytes": 2, 
	"sentbytes": "3BD0030401"
	}, 
	{
	"name": "Avec alarme p\u00e9rim\u00e9trique", 
	"replybytes": "7BD0", 
	"deny_sds": [], 
	"manualsend": true, 
	"minbytes": 2, 
	"sentbytes": "3BD0010101"
	}, 
	{
	"name": "Avec autorisation buzzer oubli ceinture", 
	"replybytes": "7BD0", 
	"deny_sds": [], 
	"manualsend": true, 
	"minbytes": 2, 
	"sentbytes": "3BD0070401"
	}, 
	{
	"name": "Authentification_permanente", 
	"replybytes": "71A600", 
	"deny_sds": [], 
	"manualsend": true, 
	"receivebyte_dataitems": {
		"r\u00e9ponse": {
		"firstbyte": 3
		}
	}, 
	"minbytes": 3, 
	"sentbytes": "31A600"
	}, 
	{
	"name": "Sans autorisation buzzer oubli ceinture", 
	"replybytes": "7BD0", 
	"deny_sds": [], 
	"manualsend": true, 
	"minbytes": 2, 
	"sentbytes": "3BD0070400"
	}, 
	{
	"name": "Tempo plafonnier", 
	"deny_sds": [], 
	"manualsend": true, 
	"sendbyte_dataitems": {
		"Temporisation plaf.": {
		"firstbyte": 4
		}
	}, 
	"minbytes": 1, 
	"sentbytes": "3BD10626"
	}, 
	{
	"name": "Ecriture ConfiguUsine - Param\u00e8tres g\u00e9n\u00e9raux", 
	"replybytes": "7BD0", 
	"deny_sds": [], 
	"manualsend": true, 
	"sendbyte_dataitems": {
		"E_V\u00e9rrouillage cl\u00e9": {
		"bitoffset": 2, 
		"firstbyte": 6
		}, 
		"E_condamnation en roulant": {
		"bitoffset": 4, 
		"firstbyte": 4
		}, 
		"E_Configuration diesel F8Q": {
		"bitoffset": 5, 
		"firstbyte": 3
		}, 
		"E_Alarme seconde monte pr\u00e9sente": {
		"bitoffset": 3, 
		"firstbyte": 6
		}, 
		"E_buzzer oubli ceinture": {
		"firstbyte": 6
		}, 
		"E_Info r\u00e9gime pour lard": {
		"bitoffset": 2, 
		"firstbyte": 5
		}, 
		"E_essuie lunette autoris\u00e9": {
		"bitoffset": 3, 
		"firstbyte": 5
		}, 
		"E_Alimentation plaf pr\u00e9sente": {
		"bitoffset": 1, 
		"firstbyte": 4
		}, 
		"E_alarme p\u00e9rim\u00e9trique": {
		"bitoffset": 6, 
		"firstbyte": 3
		}, 
		"E_feu de brouillard": {
		"bitoffset": 4, 
		"firstbyte": 5
		}, 
		"E_Pr\u00e9sence boitier airbag": {
		"bitoffset": 7, 
		"firstbyte": 6
		}, 
		"E_Cl\u00e9 deux boutons": {
		"bitoffset": 4, 
		"firstbyte": 6
		}, 
		"E_activation Single door opening": {
		"bitoffset": 6, 
		"firstbyte": 5
		}, 
		"E_Plafonnier temporis\u00e9": {
		"firstbyte": 4
		}, 
		"E_recondamnation automatique": {
		"bitoffset": 6, 
		"firstbyte": 4
		}, 
		"E_choix algorithme VERLOG": {
		"bitoffset": 7, 
		"firstbyte": 5
		}, 
		"E_Bonton CPE une position": {
		"bitoffset": 5, 
		"firstbyte": 5
		}, 
		"E_Autorisation antid\u00e9marrage": {
		"bitoffset": 6, 
		"firstbyte": 6
		}, 
		"E_v\u00e9hicule \u00e9quip\u00e9 d'une cl\u00e9 RF": {
		"bitoffset": 1, 
		"firstbyte": 6
		}, 
		"E_allumage detresse si choc": {
		"firstbyte": 3
		}, 
		"E_alarme survitesse": {
		"bitoffset": 7, 
		"firstbyte": 3
		}, 
		"E_Autorisation pilotage plafonnier": {
		"bitoffset": 5, 
		"firstbyte": 6
		}, 
		"E_CAR Client activ\u00e9": {
		"bitoffset": 3, 
		"firstbyte": 4
		}
	}, 
	"minbytes": 2, 
	"sentbytes": "3BD080CA0C67"
	}, 
	{
	"name": "Temps de reprise apr\u00e8s bloc EV", 
	"deny_sds": [], 
	"manualsend": true, 
	"sendbyte_dataitems": {
		"Temps reprise apr\u00e8s blocage EV": {
		"firstbyte": 4
		}
	}, 
	"minbytes": 1, 
	"sentbytes": "3BD10C02"
	}, 
	{
	"sentbytes": "3BD0050301", 
	"deny_sds": [], 
	"minbytes": 1, 
	"manualsend": true, 
	"name": "Avec d\u00e9givrage arri\u00e8re si moteur tournant"
	}, 
	{
	"name": "Lecture Etats des sorties", 
	"replybytes": "61DD", 
	"deny_sds": [], 
	"receivebyte_dataitems": {
		"Buzzer": {
		"bitoffset": 7, 
		"firstbyte": 8
		}, 
		"D\u00e9condamnation porte conducteur": {
		"bitoffset": 6, 
		"ref": true, 
		"firstbyte": 3
		}, 
		"Lunette Arri\u00e8re D\u00e9givrante": {
		"ref": true, 
		"firstbyte": 5
		}, 
		"Feu de brouillard arri\u00e8re": {
		"bitoffset": 2, 
		"ref": true, 
		"firstbyte": 4
		}, 
		"led cpe / sortie alarme APV": {
		"bitoffset": 5, 
		"ref": true, 
		"firstbyte": 4
		}, 
		"Relais alarme 1er monte": {
		"bitoffset": 3, 
		"ref": true, 
		"firstbyte": 5
		}, 
		"Clignotant fr\u00e9quence nominale": {
		"bitoffset": 2, 
		"ref": true, 
		"firstbyte": 3
		}, 
		"Clignotant double fr\u00e9quence": {
		"bitoffset": 1, 
		"ref": true, 
		"firstbyte": 3
		}, 
		"Essuyage avant": {
		"bitoffset": 7, 
		"ref": true, 
		"firstbyte": 4
		}, 
		"Condamnation portes": {
		"bitoffset": 7, 
		"ref": true, 
		"firstbyte": 3
		}, 
		"LED Verlog": {
		"bitoffset": 4, 
		"ref": true, 
		"firstbyte": 4
		}, 
		"Decondamnation portes passagers et arr": {
		"bitoffset": 5, 
		"ref": true, 
		"firstbyte": 3
		}, 
		"Clignotant droit": {
		"bitoffset": 4, 
		"ref": true, 
		"firstbyte": 3
		}, 
		"Clignotant gauche": {
		"bitoffset": 3, 
		"ref": true, 
		"firstbyte": 3
		}, 
		"Plafonnier avec temporisation": {
		"ref": true, 
		"firstbyte": 3
		}, 
		"Sortie alimentation plafonnier": {
		"ref": true, 
		"firstbyte": 4
		}, 
		"Essuyage arri\u00e8re": {
		"bitoffset": 6, 
		"ref": true, 
		"firstbyte": 5
		}
	}, 
	"minbytes": 8, 
	"sentbytes": "21DD"
	}, 
	{
	"name": "Nbs de mise APC avant effacement code APV", 
	"deny_sds": [], 
	"manualsend": true, 
	"sendbyte_dataitems": {
		"E_Nbr mise APC avant \u00e9ffacement code APV": {
		"firstbyte": 4
		}
	}, 
	"minbytes": 1, 
	"sentbytes": "3BD12C0A"
	}, 
	{
	"name": "StartRoutine", 
	"deny_sds": [], 
	"manualsend": true, 
	"receivebyte_dataitems": {
		"Status": {
		"firstbyte": 7
		}, 
		"N\u00b0 sortie activ\u00e9e": {
		"firstbyte": 2
		}, 
		"Status entr\u00e9e routine": {
		"firstbyte": 3
		}, 
		"Identity_roue": {
		"firstbyte": 4
		}
	}, 
	"sendbyte_dataitems": {
		"N\u00b0 routine \u00e0 lancer": {
		"firstbyte": 2
		}, 
		"N\u00b0 routine \u00e0 surveiller": {
		"firstbyte": 3
		}
	}, 
	"minbytes": 7, 
	"sentbytes": "310000"
	}, 
	{
	"name": "Tempo avant mise en route protect vehicule", 
	"deny_sds": [], 
	"manualsend": true, 
	"sendbyte_dataitems": {
		"tempo avant protection v\u00e9hicule": {
		"firstbyte": 4
		}
	}, 
	"minbytes": 1, 
	"sentbytes": "3BD12D68"
	}
], 
"data": {
	"Activation ou D\u00e9actication": {
	"lists": {
		"0": "D\u00e9sactivation", 
		"1": "1 Seule Commande", 
		"255": "Activation Permanente"
	}
	}, 
	"Nombre max d'activation du buzzer": {
	"scaled": true, 
	"comment": "oubli ceinture : nombre max d'activation du buzzer (lecture)"
	}, 
	"Valeur du Courant de la Lampe Clignotant": {
	"scaled": true, 
	"divideby": 76.0, 
	"unit": "A"
	}, 
	"E_CAR Client activ\u00e9": {
	"bitscount": 1, 
	"lists": {
		"0": "non", 
		"1": "oui"
	}
	}, 
	"Entr\u00e9e clignotant droit (1)": {
	"comment": "niveau sur l'entr\u00e9e clignotant droit", 
	"bitscount": 1, 
	"lists": {
		"0": "OFF", 
		"1": "CLIG"
	}
	}, 
	"Entr\u00e9e lanternes": {
	"bitscount": 1, 
	"lists": {
		"0": "OFF", 
		"1": "ON"
	}
	}, 
	"D\u00e9faut CC+12V de la liaison bague transpondeur": {
	"bitscount": 1, 
	"lists": {
		"0": "OK", 
		"1": "Panne"
	}
	}, 
	"Status de sortie de routine": {
	"lists": {
		"1": "Routine en cours", 
		"2": "Routine termin\u00e9e OK", 
		"4": "Routine termin\u00e9e non OK"
	}
	}, 
	"Ligne airbag crash (1)": {
	"scaled": true, 
	"comment": "entr\u00e9e liaison choc depuis airbag", 
	"bitscount": 1
	}, 
	"Dur\u00e9e inhibition cde d\u00e9givrage": {
	"scaled": true, 
	"comment": "inhibition de la commande pour \u00e9viter les doubles appuis involontaires", 
	"step": 25.0
	}, 
	"Dur\u00e9e d'activation du buzzer": {
	"scaled": true, 
	"comment": "oubli ceinture : dur\u00e9e d'activation du buzzer (lecture)", 
	"step": 0.9, 
	"unit": "s"
	}, 
	"Compteur m\u00e9mo. \u00e9chec reconnaissance transp.": {
	"scaled": true
	}, 
	"led cpe / sortie alarme APV": {
	"bitscount": 1, 
	"lists": {
		"0": "OFF", 
		"1": "ON"
	}
	}, 
	"Code APV reconnu": {
	"bitscount": 1, 
	"lists": {
		"0": "non", 
		"1": "oui"
	}
	}, 
	"Configuration diesel F8Q": {
	"comment": "oui = le moteur diesel F8Q est \u00e9quip\u00e9 d'une \u00e9lectrovanne cod\u00e9e", 
	"bitscount": 1, 
	"lists": {
		"0": "non", 
		"1": "oui"
	}
	}, 
	"N\u00b0 R\u00e9vision Logiciel": {
	"bytescount": 2, 
	"byte": true, 
	"bitscount": 16
	}, 
	"Dur\u00e9e de fontionnement max en couple bloqu\u00e9": {
	"scaled": true
	}, 
	"Cl\u00e9 pr\u00e9sent\u00e9e lock\u00e9e": {
	"bitscount": 1, 
	"lists": {
		"0": "non", 
		"1": "oui"
	}
	}, 
	"E_Cl\u00e9 deux boutons": {
	"comment": "1 = fonctionnement cl\u00e9 RF avec ouverture porte conducteur seule", 
	"bitscount": 1, 
	"lists": {
		"0": "un", 
		"1": "deux"
	}
	}, 
	"D\u00e9faut m\u00e9mo. CO ou CC masse sortie alarme": {
	"bitscount": 1, 
	"lists": {
		"0": "OK", 
		"1": "Panne"
	}
	}, 
	"E_Retard apr\u00e8s d\u00e9tection arret fixe arri\u00e8re": {
	"scaled": true, 
	"step": 6.0, 
	"unit": "ms"
	}, 
	"Recondamnation automatique": {
	"comment": "oui = recondamnation automatique des portes apr\u00e8s 30s si il n'y a pas eu ouverture d'une porte", 
	"bitscount": 1, 
	"lists": {
		"0": "non", 
		"1": "oui"
	}
	}, 
	"Demande d\u00e9givrage lunette (1)": {
	"comment": "niveau sur l'entr\u00e9e d\u00e9givrage lunette arri\u00e8re", 
	"bitscount": 1, 
	"lists": {
		"0": "non", 
		"1": "oui"
	}
	}, 
	"Entr\u00e9e arr\u00eat fixe arri\u00e8re (1)": {
	"comment": "niveau sur l'entr\u00e9e arret fixe arri\u00e8re", 
	"bitscount": 1, 
	"lists": {
		"0": "absent", 
		"1": "Arret Fixe"
	}
	}, 
	"D\u00e9faut EEPROM": {
	"bitscount": 1, 
	"lists": {
		"0": "OK", 
		"1": "Panne"
	}
	}, 
	"R\u00e9f\u00e9rence Renault": {
	"bytescount": 5, 
	"byte": true, 
	"bitscount": 40
	}, 
	"Temps max de cde des ouvrants.": {
	"scaled": true, 
	"comment": "temps de commande des serrures \u00e9lectrique", 
	"step": 10.0, 
	"unit": "ms"
	}, 
	"E_recondamnation automatique": {
	"bitscount": 1, 
	"lists": {
		"0": "non", 
		"1": "oui"
	}
	}, 
	"Tempo avant reconda auto": {
	"scaled": true
	}, 
	"Compteur de choc m\u00e9moris\u00e9s": {
	"scaled": true
	}, 
	"Clignotant droit": {
	"bitscount": 1, 
	"lists": {
		"0": "OFF", 
		"1": "ON"
	}
	}, 
	"D\u00e9faut m\u00e9mo. airbag": {
	"bitscount": 1, 
	"lists": {
		"0": "OK", 
		"1": "Panne"
	}
	}, 
	"Entr\u00e9e clignotant gauche (1)": {
	"comment": "niveau sur l'entr\u00e9e clignotant gauche", 
	"bitscount": 1, 
	"lists": {
		"0": "OFF", 
		"1": "CLIG"
	}
	}, 
	"Condamnation portes": {
	"bitscount": 1, 
	"lists": {
		"0": "OFF", 
		"1": "ON"
	}
	}, 
	"Dur\u00e9e de reprise apr\u00e8s blocage.": {
	"scaled": true, 
	"comment": "temps de pilotage du moteur d'EV si pas d'info arret fixe", 
	"unit": "s"
	}, 
	"E_Autorisation antid\u00e9marrage": {
	"comment": "0 = fonctionnement v\u00e9hicule sans bague et transpondeur. 1 = fontionnement avec bague + transponseur", 
	"bitscount": 1, 
	"lists": {
		"0": "non", 
		"1": "oui"
	}
	}, 
	"Gestion mode Usine ou Client + BPT": {
	"comment": "oui = Gestion mode Usine ou client Alim + BPT ON ou OFF", 
	"bitscount": 1, 
	"lists": {
		"0": "non", 
		"1": "oui"
	}
	}, 
	"P\u00e9riode du clignotant d\u00e9grad\u00e9": {
	"scaled": true, 
	"step": 100.0
	}, 
	"Compteur de reset m\u00e9moris\u00e9s": {
	"scaled": true
	}, 
	"Fonctionnement feu de brouillard (X06)": {
	"comment": "oui = fonctionnement du feu de brouillard arri\u00e8re", 
	"bitscount": 1, 
	"lists": {
		"0": "non", 
		"1": "oui"
	}
	}, 
	"D\u00e9faut m\u00e9mo. arr\u00eat fixe essuyage avant": {
	"bitscount": 1, 
	"lists": {
		"0": "OK", 
		"1": "Panne"
	}
	}, 
	"D\u00e9faut m\u00e9mo. acquitement \u00e9lectrovanne diesel": {
	"bitscount": 1, 
	"lists": {
		"0": "OK", 
		"1": "Panne"
	}
	}, 
	"D\u00e9faut m\u00e9mo CCmasse de la liaison verlog moteur": {
	"comment": "liaison uch calc moteur \u00e0 la masse", 
	"bitscount": 1, 
	"lists": {
		"0": "OK", 
		"1": "Panne"
	}
	}, 
	"Derni\u00e8re commande ouvrants": {
	"bitscount": 1, 
	"lists": {
		"0": "Conda.", 
		"1": "D\u00e9conda."
	}
	}, 
	"Nbr de coups de balais AR": {
	"scaled": true
	}, 
	"Status entr\u00e9e dans routine": {
	"lists": {
		"1": "Routine en cours", 
		"2": "Routine termin\u00e9e OK", 
		"4": "Routine termin\u00e9e non OK"
	}
	}, 
	"E_Dur\u00e9e du beep clignotant": {
	"scaled": true, 
	"step": 6.0, 
	"unit": "ms"
	}, 
	"N\u00b0 sortie activ\u00e9e": {
	"lists": {
		"160": "D\u00e9marrage cycle fiabilit\u00e9 experimentale", 
		"164": "Tester le lecteur", 
		"166": "authentification permanente du badge", 
		"167": "Recharge accu", 
		"170": "Forcage en position du moteur DAV", 
		"171": "Lecture IDs code recu par UCH", 
		"172": "Allumage t\u00e9moin COPP et ouvrants de la vignette", 
		"176": "Authentification avec cl\u00e9 de transport", 
		"177": "Testet le niveau \u00e9lectrique de la pile"
	}
	}, 
	"Identificateur de la cl\u00e9 RF recu": {
	"bytescount": 4, 
	"byte": true, 
	"bitscount": 32
	}, 
	"Entr\u00e9e code+phare+brouillard AV": {
	"bitscount": 1, 
	"lists": {
		"0": "OFF", 
		"1": "ON"
	}
	}, 
	"Nb Essais d Authentification": {
	"scaled": true, 
	"bytescount": 2, 
	"bitscount": 16
	}, 
	"Appui ouverture porte conducteur": {
	"bitscount": 1, 
	"lists": {
		"0": "non", 
		"1": "oui"
	}
	}, 
	"Status entr\u00e9e routine": {
	"lists": {
		"1": "Routine en cours", 
		"2": "Routine termin\u00e9e OK", 
		"4": "Routine termin\u00e9e non OK"
	}
	}, 
	"D\u00e9faut m\u00e9mo. CC +12V sortie d\u00e9givrage": {
	"bitscount": 1, 
	"lists": {
		"0": "OK", 
		"1": "Panne"
	}
	}, 
	"D\u00e9faut m\u00e9mo. CO ou CC masse liaison transpondeur": {
	"bitscount": 1, 
	"lists": {
		"0": "OK", 
		"1": "Panne"
	}
	}, 
	"Entr\u00e9e vitesse v\u00e9hicule": {
	"scaled": true, 
	"bitscount": 1
	}, 
	"R\u00e9ponse UCH": {
	"lists": {
		"0": "OK", 
		"1": "en cours", 
		"2": "CLE VIERGE", 
		"4": "CLE NON VIERGE"
	}
	}, 
	"Clignotant double fr\u00e9quence": {
	"bitscount": 1, 
	"lists": {
		"0": "OFF", 
		"1": "ON"
	}
	}, 
	"Status de la routine": {
	"lists": {
		"0": "OK", 
		"1": "Routine en cours", 
		"2": "Routine termin\u00e9e OK", 
		"4": "Routine termin\u00e9e non OK"
	}
	}, 
	"Temps d'arret apr\u00e8s blocage EV": {
	"scaled": true, 
	"unit": "s"
	}, 
	"E_allumage detresse si choc": {
	"comment": "allumage des feux de d\u00e9tresse apr\u00e8s un choc", 
	"bitscount": 1, 
	"lists": {
		"0": "non", 
		"1": "oui"
	}
	}, 
	"E_alarme survitesse": {
	"comment": "0 = pas de fonctionnement .  1 = fonctionnement autoris\u00e9 de l'alarme survitesse", 
	"bitscount": 1, 
	"lists": {
		"0": "non", 
		"1": "oui"
	}
	}, 
	"Appui ouverture portes": {
	"bitscount": 1, 
	"lists": {
		"0": "non", 
		"1": "oui"
	}
	}, 
	"Temps max activation d\u00e9tresse.": {
	"scaled": true, 
	"comment": "apr\u00e8s choc, temps max d'activation des feux de d\u00e9tresse", 
	"step": 0.42, 
	"unit": "mn"
	}, 
	"Entr\u00e9e feu brouillard arri\u00e8re": {
	"bitscount": 1, 
	"lists": {
		"0": "OFF", 
		"1": "ON"
	}
	}, 
	"T\u00e9l\u00e9commande RF avec 1 ou 2 Boutons ?": {
	"comment": "un = cl\u00e9 avec un bouton RF.  deux = cl\u00e9 avec deux boutons", 
	"bitscount": 1, 
	"lists": {
		"0": "un", 
		"1": "deux"
	}
	}, 
	"Cl\u00e9 No3 Identifi\u00e9e": {
	"bitscount": 1, 
	"lists": {
		"0": "non", 
		"1": "oui"
	}
	}, 
	"Autorisation condamnation en roulant": {
	"comment": "non = le client ne peut pas utiliser la fonction CAR", 
	"bitscount": 1, 
	"lists": {
		"0": "non", 
		"1": "oui"
	}
	}, 
	"Nbr de cde max des ouvrants": {
	"scaled": true, 
	"comment": "protection moteurs de portes", 
	"unit": "km/h"
	}, 
	"D\u00e9faut m\u00e9mo. EEPROM": {
	"bitscount": 1, 
	"lists": {
		"0": "OK", 
		"1": "Panne"
	}
	}, 
	"D\u00e9faut m\u00e9mo. CC 12 V liaison verlog moteur": {
	"bitscount": 1, 
	"lists": {
		"0": "OK", 
		"1": "Panne"
	}
	}, 
	"Autorisation buzzer oubli ceinture (X06)": {
	"comment": "oui = buzzer activ\u00e9 si la ceinture n'est pas boucl\u00e9e en roulage", 
	"bitscount": 1, 
	"lists": {
		"0": "non", 
		"1": "oui"
	}
	}, 
	"Code de d\u00e9pannage Apr\u00e8s-Vente": {
	"bytescount": 6, 
	"byte": true, 
	"bitscount": 48
	}, 
	"r\u00e9ponse": {
	"lists": {
		"0": "OK", 
		"1": "en cours", 
		"2": "accept\u00e9 OK", 
		"4": "NOK"
	}
	}, 
	"E_alarme p\u00e9rim\u00e9trique": {
	"comment": "Fonctionnement de l'alarme p\u00e9rim\u00e9trique autoris\u00e9 si flag = 1", 
	"bitscount": 1, 
	"lists": {
		"0": "non", 
		"1": "oui"
	}
	}, 
	"D\u00e9faut cde CPEF press\u00e9e \u00e0 la mont\u00e9e APC": {
	"bitscount": 1, 
	"lists": {
		"0": "OK", 
		"1": "Panne"
	}
	}, 
	"D\u00e9faut m\u00e9mo. C0 ou CC masse d\u00e9givrage": {
	"bitscount": 1, 
	"lists": {
		"0": "OK", 
		"1": "Panne"
	}
	}, 
	"Nbr de Cl\u00e9s standard 433 MHz apprises": {
	"scaled": true
	}, 
	"choix algorithme VERLOG": {
	"comment": "0 = algorithme Renault 2010 / 1 = algorithme Polaris", 
	"bitscount": 1, 
	"lists": {
		"0": "Renault 2010", 
		"1": "Polaris"
	}
	}, 
	"copie de N\u00b0 sortie activ\u00e9e": {}, 
	"Entr\u00e9e bouton CPE condamner": {
	"bitscount": 1, 
	"lists": {
		"0": "0", 
		"1": "activ\u00e9"
	}
	}, 
	"Entr\u00e9e bouton CPE d\u00e9conda": {
	"bitscount": 1, 
	"lists": {
		"0": "0", 
		"1": "activ\u00e9"
	}
	}, 
	"Code APV": {
	"bytescount": 6, 
	"byte": true, 
	"bitscount": 48
	}, 
	"Code RF Recu Valide et Reconnu": {
	"bitscount": 1, 
	"lists": {
		"0": "non", 
		"1": "oui"
	}
	}, 
	"Compteur du nombre int\u00e9rrogation par s\u00e9quence authentification": {
	"scaled": true
	}, 
	"Ident. valide connu par l UCH": {
	"bitscount": 1, 
	"lists": {
		"0": "non", 
		"1": "oui"
	}
	}, 
	"Dur\u00e9e inhibition apr\u00e8s 1er appui.": {
	"scaled": true, 
	"comment": "inhibition du bouton d\u00e9givrage pour \u00e9viter les doubles appuis involontaires", 
	"step": 25.0, 
	"unit": "ms"
	}, 
	"Moteur tournant autonome (1)": {
	"comment": "= moteur en fonctionnement", 
	"bitscount": 1, 
	"lists": {
		"0": "non", 
		"1": "oui"
	}
	}, 
	"Temporisation plaf.": {
	"scaled": true, 
	"step": 0.8
	}, 
	"Cl\u00e9 No1 Identifi\u00e9e": {
	"bitscount": 1, 
	"lists": {
		"0": "non", 
		"1": "oui"
	}
	}, 
	"Cl\u00e9 pr\u00e9sent\u00e9e vierge": {
	"bitscount": 1, 
	"lists": {
		"0": "non", 
		"1": "oui"
	}
	}, 
	"Bouton CPE Impulsionnel ( 1 ou 2 positions )": {
	"comment": "commande CPE : un = le m\u00eame bouton d\u00e9condamne et condamne les portes.", 
	"bitscount": 1, 
	"lists": {
		"0": "deux", 
		"1": "une"
	}
	}, 
	"Retard avant arr\u00eat balais AV.": {
	"scaled": true, 
	"comment": "pour ajuster la position du balai si besoin", 
	"step": 6.0, 
	"unit": "ms"
	}, 
	"Cheksum code APV": {
	"scaled": true
	}, 
	"N\u00b0 Fournisseur": {
	"bytescount": 3, 
	"byte": true, 
	"bitscount": 24
	}, 
	"Clignotant gauche": {
	"bitscount": 1, 
	"lists": {
		"0": "OFF", 
		"1": "ON"
	}
	}, 
	"Nbr mise APC avant \u00e9ffacement code APV": {
	"scaled": true, 
	"comment": "nombre de mise APC avant \u00e9ffacement du code apr\u00e8s vente"
	}, 
	"E_Retard avant arr\u00eat balais AV.": {
	"scaled": true, 
	"step": 6.0, 
	"unit": "ms"
	}, 
	"Nombre de cl\u00e9s apprises": {
	"scaled": true
	}, 
	"Ident. recu avec format correct": {
	"bitscount": 1, 
	"lists": {
		"0": "non", 
		"1": "oui"
	}
	}, 
	"E_Seuil vitesse de l'activation buzzer": {
	"scaled": true, 
	"comment": "oubli ceinture : seuil de vitesse de l'activation du buzzer (\u00e9criture)", 
	"unit": "km/h"
	}, 
	"E_choix algorithme VERLOG": {
	"comment": "0 = algorithme Renault 2010 / 1 = algorithme Polaris", 
	"bitscount": 1, 
	"lists": {
		"0": "Algorithme Renault 2010 (redesign / new sourcing)", 
		"1": "Algorithme Polaris (ancien design)"
	}
	}, 
	"E_retard detresse": {
	"scaled": true, 
	"step": 100.0
	}, 
	"D\u00e9marrage autoris\u00e9 ( code verlog envoy\u00e9 > Inj )": {
	"comment": "1 = code verlog envoy\u00e9 \u00e0 l'injection ( D\u00e9marrage autoris\u00e9 )", 
	"bitscount": 1, 
	"lists": {
		"0": "oui", 
		"1": "non"
	}
	}, 
	"R\u00e9f\u00e9rence pour Nbr cde max moteurs Conda.": {
	"scaled": true, 
	"divideby": 2.0, 
	"comment": "protection des moteurs de portes", 
	"unit": "s"
	}, 
	"D\u00e9faut status clignotant": {
	"bitscount": 1, 
	"lists": {
		"0": "OK", 
		"1": "Panne"
	}
	}, 
	"Cl\u00e9 No4 Identifi\u00e9e": {
	"bitscount": 1, 
	"lists": {
		"0": "non", 
		"1": "oui"
	}
	}, 
	"Seuil vitesse de l'activation buzzer": {
	"scaled": true, 
	"comment": "oubli ceinture : seuil de vitesse de l'activation du buzzer (lecture)", 
	"unit": "km/h"
	}, 
	"D\u00e9lai avant protection v\u00e9hicule": {
	"scaled": true, 
	"comment": "tempo entre coupure apc et envoi interdiction d\u00e9marrage vers calc moteur", 
	"step": 0.098, 
	"unit": "s"
	}, 
	"Entr\u00e9e portes arri\u00e8res": {
	"bitscount": 1, 
	"lists": {
		"0": "ferm\u00e9e", 
		"1": "ouverte"
	}
	}, 
	"Autorisation fonction alarme survitesse": {
	"comment": "oui = le buzzer est activ\u00e9e si la vitesse est sup\u00e9rieure \u00e0 120 km/h", 
	"bitscount": 1, 
	"lists": {
		"0": "non", 
		"1": "oui"
	}
	}, 
	"Seuil vitesse pour Conda. en roulant.": {
	"scaled": true, 
	"unit": "km/h"
	}, 
	"E_Bonton CPE une position": {
	"comment": "Configuration du bouton impulsionnel. 0 = bouton deux positions, 1 = bouton une position", 
	"bitscount": 1, 
	"lists": {
		"0": "deux", 
		"1": "une"
	}
	}, 
	"Source derni\u00e8re commande ouvrants": {
	"bitscount": 1, 
	"lists": {
		"0": "CPE", 
		"1": "TRF"
	}
	}, 
	"Buzzer": {
	"bitscount": 1, 
	"lists": {
		"0": "OFF", 
		"1": "ON"
	}
	}, 
	"Condamnation en roulant activ\u00e9e": {
	"bitscount": 1, 
	"lists": {
		"0": "non", 
		"1": "oui"
	}
	}, 
	"activation Single door opening": {
	"comment": "0= SDO inactif / 1= SDO actif", 
	"bitscount": 1, 
	"lists": {
		"0": "SDO non activ\u00e9", 
		"1": "SDO activ\u00e9"
	}
	}, 
	"D\u00e9faut m\u00e9mo. arr\u00eat fixe essuyage arri\u00e8re": {
	"bitscount": 1, 
	"lists": {
		"0": "OK", 
		"1": "Panne"
	}
	}, 
	"Code RF Recu": {
	"bitscount": 1, 
	"lists": {
		"0": "non", 
		"1": "oui"
	}
	}, 
	"Entr\u00e9e lave vitre avant (1)": {
	"comment": "niveau szur l'entr\u00e9e lave vitre avant", 
	"bitscount": 1, 
	"lists": {
		"0": "OFF", 
		"1": "ON"
	}
	}, 
	"Entr\u00e9e retour verlog (1)": {
	"comment": "niveau sur la liaison verlog", 
	"bitscount": 1, 
	"lists": {
		"0": "OFF", 
		"1": "ON"
	}
	}, 
	"Autorisation Eclairage Int\u00e9rieur": {
	"comment": "oui = l'uch allume et \u00e9teint le plafonnier et la lampe coffre ( Inhibition Low side )", 
	"bitscount": 1, 
	"lists": {
		"0": "non", 
		"1": "oui"
	}
	}, 
	"VDIAG \u00e0 Ecrire": {
	"byte": true
	}, 
	"E_Autorisation pilotage plafonnier": {
	"comment": "0 = pas de pilotage du plafonnier. 1 = pilotage du plafonnier", 
	"bitscount": 1, 
	"lists": {
		"0": "non", 
		"1": "oui"
	}
	}, 
	"Temps de r\u00e9f\u00e9rence protection ouvrants": {
	"scaled": true, 
	"divideby": 2.0, 
	"unit": "s"
	}, 
	"Temps avant ouv relais plaf": {
	"scaled": true, 
	"step": 0.84
	}, 
	"P\u00e9riode clignotant.": {
	"scaled": true, 
	"step": 100.0, 
	"unit": "ms"
	}, 
	"Entr\u00e9e portes avant": {
	"bitscount": 1, 
	"lists": {
		"0": "ferm\u00e9e", 
		"1": "ouverte"
	}
	}, 
	"E_V\u00e9rrouillage cl\u00e9": {
	"bitscount": 1, 
	"lists": {
		"0": "oui", 
		"1": "non"
	}
	}, 
	"D\u00e9condamnation porte conducteur": {
	"bitscount": 1, 
	"lists": {
		"0": "OFF", 
		"1": "ON"
	}
	}, 
	"E_condamnation en roulant": {
	"bitscount": 1, 
	"lists": {
		"0": "non", 
		"1": "oui"
	}
	}, 
	"Entr\u00e9e lave vitre arri\u00e8re (1)": {
	"comment": "niveau sur l'entr\u00e9e lave vitre arri\u00e8re", 
	"bitscount": 1, 
	"lists": {
		"0": "OFF", 
		"1": "ON"
	}
	}, 
	"tempo avant protection v\u00e9hicule": {
	"scaled": true, 
	"step": 0.098
	}, 
	"D\u00e9faut CC au 12 V sortie alarme (1)": {
	"bitscount": 1, 
	"lists": {
		"0": "OK", 
		"1": "Panne"
	}
	}, 
	"V\u00e9hicule condamn\u00e9 en roulant": {
	"bitscount": 1, 
	"lists": {
		"0": "non", 
		"1": "oui"
	}
	}, 
	"e_retard d\u00e9tresse": {
	"scaled": true, 
	"step": 100.0, 
	"unit": "ms"
	}, 
	"D\u00e9faut CO ou CC masse sortie d\u00e9givrage (1)": {
	"bitscount": 1, 
	"lists": {
		"0": "OK", 
		"1": "Panne"
	}
	}, 
	"D\u00e9faut CCmasse de la liaison bague transp.": {
	"bitscount": 1, 
	"lists": {
		"0": "OK", 
		"1": "Panne"
	}
	}, 
	"Nbr coups balais apres lavage court.": {
	"scaled": true
	}, 
	"Entr\u00e9e arr\u00eat fixe avant (1)": {
	"comment": "niveau sur l'entr\u00e9e arret fixe avant", 
	"bitscount": 1, 
	"lists": {
		"0": "absent", 
		"1": "Arret Fixe"
	}
	}, 
	"E_Info r\u00e9gime pour lard": {
	"comment": "Fonctionnement lunette arri\u00e8re d\u00e9givrante avec ou sans moteur tournant", 
	"bitscount": 1, 
	"lists": {
		"0": "non", 
		"1": "oui"
	}
	}, 
	"Vitesse sup\u00e9rieure seuil conda": {
	"bitscount": 1, 
	"lists": {
		"0": "non", 
		"1": "oui"
	}
	}, 
	"N\u00b0 de s\u00e9rie Fournisseur": {
	"comment": "num\u00e9ro de s\u00e9rie de l'UCH", 
	"bytescount": 3, 
	"byte": true, 
	"bitscount": 24
	}, 
	"E_Alimentation plaf pr\u00e9sente": {
	"comment": "0 = pas d'lalimentation du plafonnier (relais ouvert). 1 = alimentation du plafonnier pr\u00e9sente", 
	"bitscount": 1, 
	"lists": {
		"0": "non", 
		"1": "oui"
	}
	}, 
	"Pr\u00e9disposition alarme 2\u00b0 monte": {
	"comment": "oui = la sortie alarme est activ\u00e9e et envoie les messages cod\u00e9s vers l'alarme seconde monte", 
	"bitscount": 1, 
	"lists": {
		"0": "non", 
		"1": "oui"
	}
	}, 
	"Seuil de vitesse de la CAR": {
	"scaled": true, 
	"unit": "km:h"
	}, 
	"Retard apr\u00e8s d\u00e9tection arret fixe arri\u00e8re": {
	"scaled": true, 
	"comment": "pour ajuster la position du balai \u00e0 l'arret si besoin", 
	"step": 6.0, 
	"unit": "ms"
	}, 
	"D\u00e9faut Arr\u00eat fixe essuyage arri\u00e8re (1)": {
	"bitscount": 1, 
	"lists": {
		"0": "OK", 
		"1": "Panne"
	}
	}, 
	"R\u00e9ponse au challenge correcte, authent r\u00e9ussie": {
	"bitscount": 1, 
	"lists": {
		"0": "non", 
		"1": "oui"
	}
	}, 
	"Status": {
	"scaled": true
	}, 
	"Entr\u00e9e cadencement arri\u00e8re (1)": {
	"comment": "niveau sur l'entr\u00e9e cadencement arri\u00e8re", 
	"bitscount": 1, 
	"lists": {
		"0": "OFF", 
		"1": "ON"
	}
	}, 
	"Actionneur \u00e0 piloter": {
	"lists": {
		"128": "Condamnation portes (500ms)", 
		"129": "D\u00e9condamnation portes (500ms)", 
		"130": "D\u00e9condamnation portes conducteur (500ms)", 
		"131": "Clignotants droits (1s)", 
		"132": "Clignotants gauches (1s)", 
		"133": "Pilotage plafonnier", 
		"135": "Essuyage avant", 
		"137": "Essuyage arri\u00e8re", 
		"138": "Relais alimentation plafonnier", 
		"139": "Led CPE", 
		"140": "Led verlog", 
		"142": "Lunette arri\u00e8re d\u00e9givrante", 
		"143": "Liaison transpondeur", 
		"144": "Liaison verlog moteur", 
		"147": "Protection p\u00e9rim\u00e9trique", 
		"157": "Buzzer", 
		"158": "Feu de brouillard arri\u00e8re (X06)"
	}
	}, 
	"N\u00b0 Version Logiciel": {
	"bytescount": 2, 
	"byte": true, 
	"bitscount": 16
	}, 
	"D\u00e9faut Arr\u00eat fixe essuyage avant": {
	"scaled": true, 
	"bitscount": 1
	}, 
	"Tension batterie filtr\u00e9e": {
	"scaled": true, 
	"divideby": 255.0, 
	"step": 20.0, 
	"unit": "V", 
	"format": "0.000"
	}, 
	"N\u00b0 R\u00e9vision Hardware": {
	"bytescount": 2, 
	"byte": true, 
	"bitscount": 16
	}, 
	"E_activation Single door opening": {
	"comment": "0= SDO inactif / 1= SDO actif", 
	"bitscount": 1, 
	"lists": {
		"0": "SDO non activ\u00e9", 
		"1": "SDO activ\u00e9"
	}
	}, 
	"Temps commande mini essuie vitre AV.": {
	"scaled": true, 
	"comment": "pour inhiber la lecture de l'arret fixe pendant le lancement de l'essuie vitre", 
	"step": 12.0, 
	"unit": "ms"
	}, 
	"Fonctionnement essuie Lunette AR": {
	"comment": "oui = fonctionnement de l'essuie lunette arri\u00e8re", 
	"bitscount": 1, 
	"lists": {
		"0": "non", 
		"1": "oui"
	}
	}, 
	"E_feu de brouillard": {
	"comment": "0 = pas de fonctionnement. 1 = fonctionnement du feu de brouillard arri\u00e8re", 
	"bitscount": 1, 
	"lists": {
		"0": "non", 
		"1": "oui"
	}
	}, 
	"Fonction CAR activ\u00e9e par le client": {
	"comment": "oui = la fonction CAR est activ\u00e9e par le client", 
	"bitscount": 1, 
	"lists": {
		"0": "non", 
		"1": "oui"
	}
	}, 
	"Timer pour Reconda. Automatique.": {
	"scaled": true, 
	"comment": "tempo avant recondamnation automatique des portes si non ouverture apr\u00e8s d\u00e9conda", 
	"unit": "s"
	}, 
	"P\u00e9riode du clignotant": {
	"scaled": true, 
	"step": 100.0
	}, 
	"D\u00e9faut CC au +12V de la sortie d\u00e9givrage (1)": {
	"bitscount": 1, 
	"lists": {
		"0": "OK", 
		"1": "Panne"
	}
	}, 
	"Code APV disponible pour l outil bord de chaine": {
	"bitscount": 1, 
	"lists": {
		"0": "non", 
		"1": "oui"
	}
	}, 
	"UCH vierge": {
	"bitscount": 1, 
	"lists": {
		"0": "non", 
		"1": "oui"
	}
	}, 
	"Filtrage de l'arret fixe AV": {
	"scaled": true, 
	"step": 6.0, 
	"unit": "ms"
	}, 
	"Appui fermeture portes": {
	"bitscount": 1, 
	"lists": {
		"0": "non", 
		"1": "oui"
	}
	}, 
	"D\u00e9givrage LARD via UCH ( Entr\u00e9e Impuls )": {
	"comment": "oui = fonction d\u00e9givrage LARD activ\u00e9e par relais externe UCH", 
	"bitscount": 1, 
	"lists": {
		"0": "non", 
		"1": "oui"
	}
	}, 
	"D\u00e9faut airbag ou liaison airbag-UCH": {
	"bitscount": 1, 
	"lists": {
		"0": "OK", 
		"1": "Panne"
	}
	}, 
	"Nbr balais apr\u00e8s lavage court": {
	"scaled": true
	}, 
	"Nbr de Cl\u00e9s standard 315 MHz apprises": {
	"scaled": true
	}, 
	"Dur\u00e9e de d\u00e9givrage": {
	"scaled": true, 
	"step": 0.84
	}, 
	"V\u00e9hicule en APC": {
	"bitscount": 1, 
	"lists": {
		"0": "non", 
		"1": "oui"
	}
	}, 
	"VDIAG": {
	"byte": true
	}, 
	"Info apprentissage cl\u00e9": {
	"comment": "information sur l'apprentissage des cl\u00e9s", 
	"lists": {
		"0": "RAS", 
		"1": "1er cl\u00e9 ou apprentissage / r\u00e9affectation OK", 
		"2": "apprentissage 2\u00e8me cl\u00e9 OK", 
		"17": "usine : \u00e9chec lecture de la valeur de resynchro (17)", 
		"19": "usine : \u00e9chec \u00e9criture code en EEPROM (19", 
		"161": "apprentissage  : \u00e9chec authentification ISK / APV (A1)", 
		"11": "usine : \u00e9chec authentification valeur de transport (11)", 
		"12": "usine : \u00e9chec \u00e9criture de l'ISK (12)", 
		"162": "apprentissage : \u00e9chec resynchro  (A2)", 
		"14": "usine : \u00e9chec \u00e9criture de la RSK (14)", 
		"13": "usine :\u00e9chec authentification avec l'ISK (13)", 
		"16": "usine : \u00e9chec resynchronisation (16)", 
		"177": "r\u00e9affectation : \u00e9chec resynchro (B1)", 
		"18": "usine : \u00e9chec v\u00e9rrouillage de la cl\u00e9 (18)", 
		"179": "r\u00e9affectation : \u00e9chec \u00e9criture ISK (B3)", 
		"180": "r\u00e9affectation : \u00e9chec authentification avec ISK (B4)", 
		"178": "r\u00e9affectation : \u00e9chec authenti. avec valeur transport (B2)", 
		"182": "r\u00e9affectation : \u00e9chec resynchronisation (B6)", 
		"183": "r\u00e9affectation : \u00e9chec v\u00e9rrouillage de la cl\u00e9 (B7)", 
		"15": "usine : \u00e9chec lecture de la RSK (15)", 
		"181": "r\u00e9affectation : \u00e9chec \u00e9criture RSK (B5)"
	}
	}, 
	"Decondamnation portes passagers et arr": {
	"bitscount": 1, 
	"lists": {
		"0": "OFF", 
		"1": "ON"
	}
	}, 
	"temps max double appui": {
	"scaled": true, 
	"comment": "fonction single door : temps de prise en compte du second appui pour ouverture portes passagers"
	}, 
	"Temps reprise apr\u00e8s blocage EV": {
	"scaled": true, 
	"comment": "pour le fonctionnement d\u00e9grad\u00e9 des essuie-vitres", 
	"unit": "ms"
	}, 
	"Temporisation des plafonniers": {
	"scaled": true, 
	"comment": "tempo entre fermeture des portes et extinction du plafonnier", 
	"step": 0.8, 
	"unit": "s"
	}, 
	"Essuyage avant": {
	"bitscount": 1, 
	"lists": {
		"0": "OFF", 
		"1": "ON"
	}
	}, 
	"Apprentissage cl\u00e9s non effectu\u00e9": {
	"bitscount": 1, 
	"lists": {
		"0": "effectu\u00e9", 
		"1": "non effectu\u00e9"
	}
	}, 
	"Entr\u00e9e en mode r\u00e9affectation APV": {
	"bitscount": 1, 
	"lists": {
		"0": "non", 
		"1": "oui"
	}
	}, 
	"Seuil lavage court/long": {
	"scaled": true, 
	"step": 12.0, 
	"unit": "ms"
	}, 
	"D\u00e9faut acquitement \u00e9lectrovanne diesel (X76)": {
	"comment": "1 = d\u00e9faut sur l'info de retour de l'\u00e9lectrovanne diesel", 
	"bitscount": 1, 
	"lists": {
		"0": "OK", 
		"1": "Panne"
	}
	}, 
	"CRC": {
	"bytescount": 2, 
	"byte": true, 
	"bitscount": 16
	}, 
	"Nbr coups balais apres lavage long.": {
	"scaled": true
	}, 
	"Entr\u00e9e en mode apprentissage APV": {
	"bitscount": 1, 
	"lists": {
		"0": "non", 
		"1": "oui"
	}
	}, 
	"E_v\u00e9hicule \u00e9quip\u00e9 d'une cl\u00e9 RF": {
	"comment": "1= v\u00e9hicule \u00e9quip\u00e9 de la fonction RF", 
	"bitscount": 1, 
	"lists": {
		"0": "non", 
		"1": "oui"
	}
	}, 
	"Nb Echecs d Authentification": {
	"scaled": true
	}, 
	"Identity_roue": {
	"bytescount": 3, 
	"byte": true, 
	"bitscount": 24
	}, 
	"E_buzzer oubli ceinture": {
	"comment": "0 = pas de buzzer.  1 = buzzer si oubli ceinture", 
	"bitscount": 1, 
	"lists": {
		"0": "non", 
		"1": "oui"
	}
	}, 
	"Ordre effacement code APV re\u00e7u": {
	"comment": "1 = uch a pris en compte l'ordre d'effacement du code APV", 
	"bitscount": 1, 
	"lists": {
		"0": "non", 
		"1": "oui"
	}
	}, 
	"Verrouillage cl\u00e9 \u00e0 l'apprentissage": {
	"comment": "non = les cl\u00e9s peuvent \u00eatre recycl\u00e9es", 
	"bitscount": 1, 
	"lists": {
		"0": "oui", 
		"1": "non"
	}
	}, 
	"P\u00e9riode clignotant d\u00e9grad\u00e9.": {
	"scaled": true, 
	"step": 100.0, 
	"unit": "ms"
	}, 
	"N\u00b0 Hardware SIEMENS": {
	"bytescount": 5, 
	"byte": true, 
	"bitscount": 40
	}, 
	"D\u00e9faut m\u00e9mo. CC 12 V sortie alarme": {
	"bitscount": 1, 
	"lists": {
		"0": "OK", 
		"1": "Panne"
	}
	}, 
	"VIN": {
	"bytescount": 17, 
	"byte": true, 
	"bitscount": 136
	}, 
	"Tempo avant arret forc\u00e9 du plafonnier": {
	"scaled": true, 
	"comment": "mode veille pour \u00e9viter d\u00e9charge batterie", 
	"step": 0.84, 
	"unit": "mn"
	}, 
	"E_Configuration diesel F8Q": {
	"bitscount": 1, 
	"lists": {
		"0": "non", 
		"1": "oui"
	}
	}, 
	"Etat recondamnation automatique": {
	"bitscount": 1, 
	"lists": {
		"0": "non", 
		"1": "oui"
	}
	}, 
	"Nbr balais ap\u00e8s lavage long": {
	"scaled": true, 
	"unit": "ms"
	}, 
	"Dur\u00e9e d\u00e9givrage.": {
	"scaled": true, 
	"step": 0.84, 
	"unit": "mn"
	}, 
	"Dur\u00e9e d arr\u00eat apr\u00e8s blocage(AV et ARR).": {
	"scaled": true, 
	"comment": "temps d'arret du pilotage du moteur d'EV si pas de d\u00e9tection d'info arret fixe", 
	"unit": "s"
	}, 
	"Temps commande max si blocage (AV et ARR)": {
	"scaled": true, 
	"comment": "temps de pilotage max du moteur d'EV si pas de retour de l'info arret fixe", 
	"unit": "s"
	}, 
	"Retour": {
	"lists": {
		"0": "OK", 
		"1": "en cours", 
		"2": "termin\u00e9 OK", 
		"4": "NOK"
	}
	}, 
	"D\u00e9faut cde CPEO press\u00e9e \u00e0 la mont\u00e9e APC (1)": {
	"bitscount": 1, 
	"lists": {
		"0": "OK", 
		"1": "Panne"
	}
	}, 
	"Filtrage arret fixe avant.": {
	"scaled": true, 
	"comment": "pour la gestion de la fonction essuie vitre", 
	"step": 6.0, 
	"unit": "ms"
	}, 
	"Pr\u00e9sence liaison airbag-UCH (avec CAR)": {
	"comment": "oui = un fil est pr\u00e9sent entre l'airbag et l'uch pour envoyer l'info \"choc\" (li\u00e9 \u00e0 la fonction CAR)", 
	"bitscount": 1, 
	"lists": {
		"0": "non", 
		"1": "oui"
	}
	}, 
	"E_essuie lunette autoris\u00e9": {
	"comment": "0 = pas de fonctionnement. 1 = fonctionnement de l'essuie lunette arri\u00e8re", 
	"bitscount": 1, 
	"lists": {
		"0": "non", 
		"1": "oui"
	}
	}, 
	"E_Alarme seconde monte pr\u00e9sente": {
	"bitscount": 1, 
	"lists": {
		"0": "non", 
		"1": "oui"
	}
	}, 
	"Entr\u00e9e cadencement avant (1)": {
	"comment": "niveau sur l'entr\u00e9e cadencement avant", 
	"bitscount": 1, 
	"lists": {
		"0": "OFF", 
		"1": "ON"
	}
	}, 
	"Seuil appui lavage court / long.": {
	"scaled": true, 
	"step": 12.0, 
	"unit": "ms"
	}, 
	"D\u00e9faut m\u00e9mo. CC+12V liaison transpondeur": {
	"bitscount": 1, 
	"lists": {
		"0": "OK", 
		"1": "Panne"
	}
	}, 
	"Essuyage arri\u00e8re": {
	"bitscount": 1, 
	"lists": {
		"0": "OFF", 
		"1": "ON"
	}
	}, 
	"E_Pr\u00e9sence boitier airbag": {
	"comment": "fonctionnement de la fonction CAR avec ou sans boitier airbag (prise en compte info crash)", 
	"bitscount": 1, 
	"lists": {
		"0": "non", 
		"1": "oui"
	}
	}, 
	"Dur\u00e9e du beep clignotant": {
	"scaled": true, 
	"step": 6.0, 
	"unit": "ms"
	}, 
	"Compteur nbr commande resynchro effectu\u00e9es": {
	"scaled": true
	}, 
	"Protection p\u00e9rim\u00e9trique": {
	"comment": "oui = le v\u00e9hicule est \u00e9quip\u00e9 de la protection p\u00e9rim\u00e9trique ( Surveillance des ouvrants et du capot )", 
	"bitscount": 1, 
	"lists": {
		"0": "non", 
		"1": "oui"
	}
	}, 
	"Nbr de Commande max des moteurs Conda.": {
	"scaled": true
	}, 
	"E_Temps max activation d\u00e9tresse.": {
	"scaled": true, 
	"divideby": 3.0, 
	"unit": "mn"
	}, 
	"E_Plafonnier temporis\u00e9": {
	"bitscount": 1, 
	"lists": {
		"0": "non", 
		"1": "oui"
	}
	}, 
	"Temps essuyage mini": {
	"scaled": true, 
	"step": 12.0
	}, 
	"N\u00b0 routine \u00e0 surveiller": {
	"lists": {
		"1": "Authentification permanente cl\u00e9"
	}
	}, 
	"Type de calculateur": {
	"lists": {
		"0": "X06/X65/X90 - Bas de gamme", 
		"1": "X65 - Haut de gamme Turquie", 
		"2": "X65/X90 - Haut de gamme Mexique", 
		"3": "X06 - Haut de gamme CPE et RF", 
		"4": "X90 - Bas de gamme Sans CPE et RF", 
		"5": "X90 - Haut de gamme  CPE et RF", 
		"6": "X90 - Milieu de gamme CPE sans RF"
	}
	}, 
	"Identificateur cl\u00e9 pr\u00e9sent\u00e9e": {
	"bytescount": 4, 
	"byte": true, 
	"bitscount": 32
	}, 
	"Entr\u00e9e en mode apprentissage Usine": {
	"bitscount": 1, 
	"lists": {
		"0": "non", 
		"1": "oui"
	}
	}, 
	"Plafonnier avec temporisation": {
	"bitscount": 1, 
	"lists": {
		"0": "OFF", 
		"1": "ON"
	}
	}, 
	"Lunette Arri\u00e8re D\u00e9givrante": {
	"bitscount": 1, 
	"lists": {
		"0": "OFF", 
		"1": "ON"
	}
	}, 
	"Autorisation  fonction antid\u00e9marrage": {
	"comment": "oui = la fonction antid\u00e9marrage est fonctionnelle", 
	"bitscount": 1, 
	"lists": {
		"0": "non", 
		"1": "oui"
	}
	}, 
	"Vitesse v\u00e9hicule.": {
	"scaled": true, 
	"bytescount": 2, 
	"bitscount": 16, 
	"unit": "km/h", 
	"format": "0.00"
	}, 
	"D\u00e9faut CO ou CC masse sortie alarme (1)": {
	"bitscount": 1, 
	"lists": {
		"0": "OK", 
		"1": "Panne"
	}
	}, 
	"D\u00e9faut CCmasse de la liaison verlog moteur": {
	"comment": "liaison uch calc moteur \u00e0 la masse", 
	"bitscount": 1, 
	"lists": {
		"0": "OK", 
		"1": "Panne"
	}
	}, 
	"Tmax detresse.": {
	"scaled": true, 
	"comment": "dur\u00e9e de fonctionnement max des feux de d\u00e9tresse apr\u00e8s un choc", 
	"step": 0.42
	}, 
	"Clignotant fr\u00e9quence nominale": {
	"bitscount": 1, 
	"lists": {
		"0": "OFF", 
		"1": "ON"
	}
	}, 
	"Entr\u00e9e feux de d\u00e9tresse": {
	"bitscount": 1, 
	"lists": {
		"0": "OFF", 
		"1": "Warning"
	}
	}, 
	"Retard apr\u00e8s d\u00e9tection arr\u00eat fixe AV": {
	"scaled": true, 
	"step": 6.0, 
	"unit": "ms"
	}, 
	"Gestion Tempo et Extinction progressive": {
	"comment": "oui = l'uch maintient le plafonnier et la lampe coffre allum\u00e9s pendant 30s apr\u00e8s fermeture portes", 
	"bitscount": 1, 
	"lists": {
		"0": "non", 
		"1": "oui"
	}
	}, 
	"E_Nbr mise APC avant \u00e9ffacement code APV": {
	"scaled": true, 
	"comment": "nombre de mise APC avant \u00e9ffacement du code apr\u00e8s vente"
	}, 
	"Buzzer clignotant modifi\u00e9 si remorque": {
	"comment": "0 = fonctionnement classique. 1 = fonctionnement du buzzer diff\u00e9rent si remorque", 
	"bitscount": 1, 
	"lists": {
		"0": "non", 
		"1": "oui"
	}
	}, 
	"T\u00e9l\u00e9commande RF": {
	"comment": "oui = v\u00e9hicule \u00e9quip\u00e9 de la fonction RF", 
	"bitscount": 1, 
	"lists": {
		"0": "non", 
		"1": "oui"
	}
	}, 
	"LED Verlog": {
	"scaled": true, 
	"bitscount": 1
	}, 
	"Temps de commande max des ouvrants.": {
	"scaled": true, 
	"comment": "temps de commande des serrures \u00e9lectriques", 
	"step": 10.0, 
	"unit": "ms"
	}, 
	"D\u00e9faut m\u00e9mo. status clignotant": {
	"bitscount": 1, 
	"lists": {
		"0": "OK", 
		"1": "Panne"
	}
	}, 
	"Nb Echecs de Resynchro.": {
	"scaled": true
	}, 
	"Compteur m\u00e9mo. reconnaissance avec Retard": {
	"scaled": true
	}, 
	"Retard cde feux d\u00e9tresse apres un choc.": {
	"scaled": true, 
	"comment": "pour garder toute l'energie batterie pour l'ouverture des portes avant mise en route d\u00e9tresse", 
	"step": 100.0, 
	"unit": "ms"
	}, 
	"Ligne transpondeur (1)": {
	"comment": "lecture du niveau d'entr\u00e9e sur la ligne transpondeur", 
	"bitscount": 1, 
	"lists": {
		"0": "OFF", 
		"1": "ON"
	}
	}, 
	"Condition Moteur tourant LARD": {
	"comment": "oui = le d\u00e9givrage fonctionne si le moteur fonctionne", 
	"bitscount": 1, 
	"lists": {
		"0": "non", 
		"1": "oui"
	}
	}, 
	"Sortie activ\u00e9e": {
	"lists": {
		"128": "Condamnation portes (500ms)", 
		"129": "D\u00e9condamnation portes (500ms)", 
		"130": "D\u00e9condamnation portes conducteur (500ms)", 
		"131": "Clignotants droits (1s)", 
		"132": "Clignotants gauches (1s)", 
		"133": "Pilotage plafonnier", 
		"135": "Essuyage avant", 
		"137": "Essuyage arri\u00e8re", 
		"138": "Relais alimentation plafonnier", 
		"139": "Led CPE", 
		"140": "Led verlog", 
		"142": "Lunette arri\u00e8re d\u00e9givrante", 
		"143": "Liaison transpondeur", 
		"144": "Liaison verlog moteur", 
		"147": "Alarme", 
		"157": "Buzzer", 
		"158": "Feu de brouillard arri\u00e8re"
	}
	}, 
	"Cl\u00e9 No2 Identifi\u00e9e": {
	"bitscount": 1, 
	"lists": {
		"0": "non", 
		"1": "oui"
	}
	}, 
	"Feu de brouillard arri\u00e8re": {
	"bitscount": 1, 
	"lists": {
		"0": "OFF", 
		"1": "ON"
	}
	}, 
	"Fr\u00e9quence cl\u00e9 pr\u00e9sent\u00e9e": {
	"bitscount": 3, 
	"lists": {
		"0": "Inconnue", 
		"4": "868 Mhz", 
		"5": "315 Mhz-R", 
		"6": "433 Mhz", 
		"7": "315 Mhz"
	}
	}, 
	"Relais alarme 1er monte": {
	"bitscount": 1, 
	"lists": {
		"0": "OFF", 
		"1": "ON"
	}
	}, 
	"Allumage feux detresse si choc (CAR)": {
	"comment": "oui = allumage des feux de d\u00e9tresse apr\u00e8s un choc (li\u00e9 \u00e0 la fonction CAR)", 
	"bitscount": 1, 
	"lists": {
		"0": "non", 
		"1": "oui"
	}
	}, 
	"Sortie alimentation plafonnier": {
	"bitscount": 1, 
	"lists": {
		"0": "OFF", 
		"1": "ON"
	}
	}, 
	"N\u00b0 routine \u00e0 lancer": {
	"lists": {
		"176": "Tester cl\u00e9 vierge", 
		"166": "Authentification permanente cl\u00e9", 
		"167": "Effacement code APV"
	}
	}, 
	"Entr\u00e9e ceinture (1)": {
	"comment": "entr\u00e9e \u00e0 12V quand la ceinture est mise", 
	"bitscount": 1, 
	"lists": {
		"0": "boucl\u00e9e", 
		"1": "non mise"
	}
	}, 
	"Nombre coups balai apr\u00e8s lavage arri\u00e8re.": {
	"scaled": true
	}, 
	"D\u00e9faut CC au 12V de la liaison verlog moteur": {
	"bitscount": 1, 
	"lists": {
		"0": "OK", 
		"1": "Panne"
	}
	}, 
	"R\u00e9ception d une r\u00e9ponse au challenge": {
	"bitscount": 1, 
	"lists": {
		"0": "non", 
		"1": "oui"
	}
	}, 
	"Compteur m\u00e9mo. \u00e9chec de resynchro": {
	"scaled": true
	}, 
	"Dur\u00e9e prise en compte double appui RF (cl\u00e9 2 boutons)": {
	"scaled": true, 
	"comment": "pour fonction single door : temps de prise en compte second appui ouverture RF pour portes passager", 
	"unit": "s"
	}, 
	"Apprentissage antid\u00e9marrage non termin\u00e9": {
	"bitscount": 1, 
	"lists": {
		"0": "termin\u00e9", 
		"1": "non termin\u00e9"
	}
	}
}
}