{
"obd": {
	"baudrate": 10400, 
	"protocol": "CAN", 
	"recv_id": "7AD", 
	"funcname": "WCGS", 
	"funcaddr": "82", 
	"send_id": "7AA"
}, 
"devices": [
	{
	"dtc": 39680, 
	"devicedata": {}, 
	"dtctype": 4, 
	"name": "Bus Signal / Message Failures"
	}, 
	{
	"dtc": 39684, 
	"devicedata": {}, 
	"dtctype": 2, 
	"name": "Virgin or incomplete configuration"
	}, 
	{
	"dtc": 39685, 
	"devicedata": {}, 
	"dtctype": 4, 
	"name": "LED Connection Failure"
	}, 
	{
	"dtc": 39682, 
	"devicedata": {}, 
	"dtctype": 0, 
	"name": "circuit current out of range"
	}, 
	{
	"dtc": 39683, 
	"devicedata": {}, 
	"dtctype": 2, 
	"name": "internal electronic failure"
	}, 
	{
	"dtc": 39681, 
	"devicedata": {}, 
	"dtctype": 0, 
	"name": "circuit voltage out of range"
	}
], 
"ecuname": "WCBS1 v0.7", 
"autoidents": [
	{
	"diagversion": "4", 
	"supplier": "LGE_CHINA", 
	"version": "SW01.09", 
	"soft": "SW01.09"
	}
], 
"endian": "Big", 
"requests": [
	{
	"name": "DataWrite.ConfigurationDataReferenceAfterConfigurationProcess", 
	"replybytes": "6EF1A2", 
	"deny_sds": [], 
	"manualsend": true, 
	"sendbyte_dataitems": {
		"ConfigurationDataReferenceAfterConfigurationProcess": {
		"firstbyte": 4
		}
	}, 
	"minbytes": 3, 
	"sentbytes": "2EF1A200000000000000000000"
	}, 
	{
	"name": "OutputControl.Start_Control of WCBS charging_STOP", 
	"replybytes": "6F9002", 
	"deny_sds": [], 
	"manualsend": true, 
	"receivebyte_dataitems": {
		"Control of yellow LED.OutputControlStatus": {
		"firstbyte": 4
		}
	}, 
	"sendbyte_dataitems": {
		"OutputControlCommand": {
		"firstbyte": 4
		}, 
		"OutputPermanentControlList": {
		"firstbyte": 2
		}, 
		"Control of yellow LED": {
		"firstbyte": 5
		}
	}, 
	"minbytes": 5, 
	"sentbytes": "2F90020300"
	}, 
	{
	"name": "DataRead.SecondaryOperationnalReference", 
	"replybytes": "62F013", 
	"deny_sds": [], 
	"receivebyte_dataitems": {
		"SecondaryOperationnalReference": {
		"ref": true, 
		"firstbyte": 4
		}
	}, 
	"minbytes": 13, 
	"sentbytes": "22F013"
	}, 
	{
	"name": "DataRead.systemSupplierIdentifier", 
	"replybytes": "62F18A", 
	"deny_sds": [], 
	"receivebyte_dataitems": {
		"systemSupplierIdentifier": {
		"ref": true, 
		"firstbyte": 4
		}
	}, 
	"minbytes": 12, 
	"sentbytes": "22F18A"
	}, 
	{
	"name": "DataRead.VIN", 
	"replybytes": "62F190", 
	"deny_sds": [], 
	"receivebyte_dataitems": {
		"VIN": {
		"ref": true, 
		"firstbyte": 4
		}
	}, 
	"minbytes": 20, 
	"sentbytes": "22F190"
	}, 
	{
	"name": "DataRead.vehicleManufacturerSparePartNumber", 
	"replybytes": "62F187", 
	"deny_sds": [], 
	"receivebyte_dataitems": {
		"vehicleManufacturerSparePartNumber": {
		"ref": true, 
		"firstbyte": 4
		}
	}, 
	"minbytes": 13, 
	"sentbytes": "22F187"
	}, 
	{
	"name": "DataWrite.Charging power limitation", 
	"replybytes": "6E2000", 
	"deny_sds": [], 
	"manualsend": true, 
	"sendbyte_dataitems": {
		"Charging power limitation": {
		"firstbyte": 4
		}
	}, 
	"minbytes": 3, 
	"sentbytes": "2E200000"
	}, 
	{
	"name": "DataRead.LED module configuration", 
	"replybytes": "622002", 
	"deny_sds": [], 
	"receivebyte_dataitems": {
		"LED module configuration": {
		"ref": true, 
		"firstbyte": 4
		}
	}, 
	"minbytes": 4, 
	"sentbytes": "222002"
	}, 
	{
	"name": "DataRead.stop charing request from HFM", 
	"replybytes": "620116", 
	"deny_sds": [], 
	"receivebyte_dataitems": {
		"stop charing request from HFM": {
		"ref": true, 
		"firstbyte": 4
		}
	}, 
	"minbytes": 4, 
	"sentbytes": "220116"
	}, 
	{
	"name": "ClearDiagnosticInformation.All", 
	"replybytes": "54", 
	"deny_sds": [], 
	"manualsend": true, 
	"minbytes": 1, 
	"sentbytes": "14FFFFFF"
	}, 
	{
	"name": "DataRead.systemSupplierECUSoftwareNumber", 
	"replybytes": "62F194", 
	"deny_sds": [], 
	"receivebyte_dataitems": {
		"systemSupplierECUSoftwareNumber": {
		"ref": true, 
		"firstbyte": 4
		}
	}, 
	"minbytes": 10, 
	"sentbytes": "22F194"
	}, 
	{
	"name": "DataRead.System power on", 
	"replybytes": "620101", 
	"deny_sds": [], 
	"receivebyte_dataitems": {
		"System power on": {
		"ref": true, 
		"firstbyte": 4
		}
	}, 
	"minbytes": 4, 
	"sentbytes": "220101"
	}, 
	{
	"name": "DataRead.Fingerprint", 
	"replybytes": "62F010", 
	"deny_sds": [], 
	"receivebyte_dataitems": {
		"Fingerprint": {
		"ref": true, 
		"firstbyte": 4
		}
	}, 
	"minbytes": 19, 
	"sentbytes": "22F010"
	}, 
	{
	"name": "DataRead.Existence of foreign object", 
	"replybytes": "620109", 
	"deny_sds": [], 
	"receivebyte_dataitems": {
		"Existence of foreign object": {
		"ref": true, 
		"firstbyte": 4
		}
	}, 
	"minbytes": 4, 
	"sentbytes": "220109"
	}, 
	{
	"name": "DataWrite.EE architecture configuration", 
	"replybytes": "6E2003", 
	"deny_sds": [], 
	"manualsend": true, 
	"sendbyte_dataitems": {
		"EE architecture configuration": {
		"firstbyte": 4
		}
	}, 
	"minbytes": 3, 
	"sentbytes": "2E200300"
	}, 
	{
	"name": "DataRead.Charging_Time", 
	"replybytes": "620112", 
	"deny_sds": [], 
	"receivebyte_dataitems": {
		"Charging_Time": {
		"ref": true, 
		"firstbyte": 4
		}
	}, 
	"minbytes": 4, 
	"sentbytes": "220112"
	}, 
	{
	"name": "OutputControl.Stop.Control of yellow LED", 
	"replybytes": "6F9000", 
	"deny_sds": [], 
	"manualsend": true, 
	"receivebyte_dataitems": {
		"Control of yellow LED.OutputControlStatus": {
		"firstbyte": 4
		}
	}, 
	"sendbyte_dataitems": {
		"OutputControlCommand": {
		"firstbyte": 4
		}, 
		"OutputPermanentControlList": {
		"firstbyte": 2
		}
	}, 
	"minbytes": 4, 
	"sentbytes": "2F900000"
	}, 
	{
	"name": "DataRead.Hardware version", 
	"replybytes": "620105", 
	"deny_sds": [], 
	"receivebyte_dataitems": {
		"Hardware version": {
		"ref": true, 
		"firstbyte": 4
		}
	}, 
	"minbytes": 4, 
	"sentbytes": "220105"
	}, 
	{
	"name": "DataRead.System temperature", 
	"replybytes": "62010E", 
	"deny_sds": [], 
	"receivebyte_dataitems": {
		"System temperature": {
		"ref": true, 
		"firstbyte": 4
		}
	}, 
	"minbytes": 4, 
	"sentbytes": "22010E"
	}, 
	{
	"name": "DataRead.EE architecture configuration", 
	"replybytes": "622003", 
	"deny_sds": [], 
	"receivebyte_dataitems": {
		"EE architecture configuration": {
		"ref": true, 
		"firstbyte": 4
		}
	}, 
	"minbytes": 4, 
	"sentbytes": "222003"
	}, 
	{
	"name": "DataRead.Diagnosis ID", 
	"replybytes": "620100", 
	"deny_sds": [], 
	"receivebyte_dataitems": {
		"Diagnosis ID": {
		"ref": true, 
		"firstbyte": 4
		}
	}, 
	"minbytes": 4, 
	"sentbytes": "220100"
	}, 
	{
	"name": "DataRead.Threshold of OTP temperature configuration", 
	"replybytes": "622004", 
	"deny_sds": [], 
	"receivebyte_dataitems": {
		"Threshold of OTP temperature configuration": {
		"ref": true, 
		"firstbyte": 4
		}
	}, 
	"minbytes": 4, 
	"sentbytes": "222004"
	}, 
	{
	"name": "StartDiagnosticSession.Default", 
	"replybytes": "5001", 
	"deny_sds": [], 
	"manualsend": true, 
	"minbytes": 2, 
	"sentbytes": "1001"
	}, 
	{
	"name": "DataRead.diagnosticVersion", 
	"replybytes": "62F1A0", 
	"deny_sds": [], 
	"receivebyte_dataitems": {
		"diagnosticVersion": {
		"ref": true, 
		"firstbyte": 4
		}
	}, 
	"minbytes": 4, 
	"sentbytes": "22F1A0"
	}, 
	{
	"name": "DataRead.VehicleManufacturerECUSoftwareNumber_DAI", 
	"replybytes": "62F121", 
	"deny_sds": [], 
	"receivebyte_dataitems": {
		"VehicleManufacturerECUSoftwareNumber_DAI": {
		"ref": true, 
		"firstbyte": 4
		}
	}, 
	"minbytes": 23, 
	"sentbytes": "22F121"
	}, 
	{
	"name": "DataRead.vehicleManufacturerECUSoftwareNumber", 
	"replybytes": "62F188", 
	"deny_sds": [], 
	"receivebyte_dataitems": {
		"vehicleManufacturerECUSoftwareNumber": {
		"ref": true, 
		"firstbyte": 4
		}
	}, 
	"minbytes": 13, 
	"sentbytes": "22F188"
	}, 
	{
	"name": "OutputControl.Stop_Control of green LED", 
	"replybytes": "6F9001", 
	"deny_sds": [], 
	"manualsend": true, 
	"receivebyte_dataitems": {
		"Control of yellow LED.OutputControlStatus": {
		"firstbyte": 4
		}
	}, 
	"sendbyte_dataitems": {
		"OutputControlCommand": {
		"firstbyte": 4
		}, 
		"OutputPermanentControlList": {
		"firstbyte": 2
		}
	}, 
	"minbytes": 4, 
	"sentbytes": "2F900100"
	}, 
	{
	"name": "ReadDTCInformation.ReportNumberOfDTCByStatusMask", 
	"replybytes": "5901", 
	"deny_sds": [], 
	"receivebyte_dataitems": {
		"DTCCount": {
		"firstbyte": 5
		}, 
		"DTCFormatIdentifier": {
		"firstbyte": 4
		}, 
		"DTCStatusAvailabilityMask": {
		"firstbyte": 3
		}
	}, 
	"sendbyte_dataitems": {
		"Status mask": {
		"firstbyte": 3
		}
	}, 
	"minbytes": 3, 
	"sentbytes": "1901FF", 
	"shiftbytescount": 3
	}, 
	{
	"name": "DataRead.Input voltage", 
	"replybytes": "62010C", 
	"deny_sds": [], 
	"receivebyte_dataitems": {
		"Input voltage": {
		"ref": true, 
		"firstbyte": 4
		}
	}, 
	"minbytes": 4, 
	"sentbytes": "22010C"
	}, 
	{
	"name": "DataRead.Operating frequency", 
	"replybytes": "622001", 
	"deny_sds": [], 
	"receivebyte_dataitems": {
		"Operating frequency": {
		"ref": true, 
		"firstbyte": 4
		}
	}, 
	"minbytes": 4, 
	"sentbytes": "222001"
	}, 
	{
	"name": "DataRead.Mileage", 
	"replybytes": "62F0D0", 
	"deny_sds": [], 
	"receivebyte_dataitems": {
		"Mileage": {
		"ref": true, 
		"firstbyte": 4
		}
	}, 
	"minbytes": 6, 
	"sentbytes": "22F0D0"
	}, 
	{
	"name": "DataRead.Command of yellow LED", 
	"replybytes": "620117", 
	"deny_sds": [], 
	"receivebyte_dataitems": {
		"Command of yellow LED": {
		"ref": true, 
		"firstbyte": 4
		}
	}, 
	"minbytes": 4, 
	"sentbytes": "220117"
	}, 
	{
	"name": "DataRead.Charging state", 
	"replybytes": "620104", 
	"deny_sds": [], 
	"receivebyte_dataitems": {
		"Charging state": {
		"ref": true, 
		"firstbyte": 4
		}
	}, 
	"minbytes": 4, 
	"sentbytes": "220104"
	}, 
	{
	"name": "DataRead.Charging standard and version of receiver", 
	"replybytes": "620108", 
	"deny_sds": [], 
	"receivebyte_dataitems": {
		"Charging standard and version of receiver": {
		"ref": true, 
		"firstbyte": 4
		}
	}, 
	"minbytes": 4, 
	"sentbytes": "220108"
	}, 
	{
	"name": "TesterPresent.WithResponse", 
	"deny_sds": [], 
	"minbytes": 1, 
	"sentbytes": "3E00", 
	"replybytes": "7E"
	}, 
	{
	"name": "ECUReset.keyoffon", 
	"replybytes": "5102", 
	"deny_sds": [], 
	"manualsend": true, 
	"minbytes": 2, 
	"sentbytes": "1102"
	}, 
	{
	"name": "OutputControl.Stop_Control of WCBS charging", 
	"replybytes": "6F9002", 
	"deny_sds": [], 
	"manualsend": true, 
	"receivebyte_dataitems": {
		"Control of yellow LED.OutputControlStatus": {
		"firstbyte": 4
		}
	}, 
	"sendbyte_dataitems": {
		"OutputControlCommand": {
		"firstbyte": 4
		}, 
		"OutputPermanentControlList": {
		"firstbyte": 2
		}
	}, 
	"minbytes": 4, 
	"sentbytes": "2F900200"
	}, 
	{
	"name": "DataRead.reason of stop charging", 
	"replybytes": "620115", 
	"deny_sds": [], 
	"receivebyte_dataitems": {
		"reason of stop charging": {
		"ref": true, 
		"firstbyte": 4
		}
	}, 
	"minbytes": 4, 
	"sentbytes": "220115"
	}, 
	{
	"name": "DataRead.disconnection of charging coil", 
	"replybytes": "620113", 
	"deny_sds": [], 
	"receivebyte_dataitems": {
		"disconnection of charging coil": {
		"ref": true, 
		"firstbyte": 4
		}
	}, 
	"minbytes": 4, 
	"sentbytes": "220113"
	}, 
	{
	"name": "DataRead.ECUSerialNumber", 
	"replybytes": "62F18C", 
	"deny_sds": [], 
	"receivebyte_dataitems": {
		"ECUSerialNumber": {
		"ref": true, 
		"firstbyte": 4
		}
	}, 
	"minbytes": 23, 
	"sentbytes": "22F18C"
	}, 
	{
	"name": "StartDiagnosticSession.Reprog", 
	"replybytes": "5002", 
	"deny_sds": [], 
	"manualsend": true, 
	"minbytes": 2, 
	"sentbytes": "1002"
	}, 
	{
	"name": "DataWrite.vehicleManufacturerECUSoftwareNumber", 
	"replybytes": "6EF188", 
	"deny_sds": [], 
	"manualsend": true, 
	"sendbyte_dataitems": {
		"vehicleManufacturerECUSoftwareNumber": {
		"firstbyte": 4
		}
	}, 
	"minbytes": 3, 
	"sentbytes": "2EF18800000000000000000000"
	}, 
	{
	"name": "ReadDTCInformation.ReportSupportedDTC", 
	"replybytes": "590A", 
	"deny_sds": [], 
	"receivebyte_dataitems": {
		"DTCStatusAvailabilityMask": {
		"firstbyte": 3
		}
	}, 
	"minbytes": 3, 
	"sentbytes": "190A"
	}, 
	{
	"name": "DataRead.systemSupplierECUSoftwareVersionNumber", 
	"replybytes": "62F195", 
	"deny_sds": [], 
	"receivebyte_dataitems": {
		"systemSupplierECUSoftwareVersionNumber": {
		"ref": true, 
		"firstbyte": 4
		}
	}, 
	"minbytes": 10, 
	"sentbytes": "22F195"
	}, 
	{
	"name": "DataRead.Operational Reference", 
	"replybytes": "62F012", 
	"deny_sds": [], 
	"receivebyte_dataitems": {
		"Operational Reference": {
		"ref": true, 
		"firstbyte": 4
		}
	}, 
	"minbytes": 13, 
	"sentbytes": "22F012"
	}, 
	{
	"name": "DataWrite.LED module configuration", 
	"replybytes": "6E2002", 
	"deny_sds": [], 
	"manualsend": true, 
	"sendbyte_dataitems": {
		"LED module configuration": {
		"firstbyte": 4
		}
	}, 
	"minbytes": 3, 
	"sentbytes": "2E200200"
	}, 
	{
	"name": "DataRead.Object detected", 
	"replybytes": "620102", 
	"deny_sds": [], 
	"receivebyte_dataitems": {
		"Object detected": {
		"ref": true, 
		"firstbyte": 4
		}
	}, 
	"minbytes": 4, 
	"sentbytes": "220102"
	}, 
	{
	"name": "DataRead.Power consumption of charger", 
	"replybytes": "62010F", 
	"deny_sds": [], 
	"receivebyte_dataitems": {
		"Power consumption of charger": {
		"ref": true, 
		"firstbyte": 4
		}
	}, 
	"minbytes": 4, 
	"sentbytes": "22010F"
	}, 
	{
	"name": "DataRead.Control of WCBS charging", 
	"replybytes": "629002", 
	"deny_sds": [], 
	"receivebyte_dataitems": {
		"Control of WCBS charging": {
		"firstbyte": 4
		}
	}, 
	"minbytes": 4, 
	"sentbytes": "229002"
	}, 
	{
	"name": "DataRead.DTC Occurrence Counter", 
	"replybytes": "62F0D1", 
	"deny_sds": [], 
	"receivebyte_dataitems": {
		"DTC Occurrence Counter": {
		"ref": true, 
		"firstbyte": 4
		}
	}, 
	"minbytes": 4, 
	"sentbytes": "22F0D1"
	}, 
	{
	"name": "DataWrite.Operating frequency", 
	"replybytes": "6E2001", 
	"deny_sds": [], 
	"manualsend": true, 
	"sendbyte_dataitems": {
		"Operating frequency": {
		"firstbyte": 4
		}
	}, 
	"minbytes": 3, 
	"sentbytes": "2E200100"
	}, 
	{
	"name": "ReadDTCInformation.ReportDTCSnapshotIdentification", 
	"deny_sds": [], 
	"minbytes": 2, 
	"sentbytes": "1903000000FF", 
	"replybytes": "5903"
	}, 
	{
	"name": "DataRead.Firmware Version", 
	"replybytes": "620119", 
	"deny_sds": [], 
	"receivebyte_dataitems": {
		"Firmware Version": {
		"ref": true, 
		"firstbyte": 4
		}
	}, 
	"minbytes": 4, 
	"sentbytes": "220119"
	}, 
	{
	"name": "DataRead.ConfigurationDataReferenceAfterConfigurationProcess", 
	"replybytes": "62F1A2", 
	"deny_sds": [], 
	"receivebyte_dataitems": {
		"ConfigurationDataReferenceAfterConfigurationProcess": {
		"ref": true, 
		"firstbyte": 4
		}
	}, 
	"minbytes": 13, 
	"sentbytes": "22F1A2"
	}, 
	{
	"name": "DataRead.ID of receiver's charging IC", 
	"replybytes": "620106", 
	"deny_sds": [], 
	"receivebyte_dataitems": {
		"ID of receiver's charging IC": {
		"ref": true, 
		"firstbyte": 4
		}
	}, 
	"minbytes": 7, 
	"sentbytes": "220106"
	}, 
	{
	"name": "StartDiagnosticSession.Extended", 
	"replybytes": "5003", 
	"deny_sds": [], 
	"manualsend": true, 
	"minbytes": 2, 
	"sentbytes": "1003"
	}, 
	{
	"name": "DataRead.Control of yellow LED", 
	"replybytes": "629000", 
	"deny_sds": [], 
	"receivebyte_dataitems": {
		"Control of yellow LED": {
		"firstbyte": 4
		}
	}, 
	"minbytes": 4, 
	"sentbytes": "229000"
	}, 
	{
	"name": "DataRead.VehicleManufacturerSparePartNumber_N", 
	"replybytes": "62F1A1", 
	"deny_sds": [], 
	"receivebyte_dataitems": {
		"VehicleManufacturerSparePartNumber_N": {
		"ref": true, 
		"firstbyte": 4
		}
	}, 
	"minbytes": 13, 
	"sentbytes": "22F1A1"
	}, 
	{
	"name": "ReadDTCInformation.ReportSnapshot", 
	"replybytes": "5904", 
	"deny_sds": [], 
	"receivebyte_dataitems": {
		"StatusOfDTC": {
		"firstbyte": 6
		}
	}, 
	"minbytes": 6, 
	"sentbytes": "1904000000FF"
	}, 
	{
	"name": "DataWrite.VIN", 
	"replybytes": "6EF190", 
	"deny_sds": [], 
	"manualsend": true, 
	"sendbyte_dataitems": {
		"VIN": {
		"firstbyte": 4
		}
	}, 
	"minbytes": 3, 
	"sentbytes": "2EF1900000000000000000000000000000000000"
	}, 
	{
	"name": "DataRead.Charging power limitation", 
	"replybytes": "622000", 
	"deny_sds": [], 
	"receivebyte_dataitems": {
		"Charging power limitation": {
		"ref": true, 
		"firstbyte": 4
		}
	}, 
	"minbytes": 4, 
	"sentbytes": "222000"
	}, 
	{
	"name": "DataRead.Control of Green LED", 
	"replybytes": "629001", 
	"deny_sds": [], 
	"receivebyte_dataitems": {
		"Control of Green LED": {
		"firstbyte": 4
		}
	}, 
	"minbytes": 4, 
	"sentbytes": "229001"
	}, 
	{
	"name": "DataRead.VehicleManufacturerECUHardwareNumber_DAI", 
	"replybytes": "62F111", 
	"deny_sds": [], 
	"receivebyte_dataitems": {
		"VehicleManufacturerECUHardwareNumber_DAI": {
		"ref": true, 
		"firstbyte": 4
		}
	}, 
	"minbytes": 13, 
	"sentbytes": "22F111"
	}, 
	{
	"name": "ECUReset.config", 
	"replybytes": "5140", 
	"deny_sds": [], 
	"manualsend": true, 
	"minbytes": 2, 
	"sentbytes": "1140"
	}, 
	{
	"name": "DataRead.vehicleManufacturerECUHardwareNumber", 
	"replybytes": "62F191", 
	"deny_sds": [], 
	"receivebyte_dataitems": {
		"vehicleManufacturerECUHardwareNumber": {
		"ref": true, 
		"firstbyte": 4
		}
	}, 
	"minbytes": 13, 
	"sentbytes": "22F191"
	}, 
	{
	"name": "DataRead.Received power reported by receiver", 
	"replybytes": "620110", 
	"deny_sds": [], 
	"receivebyte_dataitems": {
		"Received power reported by receiver": {
		"ref": true, 
		"firstbyte": 4
		}
	}, 
	"minbytes": 4, 
	"sentbytes": "220110"
	}, 
	{
	"name": "DataWrite.Threshold of OTP temperature configuration", 
	"replybytes": "6E2004", 
	"deny_sds": [], 
	"manualsend": true, 
	"sendbyte_dataitems": {
		"Threshold of OTP temperature configuration": {
		"firstbyte": 4
		}
	}, 
	"minbytes": 3, 
	"sentbytes": "2E200400"
	}, 
	{
	"name": "DataRead.Current of charging coil", 
	"replybytes": "62010B", 
	"deny_sds": [], 
	"receivebyte_dataitems": {
		"Current of charging coil": {
		"ref": true, 
		"firstbyte": 4
		}
	}, 
	"minbytes": 4, 
	"sentbytes": "22010B"
	}, 
	{
	"name": "OutputControl", 
	"replybytes": "6F000000", 
	"deny_sds": [
		"nosds", 
		"plant", 
		"aftersales", 
		"engineering", 
		"supplier"
	], 
	"sendbyte_dataitems": {
		"OutputControlCommand": {
		"firstbyte": 4
		}, 
		"OutputPermanentControlList": {
		"firstbyte": 2
		}
	}, 
	"minbytes": 1, 
	"sentbytes": "2F000000"
	}, 
	{
	"name": "OutputControl.Start_Control of green LED_OFF", 
	"replybytes": "6F9001", 
	"deny_sds": [], 
	"manualsend": true, 
	"receivebyte_dataitems": {
		"Control of yellow LED.OutputControlStatus": {
		"firstbyte": 4
		}
	}, 
	"sendbyte_dataitems": {
		"Control of Green LED": {
		"firstbyte": 5
		}, 
		"OutputControlCommand": {
		"firstbyte": 4
		}, 
		"OutputPermanentControlList": {
		"firstbyte": 2
		}
	}, 
	"minbytes": 5, 
	"sentbytes": "2F90010300"
	}, 
	{
	"name": "DataRead.Power loss between charger and receiver", 
	"replybytes": "620111", 
	"deny_sds": [], 
	"receivebyte_dataitems": {
		"Power loss between charger and receiver": {
		"ref": true, 
		"firstbyte": 4
		}
	}, 
	"minbytes": 4, 
	"sentbytes": "220111"
	}, 
	{
	"name": "DataRead.Phone detected", 
	"replybytes": "620103", 
	"deny_sds": [], 
	"receivebyte_dataitems": {
		"Phone detected": {
		"ref": true, 
		"firstbyte": 4
		}
	}, 
	"minbytes": 4, 
	"sentbytes": "220103"
	}, 
	{
	"name": "DataRead.memory fault", 
	"replybytes": "620114", 
	"deny_sds": [], 
	"receivebyte_dataitems": {
		"memory fault": {
		"ref": true, 
		"firstbyte": 4
		}
	}, 
	"minbytes": 4, 
	"sentbytes": "220114"
	}, 
	{
	"name": "ReadDTCInformation.ReportExtendedData", 
	"replybytes": "590600000000", 
	"deny_sds": [], 
	"receivebyte_dataitems": {
		"DTCExtendedData.AgingCounter": {
		"firstbyte": 8
		}, 
		"StatusOfDTC": {
		"firstbyte": 6
		}, 
		"DTCExtendedData.DTCOccurrenceCounter": {
		"firstbyte": 8
		}
	}, 
	"minbytes": 6, 
	"sentbytes": "1906000000FF"
	}, 
	{
	"name": "DataRead.Input current", 
	"replybytes": "62010D", 
	"deny_sds": [], 
	"receivebyte_dataitems": {
		"Input current": {
		"ref": true, 
		"firstbyte": 4
		}
	}, 
	"minbytes": 4, 
	"sentbytes": "22010D"
	}, 
	{
	"name": "OutputControl.Start_Control of yellow LED_ON", 
	"replybytes": "6F9000", 
	"deny_sds": [], 
	"manualsend": true, 
	"receivebyte_dataitems": {
		"Control of yellow LED.OutputControlStatus": {
		"firstbyte": 4
		}
	}, 
	"sendbyte_dataitems": {
		"OutputControlCommand": {
		"firstbyte": 4
		}, 
		"OutputPermanentControlList": {
		"firstbyte": 2
		}, 
		"Control of yellow LED": {
		"firstbyte": 5
		}
	}, 
	"minbytes": 5, 
	"sentbytes": "2F90000301"
	}, 
	{
	"name": "OutputControl.Start_Control of yellow LED_OFF", 
	"replybytes": "6F9000", 
	"deny_sds": [], 
	"manualsend": true, 
	"receivebyte_dataitems": {
		"Control of yellow LED.OutputControlStatus": {
		"firstbyte": 4
		}
	}, 
	"sendbyte_dataitems": {
		"OutputControlCommand": {
		"firstbyte": 4
		}, 
		"OutputPermanentControlList": {
		"firstbyte": 2
		}, 
		"Control of yellow LED": {
		"firstbyte": 5
		}
	}, 
	"minbytes": 5, 
	"sentbytes": "2F90000300"
	}, 
	{
	"name": "ReadDTCInformation.ReportExtendedData.Mileage", 
	"replybytes": "59060000000080000000", 
	"deny_sds": [], 
	"receivebyte_dataitems": {
		"StatusOfDTC": {
		"firstbyte": 6
		}
	}, 
	"minbytes": 6, 
	"sentbytes": "190600000080"
	}, 
	{
	"name": "OutputControl.Start_Control of green LED_ON", 
	"replybytes": "6F9001", 
	"deny_sds": [], 
	"manualsend": true, 
	"receivebyte_dataitems": {
		"Control of yellow LED.OutputControlStatus": {
		"firstbyte": 4
		}
	}, 
	"sendbyte_dataitems": {
		"Control of Green LED": {
		"firstbyte": 5
		}, 
		"OutputControlCommand": {
		"firstbyte": 4
		}, 
		"OutputPermanentControlList": {
		"firstbyte": 2
		}
	}, 
	"minbytes": 5, 
	"sentbytes": "2F90010301"
	}, 
	{
	"name": "DataRead.BootVersion", 
	"replybytes": "62F180", 
	"deny_sds": [], 
	"receivebyte_dataitems": {
		"BootVersion.ModuleNumber": {
		"ref": true, 
		"firstbyte": 4
		}, 
		"BootVersion.Coding": {
		"ref": true, 
		"firstbyte": 5
		}
	}, 
	"minbytes": 17, 
	"sentbytes": "22F180"
	}, 
	{
	"name": "DataRead.Voltage of charging coil", 
	"replybytes": "62010A", 
	"deny_sds": [], 
	"receivebyte_dataitems": {
		"Voltage of charging coil": {
		"ref": true, 
		"firstbyte": 4
		}
	}, 
	"minbytes": 4, 
	"sentbytes": "22010A"
	}, 
	{
	"name": "ReadDTCInformation.ReportDTC", 
	"replybytes": "5902", 
	"deny_sds": [], 
	"receivebyte_dataitems": {
		"DTCStatus.pendingDTC": {
		"bitoffset": 5, 
		"firstbyte": 7
		}, 
		"DTCDeviceIdentifier": {
		"firstbyte": 4
		}, 
		"DTCStatus.testFailedSinceLastClear": {
		"bitoffset": 2, 
		"firstbyte": 7
		}, 
		"DTCDeviceAndFailureTypeOBD": {
		"firstbyte": 4
		}, 
		"DTCFailureType.ManufacturerOrSupplier": {
		"firstbyte": 6
		}, 
		"DTCFailureType.Category": {
		"firstbyte": 6
		}, 
		"DTCFailureType": {
		"firstbyte": 6
		}, 
		"DTCStatus.testNotCompletedSinceLastClear": {
		"bitoffset": 3, 
		"firstbyte": 7
		}, 
		"DTCStatus.testNotCompletedThisMonitoringCycle": {
		"bitoffset": 1, 
		"firstbyte": 7
		}, 
		"DTCStatusAvailabilityMask": {
		"firstbyte": 3
		}, 
		"DTCStatus.warningIndicatorRequested": {
		"firstbyte": 7
		}, 
		"StatusOfDTC": {
		"firstbyte": 7
		}, 
		"DTCStatus.testFailedThisMonitoringCycle": {
		"bitoffset": 6, 
		"firstbyte": 7
		}, 
		"DTCStatus.testFailed": {
		"bitoffset": 7, 
		"firstbyte": 7
		}, 
		"DTCStatus.confirmedDTC": {
		"bitoffset": 4, 
		"firstbyte": 7
		}
	}, 
	"sendbyte_dataitems": {
		"Status mask": {
		"firstbyte": 3
		}
	}, 
	"minbytes": 3, 
	"sentbytes": "1902FF", 
	"shiftbytescount": 4
	}, 
	{
	"name": "OutputControl.Start_Control of WCBS charging_START", 
	"replybytes": "6F9002", 
	"deny_sds": [], 
	"manualsend": true, 
	"receivebyte_dataitems": {
		"Control of yellow LED.OutputControlStatus": {
		"firstbyte": 4
		}
	}, 
	"sendbyte_dataitems": {
		"OutputControlCommand": {
		"firstbyte": 4
		}, 
		"OutputPermanentControlList": {
		"firstbyte": 2
		}, 
		"Control of yellow LED": {
		"firstbyte": 5
		}
	}, 
	"minbytes": 5, 
	"sentbytes": "2F90020301"
	}, 
	{
	"name": "DataRead.Manufacturer of receiver's charging IC", 
	"replybytes": "620107", 
	"deny_sds": [], 
	"receivebyte_dataitems": {
		"Manufacturer of receiver's charging IC": {
		"ref": true, 
		"firstbyte": 4
		}
	}, 
	"minbytes": 4, 
	"sentbytes": "220107"
	}, 
	{
	"name": "ECUReset.hard", 
	"replybytes": "5101", 
	"deny_sds": [], 
	"manualsend": true, 
	"minbytes": 2, 
	"sentbytes": "1101"
	}, 
	{
	"name": "DataRead.IndexSrvData", 
	"replybytes": "62F011", 
	"deny_sds": [], 
	"receivebyte_dataitems": {
		"IndexSrvData": {
		"ref": true, 
		"firstbyte": 4
		}
	}, 
	"minbytes": 13, 
	"sentbytes": "22F011"
	}, 
	{
	"name": "DataRead.Command of green LED", 
	"replybytes": "620118", 
	"deny_sds": [], 
	"receivebyte_dataitems": {
		"Command of green LED": {
		"ref": true, 
		"firstbyte": 4
		}
	}, 
	"minbytes": 4, 
	"sentbytes": "220118"
	}
], 
"data": {
	"reason of stop charging": {
	"comment": "reason of stop charging", 
	"lists": {
		"0": "RECHARGETIME_RX_UNKNOWN", 
		"1": "RECHARGETIME_RX_CHARGE_COMPLETE", 
		"2": "RECHARGETIME_TX_QFOD_ERROR", 
		"3": "RECHARGETIME_TX_OVER_TEMP_FAULT", 
		"4": "RECHARGETIME_TX_RCVPWR_TIMEOUT", 
		"5": "RECHARGETIME_TX_FOD_ERROR", 
		"6": "RECHARGETIME_TX_OVER_INCURR_LIMIT", 
		"7": "RECHARGETIME_TX_INPWREXCEED", 
		"8": "RECHARGETIME_TX_OVER_COILCURR_LIMIT"
	}
	}, 
	"Touch controller reset command": {
	"lists": {
		"0": "Control in progress", 
		"1": "Control complete and OK", 
		"2": "Control complete and NOK"
	}
	}, 
	"CANV.BusOff": {
	"bitscount": 2, 
	"lists": {
		"0": "Present", 
		"2": "Missing", 
		"3": "Missing Confirmed"
	}
	}, 
	"Command of yellow LED": {
	"comment": "Command of yellow LED", 
	"lists": {
		"0": "Unavailable", 
		"1": "OFF", 
		"2": "ON"
	}
	}, 
	"Power consumption of charger": {
	"scaled": true, 
	"comment": "Power consumption of charger", 
	"unit": "W"
	}, 
	"Hardware version": {
	"comment": "Hardware version", 
	"lists": {
		"0": "Unknown", 
		"1": "V1.1", 
		"2": "V1.2", 
		"3": "V1.3", 
		"4": "V1.4", 
		"5": "V1.5", 
		"6": "V1.6", 
		"7": "V1.7", 
		"8": "V1.8", 
		"9": "V1.9", 
		"10": "V2.0", 
		"11": "V2.1", 
		"12": "V2.2", 
		"13": "V2.3", 
		"14": "V2.4", 
		"15": "V2.5"
	}
	}, 
	"CD drive SW reference": {
	"bytesascii": true, 
	"bytescount": 3, 
	"byte": true, 
	"bitscount": 24, 
	"comment": "CD drive SW reference"
	}, 
	"memory fault": {
	"comment": "memory fault", 
	"lists": {
		"0": "Unavailable", 
		"1": "No", 
		"2": "Yes"
	}
	}, 
	"Control of Green LED": {
	"comment": "Control of orange LED", 
	"lists": {
		"0": "OFF", 
		"1": "ON"
	}
	}, 
	"Charging state": {
	"comment": "Charging state", 
	"lists": {
		"0": "Unavailable", 
		"1": "Uncharging", 
		"2": "LP charging", 
		"3": "MP Charging"
	}
	}, 
	"CANM.CDdrive": {
	"bitscount": 2, 
	"lists": {
		"0": "Present", 
		"2": "Missing", 
		"3": "Missing Confirmed"
	}
	}, 
	"IO.Bluetooth_LinkQuality": {
	"scaled": true, 
	"comment": "Bluetooth LinkQuality"
	}, 
	"Radio_State": {
	"comment": "Radio State", 
	"bitscount": 1, 
	"lists": {
		"0": "Radio is in state Off user", 
		"1": "Radio is in state On user"
	}
	}, 
	"IO.Tone_Level": {
	"scaled": true, 
	"comment": "Tone Level", 
	"bitscount": 6, 
	"unit": "0 to 31"
	}, 
	"IO.Microphone_result": {
	"comment": "Microphone Test Result", 
	"lists": {
		"0": "In progress", 
		"1": "Done and OK", 
		"2": "Done and NOK"
	}
	}, 
	"CANV.TCU": {
	"bitscount": 2, 
	"lists": {
		"0": "Present", 
		"2": "Missing", 
		"3": "Missing Confirmed"
	}
	}, 
	"disconnection of charging coil": {
	"comment": "disconnection of charging coil", 
	"lists": {
		"0": "Unavailable", 
		"1": "No", 
		"2": "Yes"
	}
	}, 
	"vehicleManufacturerECUSoftwareNumber": {
	"bytesascii": true, 
	"bytescount": 10, 
	"byte": true, 
	"bitscount": 80, 
	"comment": "ConfigurationFileReferenceLink"
	}, 
	"BootVersion.Coding": {
	"bytesascii": true, 
	"bytescount": 13, 
	"byte": true, 
	"bitscount": 104, 
	"comment": "Coding"
	}, 
	"IO.Parametric Guidelines Command": {
	"comment": "Parametric Guidelines Command", 
	"lists": {
		"0": "Download guidelines on USB", 
		"1": "Download thresholds values on USB"
	}
	}, 
	"CANM.CSW": {
	"bitscount": 2, 
	"lists": {
		"0": "Present", 
		"2": "Missing", 
		"3": "Missing Confirmed"
	}
	}, 
	"Degraded mode counter": {
	"scaled": true, 
	"comment": "Degraded mode counter"
	}, 
	"Charging power limitation": {
	"comment": "Charging power limitation", 
	"lists": {
		"0": "5 (only dev phase)", 
		"1": "10", 
		"2": "15"
	}
	}, 
	"CANV.RefMessagerie": {
	"comment": "version \u00e9dition du document d\u00e9crivant la messagerie CAN-M", 
	"bytescount": 2, 
	"byte": true, 
	"bitscount": 16
	}, 
	"Command of green LED": {
	"comment": "Command of green LED", 
	"lists": {
		"0": "Unavailable", 
		"1": "OFF", 
		"2": "ON"
	}
	}, 
	"Control of yellow LED.OutputControlStatus": {
	"comment": "Front display test card status", 
	"lists": {
		"0": "Stopped", 
		"2": "Frozen", 
		"3": "Started"
	}
	}, 
	"CANV.BCMCounter": {
	"bitscount": 6, 
	"lists": {
		"0": "0", 
		"1": "1", 
		"2": "2", 
		"3": "3", 
		"4": "4", 
		"5": "5", 
		"6": "6", 
		"7": "7", 
		"8": "8", 
		"9": "9", 
		"10": "10", 
		"11": "11", 
		"12": "12", 
		"13": "13", 
		"14": "14", 
		"15": "15", 
		"16": "16", 
		"17": "17", 
		"18": "18", 
		"19": "19", 
		"20": "20", 
		"21": "21", 
		"22": "22", 
		"23": "23", 
		"24": "24", 
		"25": "25", 
		"26": "26", 
		"27": "27", 
		"28": "28", 
		"29": "29", 
		"30": "30", 
		"31": "31", 
		"32": "32", 
		"33": "33", 
		"34": "34", 
		"35": "35", 
		"36": "36", 
		"37": "37", 
		"38": "38", 
		"39": "39", 
		"40": "40", 
		"63": "Not Checked"
	}
	}, 
	"CANM.BusOffCounter": {
	"bitscount": 6, 
	"lists": {
		"0": "0", 
		"1": "1", 
		"2": "2", 
		"3": "3", 
		"4": "4", 
		"5": "5", 
		"6": "6", 
		"7": "7", 
		"8": "8", 
		"9": "9", 
		"10": "10", 
		"11": "11", 
		"12": "12", 
		"13": "13", 
		"14": "14", 
		"15": "15", 
		"16": "16", 
		"17": "17", 
		"18": "18", 
		"19": "19", 
		"20": "20", 
		"21": "21", 
		"22": "22", 
		"23": "23", 
		"24": "24", 
		"25": "25", 
		"26": "26", 
		"27": "27", 
		"28": "28", 
		"29": "29", 
		"30": "30", 
		"31": "31", 
		"32": "32", 
		"33": "33", 
		"34": "34", 
		"35": "35", 
		"36": "36", 
		"37": "37", 
		"38": "38", 
		"39": "39", 
		"40": "40", 
		"63": "No Checked"
	}
	}, 
	"Operational Reference": {
	"bytesascii": true, 
	"bytescount": 10, 
	"byte": true, 
	"bitscount": 80, 
	"comment": "Operational reference"
	}, 
	"LED module configuration": {
	"comment": "LED module configuration", 
	"lists": {
		"0": "With LED module", 
		"1": "Without LED module"
	}
	}, 
	"Tuner": {
	"lists": {
		"0": "Control in progress", 
		"1": "Control complete and OK", 
		"2": "Control complete and NOK"
	}
	}, 
	"systemSupplierIdentifier": {
	"bytesascii": true, 
	"bytescount": 9, 
	"byte": true, 
	"bitscount": 72, 
	"comment": "systemSupplierIdentifier"
	}, 
	"BT_HW_identifier": {
	"comment": "BT Hardware Identifier", 
	"bytescount": 3, 
	"byte": true, 
	"bitscount": 24
	}, 
	"CANM.ClusterCounter": {
	"bitscount": 6, 
	"lists": {
		"0": "0", 
		"1": "1", 
		"2": "2", 
		"3": "3", 
		"4": "4", 
		"5": "5", 
		"6": "6", 
		"7": "7", 
		"8": "8", 
		"9": "9", 
		"10": "10", 
		"11": "11", 
		"12": "12", 
		"13": "13", 
		"14": "14", 
		"15": "15", 
		"16": "16", 
		"17": "17", 
		"18": "18", 
		"19": "19", 
		"20": "20", 
		"21": "21", 
		"22": "22", 
		"23": "23", 
		"24": "24", 
		"25": "25", 
		"26": "26", 
		"27": "27", 
		"28": "28", 
		"29": "29", 
		"30": "30", 
		"31": "31", 
		"32": "32", 
		"33": "33", 
		"34": "34", 
		"35": "35", 
		"36": "36", 
		"37": "37", 
		"38": "38", 
		"39": "39", 
		"40": "40", 
		"63": "Not Checked"
	}
	}, 
	"DTCDeviceIdentifier": {
	"bytescount": 2, 
	"bitscount": 16, 
	"lists": {
		"39680": "Bus Signal / Message Failures", 
		"39681": "circuit voltage out of range", 
		"39682": "circuit current out of range", 
		"39683": "internal electronic failure", 
		"39684": "Virgin or incomplete configuration", 
		"39685": "LED Connection Failure"
	}
	}, 
	"CD_drive.Eject": {
	"comment": "key status- Eject Button", 
	"bitscount": 1, 
	"lists": {
		"0": "Not pressed", 
		"1": "Pressed"
	}
	}, 
	"DTCStatus.testFailedSinceLastClear": {
	"comment": "DTC Test failes since last clear", 
	"bitscount": 1, 
	"lists": {
		"0": "No", 
		"1": "Yes"
	}
	}, 
	"VID": {
	"comment": "VehicleIdentifier first value", 
	"bytescount": 4, 
	"byte": true, 
	"bitscount": 32
	}, 
	"KitAssemblyPartNumber": {
	"bytesascii": true, 
	"bytescount": 10, 
	"byte": true, 
	"bitscount": 80, 
	"comment": "Kit Assembly Part Number"
	}, 
	"VIN": {
	"bytesascii": true, 
	"bytescount": 17, 
	"byte": true, 
	"bitscount": 136, 
	"comment": "Serial number of the car, written at Renault factory"
	}, 
	"DTCStatus.testNotCompletedSinceLastClear": {
	"comment": "DTC Test not complete since last clear", 
	"bitscount": 1, 
	"lists": {
		"0": "No", 
		"1": "Yes"
	}
	}, 
	"CD_Insertion": {
	"comment": "Status of CD", 
	"lists": {
		"0": "No CD", 
		"1": "1 CD", 
		"255": "No available information"
	}
	}, 
	"DTC Occurrence Counter": {
	"scaled": true, 
	"comment": "DTC Occurrence Counter"
	}, 
	"Loudspeaker": {
	"lists": {
		"0": "Control in progress", 
		"1": "Control complete and OK", 
		"2": "Control complete and NOK"
	}
	}, 
	"IndexSrvData": {
	"bytesascii": true, 
	"bytescount": 10, 
	"byte": true, 
	"bitscount": 80, 
	"comment": "IndexSrvData"
	}, 
	"Configuration_Hash_Value": {
	"comment": "Configuration_Hash_Value", 
	"bytescount": 20, 
	"byte": true, 
	"bitscount": 160
	}, 
	"CANM.BusOff": {
	"bitscount": 2, 
	"lists": {
		"0": "Present", 
		"2": "Missing", 
		"3": "Missing Confirmed"
	}
	}, 
	"IO.Tone_Frequency": {
	"scaled": true, 
	"comment": "tone frequency", 
	"bitscount": 7, 
	"unit": "X100Hz"
	}, 
	"CANV.USMCounter": {
	"bitscount": 6, 
	"lists": {
		"0": "0", 
		"1": "1", 
		"2": "2", 
		"3": "3", 
		"4": "4", 
		"5": "5", 
		"6": "6", 
		"7": "7", 
		"8": "8", 
		"9": "9", 
		"10": "10", 
		"11": "11", 
		"12": "12", 
		"13": "13", 
		"14": "14", 
		"15": "15", 
		"16": "16", 
		"17": "17", 
		"18": "18", 
		"19": "19", 
		"20": "20", 
		"21": "21", 
		"22": "22", 
		"23": "23", 
		"24": "24", 
		"25": "25", 
		"26": "26", 
		"27": "27", 
		"28": "28", 
		"29": "29", 
		"30": "30", 
		"31": "31", 
		"32": "32", 
		"33": "33", 
		"34": "34", 
		"35": "35", 
		"36": "36", 
		"37": "37", 
		"38": "38", 
		"39": "39", 
		"40": "40", 
		"63": "Not Checked"
	}
	}, 
	"IO.Bluetooth_Address": {
	"comment": "BT equipment address", 
	"bytescount": 6, 
	"byte": true, 
	"bitscount": 48
	}, 
	"DTCStatus.warningIndicatorRequested": {
	"scaled": true, 
	"bitscount": 1
	}, 
	"IO.Bluetooth_Indicator": {
	"scaled": true, 
	"comment": "Bluetooth Indicator", 
	"offset": -127.0
	}, 
	"SecondaryOperationnalReference": {
	"bytesascii": true, 
	"bytescount": 10, 
	"byte": true, 
	"bitscount": 80, 
	"comment": "MultimediaSoftwareIdentifier"
	}, 
	"Fan activation duration": {
	"scaled": true, 
	"bytescount": 2, 
	"comment": "Fan activation duration", 
	"bitscount": 16, 
	"unit": "min"
	}, 
	"DTCExtendedData.AgingCounter": {
	"scaled": true
	}, 
	"IO.Tuner_Frequency": {
	"bytesascii": true, 
	"bytescount": 5, 
	"byte": true, 
	"bitscount": 40, 
	"comment": "Tuner settings frequency"
	}, 
	"CANM.MuteCounter": {
	"bitscount": 6, 
	"lists": {
		"0": "0", 
		"1": "1", 
		"2": "2", 
		"3": "3", 
		"4": "4", 
		"5": "5", 
		"6": "6", 
		"7": "7", 
		"8": "8", 
		"9": "9", 
		"10": "10", 
		"11": "11", 
		"12": "12", 
		"13": "13", 
		"14": "14", 
		"15": "15", 
		"16": "16", 
		"17": "17", 
		"18": "18", 
		"19": "19", 
		"20": "20", 
		"21": "21", 
		"22": "22", 
		"23": "23", 
		"24": "24", 
		"25": "25", 
		"26": "26", 
		"27": "27", 
		"28": "28", 
		"29": "29", 
		"30": "30", 
		"31": "31", 
		"32": "32", 
		"33": "33", 
		"34": "34", 
		"35": "35", 
		"36": "36", 
		"37": "37", 
		"38": "38", 
		"39": "39", 
		"40": "40", 
		"63": "Not Checked"
	}
	}, 
	"Control of WCBS charging": {
	"lists": {
		"0": "OFF", 
		"1": "ON"
	}
	}, 
	"ECUSerialNumber": {
	"bytesascii": true, 
	"bytescount": 20, 
	"byte": true, 
	"bitscount": 160, 
	"comment": "ECUSerialNumber"
	}, 
	"CANV.ECMCounter": {
	"bitscount": 6, 
	"lists": {
		"0": "0", 
		"1": "1", 
		"2": "2", 
		"3": "3", 
		"4": "4", 
		"5": "5", 
		"6": "6", 
		"7": "7", 
		"8": "8", 
		"9": "9", 
		"10": "10", 
		"11": "11", 
		"12": "12", 
		"13": "13", 
		"14": "14", 
		"15": "15", 
		"16": "16", 
		"17": "17", 
		"18": "18", 
		"19": "19", 
		"20": "20", 
		"21": "21", 
		"22": "22", 
		"23": "23", 
		"24": "24", 
		"25": "25", 
		"26": "26", 
		"27": "27", 
		"28": "28", 
		"29": "29", 
		"30": "30", 
		"31": "31", 
		"32": "32", 
		"33": "33", 
		"34": "34", 
		"35": "35", 
		"36": "36", 
		"37": "37", 
		"38": "38", 
		"39": "39", 
		"40": "40", 
		"63": "Not Checked"
	}
	}, 
	"systemSupplierECUSoftwareNumber": {
	"bytesascii": true, 
	"bytescount": 7, 
	"byte": true, 
	"bitscount": 56, 
	"comment": "systemSupplierECUSoftwareNumber"
	}, 
	"DTCStatusAvailabilityMask": {
	"scaled": true, 
	"comment": "DTCS tatus Availability Mask"
	}, 
	"vehicleManufacturerECUSoftwareNumber_old1": {
	"bytesascii": true, 
	"bytescount": 10, 
	"byte": true, 
	"bitscount": 80, 
	"comment": "vehicleManufacturerECUSoftwareNumber"
	}, 
	"CANV.Cluster": {
	"bitscount": 2, 
	"lists": {
		"0": "Present", 
		"2": "Missing", 
		"3": "Missing Confirmed"
	}
	}, 
	"Charging_Time": {
	"scaled": true, 
	"comment": "Charging_Time", 
	"unit": "min"
	}, 
	"CANM.CentralPanelCounter": {
	"bitscount": 6, 
	"lists": {
		"0": "0", 
		"1": "1", 
		"2": "2", 
		"3": "3", 
		"4": "4", 
		"5": "5", 
		"6": "6", 
		"7": "7", 
		"8": "8", 
		"9": "9", 
		"10": "10", 
		"11": "11", 
		"12": "12", 
		"13": "13", 
		"14": "14", 
		"15": "15", 
		"16": "16", 
		"17": "17", 
		"18": "18", 
		"19": "19", 
		"20": "20", 
		"21": "21", 
		"22": "22", 
		"23": "23", 
		"24": "24", 
		"25": "25", 
		"26": "26", 
		"27": "27", 
		"28": "28", 
		"29": "29", 
		"30": "30", 
		"31": "31", 
		"32": "32", 
		"33": "33", 
		"34": "34", 
		"35": "35", 
		"36": "36", 
		"37": "37", 
		"38": "38", 
		"39": "39", 
		"40": "40", 
		"63": "Not Checked"
	}
	}, 
	"Manufacturer of receiver's charging IC": {
	"comment": "Manufacturer of receiver's charging IC", 
	"lists": {
		"0": "Unknown", 
		"1": "Samsung", 
		"2": "LGE", 
		"3": "Nokia", 
		"4": "Motorola", 
		"5": "Apple", 
		"6": "Others"
	}
	}, 
	"CANV.TCUCounter": {
	"bitscount": 6, 
	"lists": {
		"0": "0", 
		"1": "1", 
		"2": "2", 
		"3": "3", 
		"4": "4", 
		"5": "5", 
		"6": "6", 
		"7": "7", 
		"8": "8", 
		"9": "9", 
		"10": "10", 
		"11": "11", 
		"12": "12", 
		"13": "13", 
		"14": "14", 
		"15": "15", 
		"16": "16", 
		"17": "17", 
		"18": "18", 
		"19": "19", 
		"20": "20", 
		"21": "21", 
		"22": "22", 
		"23": "23", 
		"24": "24", 
		"25": "25", 
		"26": "26", 
		"27": "27", 
		"28": "28", 
		"29": "29", 
		"30": "30", 
		"31": "31", 
		"32": "32", 
		"33": "33", 
		"34": "34", 
		"35": "35", 
		"36": "36", 
		"37": "37", 
		"38": "38", 
		"39": "39", 
		"40": "40", 
		"63": "Not Checked"
	}
	}, 
	"Status mask": {
	"comment": "Mask of DTC status to reply with 1 byte", 
	"lists": {
		"0": "Test Failed", 
		"3": "Confirmed DTC", 
		"4": "Test Not Complete Since Last Clear", 
		"5": "Test Failed Since Last Clear"
	}
	}, 
	"GPS.Number_of_satellites": {
	"scaled": true, 
	"comment": "Number_of_satellites", 
	"bitscount": 4
	}, 
	"Operating frequency": {
	"scaled": true, 
	"comment": "Operating frequency", 
	"unit": "kHz"
	}, 
	"GPS.Reception_status": {
	"comment": "Reception_status", 
	"bitscount": 1, 
	"lists": {
		"0": "No satellite", 
		"1": "At least one satellite"
	}
	}, 
	"Input voltage": {
	"scaled": true, 
	"divideby": 5.0, 
	"comment": "Input voltage", 
	"unit": "V"
	}, 
	"DTCStatus.testNotCompletedThisMonitoringCycle": {
	"scaled": true, 
	"bitscount": 1
	}, 
	"CANV.USACounter": {
	"bitscount": 6, 
	"lists": {
		"0": "0", 
		"1": "1", 
		"2": "2", 
		"3": "3", 
		"4": "4", 
		"5": "5", 
		"6": "6", 
		"7": "7", 
		"8": "8", 
		"9": "9", 
		"10": "10", 
		"11": "11", 
		"12": "12", 
		"13": "13", 
		"14": "14", 
		"15": "15", 
		"16": "16", 
		"17": "17", 
		"18": "18", 
		"19": "19", 
		"20": "20", 
		"21": "21", 
		"22": "22", 
		"23": "23", 
		"24": "24", 
		"25": "25", 
		"26": "26", 
		"27": "27", 
		"28": "28", 
		"29": "29", 
		"30": "30", 
		"31": "31", 
		"32": "32", 
		"33": "33", 
		"34": "34", 
		"35": "35", 
		"36": "36", 
		"37": "37", 
		"38": "38", 
		"39": "39", 
		"40": "40", 
		"63": "Not Checked"
	}
	}, 
	"Firmware Version": {
	"comment": "Firmware Version", 
	"lists": {
		"0": "Unknown", 
		"1": "V1.1", 
		"2": "V1.2", 
		"3": "V1.3", 
		"4": "V1.4", 
		"5": "V1.5", 
		"6": "V1.6", 
		"7": "V1.7", 
		"8": "V1.8", 
		"9": "V1.9", 
		"10": "V2.0", 
		"11": "V2.1", 
		"12": "V2.2", 
		"13": "V2.3", 
		"14": "V2.4", 
		"15": "V2.5"
	}
	}, 
	"VehicleManufacturerECUHardwareNumber_DAI": {
	"bytesascii": true, 
	"bytescount": 10, 
	"byte": true, 
	"bitscount": 80, 
	"comment": "VehicleManufacturerECUHardwareNumber_DAI"
	}, 
	"System temperature": {
	"scaled": true, 
	"comment": "System temperature-Internal Ambient Temp", 
	"unit": "\u00b0C", 
	"offset": -40.0
	}, 
	"Voltage of charging coil": {
	"scaled": true, 
	"divideby": 5.0, 
	"comment": "Voltage of charging coil", 
	"unit": "V"
	}, 
	"BT_ECU_address": {
	"comment": "BT ECU adress", 
	"bytescount": 6, 
	"byte": true, 
	"bitscount": 48
	}, 
	"CANM.CDdriveCounter": {
	"bitscount": 6, 
	"lists": {
		"0": "0", 
		"1": "1", 
		"2": "2", 
		"3": "3", 
		"4": "4", 
		"5": "5", 
		"6": "6", 
		"7": "7", 
		"8": "8", 
		"9": "9", 
		"10": "10", 
		"11": "11", 
		"12": "12", 
		"13": "13", 
		"14": "14", 
		"15": "15", 
		"16": "16", 
		"17": "17", 
		"18": "18", 
		"19": "19", 
		"20": "20", 
		"21": "21", 
		"22": "22", 
		"23": "23", 
		"24": "24", 
		"25": "25", 
		"26": "26", 
		"27": "27", 
		"28": "28", 
		"29": "29", 
		"30": "30", 
		"31": "31", 
		"32": "32", 
		"33": "33", 
		"34": "34", 
		"35": "35", 
		"36": "36", 
		"37": "37", 
		"38": "38", 
		"39": "39", 
		"40": "40", 
		"63": "Not Checked"
	}
	}, 
	"OutputPermanentControlList": {
	"comment": "MM2014 IO Control List", 
	"bytescount": 2, 
	"bitscount": 16, 
	"lists": {
		"36864": "Control of yellow LED", 
		"36865": "Control of Green LED", 
		"36866": "Control of WCBS charging"
	}
	}, 
	"Existence of foreign object": {
	"comment": "Existence of foreign object", 
	"lists": {
		"0": "Unavailable", 
		"1": "No", 
		"2": "Yes"
	}
	}, 
	"CDejection": {
	"lists": {
		"0": "Control in progress", 
		"1": "Control complete and OK", 
		"2": "Control complete and NOK"
	}
	}, 
	"ConfigurationDataReferenceAfterConfigurationProcess": {
	"bytesascii": true, 
	"bytescount": 10, 
	"byte": true, 
	"bitscount": 80, 
	"comment": "ConfigurationDataReferenceAfterConfigurationProcess"
	}, 
	"diagnosticVersion": {
	"comment": "Alliance specific: VDIAG", 
	"byte": true
	}, 
	"CANM.TCUCounter": {
	"bitscount": 6, 
	"lists": {
		"0": "0", 
		"1": "1", 
		"2": "2", 
		"3": "3", 
		"4": "4", 
		"5": "5", 
		"6": "6", 
		"7": "7", 
		"8": "8", 
		"9": "9", 
		"10": "10", 
		"11": "11", 
		"12": "12", 
		"13": "13", 
		"14": "14", 
		"15": "15", 
		"16": "16", 
		"17": "17", 
		"18": "18", 
		"19": "19", 
		"20": "20", 
		"21": "21", 
		"22": "22", 
		"23": "23", 
		"24": "24", 
		"25": "25", 
		"26": "26", 
		"27": "27", 
		"28": "28", 
		"29": "29", 
		"30": "30", 
		"31": "31", 
		"32": "32", 
		"33": "33", 
		"34": "34", 
		"35": "35", 
		"36": "36", 
		"37": "37", 
		"38": "38", 
		"39": "39", 
		"40": "40", 
		"63": "Not Checked"
	}
	}, 
	"Microphone": {
	"comment": "Microphone Result", 
	"lists": {
		"0": "Control in progress", 
		"1": "Control complete and OK", 
		"2": "Control complete and NOK"
	}
	}, 
	"vehicleManufacturerECUHardwareNumber": {
	"bytesascii": true, 
	"bytescount": 10, 
	"byte": true, 
	"bitscount": 80, 
	"comment": "vehicleManufacturerECUHardwareNumber"
	}, 
	"Power loss between charger and receiver": {
	"scaled": true, 
	"comment": "Power loss between charger and receiver", 
	"unit": "W"
	}, 
	"Object detected": {
	"comment": "Object_Detected_State", 
	"lists": {
		"0": "Unavailable", 
		"1": "No", 
		"2": "Yes"
	}
	}, 
	"VehicleManufacturerECUSoftwareNumber_DAI": {
	"bytesascii": true, 
	"bytescount": 20, 
	"byte": true, 
	"bitscount": 160, 
	"comment": "VehicleManufacturerECUSoftwareNumber_DAI"
	}, 
	"DTCFailureType.Category": {
	"bitscount": 4, 
	"lists": {
		"0": "General Failure Information", 
		"1": "General Electrical Failures", 
		"2": "General Signal Failures", 
		"3": "FM / PWM Failures", 
		"4": "System Internal Failures", 
		"5": "System Programming Failures", 
		"6": "Algorithm Based Failures", 
		"7": "Mechanical Failures", 
		"8": "Bus Signal / Message Failures", 
		"9": "Component Failures", 
		"15": "Vehicle manufacturer / System supplier specific"
	}
	}, 
	"Rear Camera Configuration": {
	"lists": {
		"0": "Control in progress", 
		"1": "Control complete and OK", 
		"2": "Control complete and NOK"
	}
	}, 
	"Control of yellow LED": {
	"comment": "Control of orange LED", 
	"lists": {
		"0": "OFF", 
		"1": "ON"
	}
	}, 
	"DTCStatus.pendingDTC": {
	"scaled": true, 
	"bitscount": 1
	}, 
	"CANM.HMD": {
	"bitscount": 2, 
	"lists": {
		"0": "Present", 
		"2": "Missing", 
		"3": "Missing Confirmed"
	}
	}, 
	"Current of charging coil": {
	"scaled": true, 
	"divideby": 100.0, 
	"step": 5.0, 
	"comment": "Current of charging coil", 
	"unit": "A"
	}, 
	"Guidelines computation": {
	"comment": "Guidelines computation", 
	"lists": {
		"0": "Guidelines not computed", 
		"1": "Guidelines computed"
	}
	}, 
	"CANV.BusOffCounter": {
	"bitscount": 6, 
	"lists": {
		"0": "0", 
		"1": "1", 
		"2": "2", 
		"3": "3", 
		"4": "4", 
		"5": "5", 
		"6": "6", 
		"7": "7", 
		"8": "8", 
		"9": "9", 
		"10": "10", 
		"11": "11", 
		"12": "12", 
		"13": "13", 
		"14": "14", 
		"15": "15", 
		"16": "16", 
		"17": "17", 
		"18": "18", 
		"19": "19", 
		"20": "20", 
		"21": "21", 
		"22": "22", 
		"23": "23", 
		"24": "24", 
		"25": "25", 
		"26": "26", 
		"27": "27", 
		"28": "28", 
		"29": "29", 
		"30": "30", 
		"31": "31", 
		"32": "32", 
		"33": "33", 
		"34": "34", 
		"35": "35", 
		"36": "36", 
		"37": "37", 
		"38": "38", 
		"39": "39", 
		"40": "40", 
		"63": "No Checked"
	}
	}, 
	"CANM.CentralPanel": {
	"bitscount": 2, 
	"lists": {
		"0": "Present", 
		"2": "Missing", 
		"3": "Missing Confirmed"
	}
	}, 
	"systemSupplierECUSoftwareVersionNumber": {
	"bytesascii": true, 
	"bytescount": 7, 
	"byte": true, 
	"bitscount": 56, 
	"comment": "systemSupplierECUSoftwareVersionNumber"
	}, 
	"Diagnosis ID": {
	"comment": "WCBS_Diag_ID", 
	"lists": {
		"0": "Unavailable", 
		"1": "Driver", 
		"2": "Passenger"
	}
	}, 
	"Rear Camera Activation": {
	"lists": {
		"0": "Control in progress", 
		"1": "Control complete and OK", 
		"2": "Control complete and NOK"
	}
	}, 
	"CANV.MuteCounter": {
	"bitscount": 6, 
	"lists": {
		"0": "0", 
		"1": "1", 
		"2": "2", 
		"3": "3", 
		"4": "4", 
		"5": "5", 
		"6": "6", 
		"7": "7", 
		"8": "8", 
		"9": "9", 
		"10": "10", 
		"11": "11", 
		"12": "12", 
		"13": "13", 
		"14": "14", 
		"15": "15", 
		"16": "16", 
		"17": "17", 
		"18": "18", 
		"19": "19", 
		"20": "20", 
		"21": "21", 
		"22": "22", 
		"23": "23", 
		"24": "24", 
		"25": "25", 
		"26": "26", 
		"27": "27", 
		"28": "28", 
		"29": "29", 
		"30": "30", 
		"31": "31", 
		"32": "32", 
		"33": "33", 
		"34": "34", 
		"35": "35", 
		"36": "36", 
		"37": "37", 
		"38": "38", 
		"39": "39", 
		"40": "40", 
		"63": "Not Checked"
	}
	}, 
	"BT_SW_identifier": {
	"comment": "BT Software Identifier", 
	"bytescount": 3, 
	"byte": true, 
	"bitscount": 24
	}, 
	"DTCFailureType.ManufacturerOrSupplier": {
	"bitscount": 4
	}, 
	"CANV.ECM": {
	"bitscount": 2, 
	"lists": {
		"0": "Present", 
		"2": "Missing", 
		"3": "Missing Confirmed"
	}
	}, 
	"CANV.Brake": {
	"bitscount": 2, 
	"lists": {
		"0": "Present", 
		"2": "Missing", 
		"3": "Missing Confirmed"
	}
	}, 
	"CANV.BrakeCounter": {
	"bitscount": 6, 
	"lists": {
		"0": "0", 
		"1": "1", 
		"2": "2", 
		"3": "3", 
		"4": "4", 
		"5": "5", 
		"6": "6", 
		"7": "7", 
		"8": "8", 
		"9": "9", 
		"10": "10", 
		"11": "11", 
		"12": "12", 
		"13": "13", 
		"14": "14", 
		"15": "15", 
		"16": "16", 
		"17": "17", 
		"18": "18", 
		"19": "19", 
		"20": "20", 
		"21": "21", 
		"22": "22", 
		"23": "23", 
		"24": "24", 
		"25": "25", 
		"26": "26", 
		"27": "27", 
		"28": "28", 
		"29": "29", 
		"30": "30", 
		"31": "31", 
		"32": "32", 
		"33": "33", 
		"34": "34", 
		"35": "35", 
		"36": "36", 
		"37": "37", 
		"38": "38", 
		"39": "39", 
		"40": "40", 
		"63": "Not Checked"
	}
	}, 
	"System power on": {
	"comment": "WCBS_Power_State", 
	"lists": {
		"0": "Unavailable", 
		"1": "Yes", 
		"2": "No"
	}
	}, 
	"Speed information": {
	"scaled": true, 
	"bytescount": 2, 
	"divideby": 100.0, 
	"bitscount": 16, 
	"comment": "Speed information"
	}, 
	"DTCStatus.testFailedThisMonitoringCycle": {
	"scaled": true, 
	"bitscount": 1
	}, 
	"stop charing request from HFM": {
	"comment": "stop charing request from HFM", 
	"lists": {
		"0": "No request", 
		"1": "Stop requested"
	}
	}, 
	"CANM.TCU": {
	"bitscount": 2, 
	"lists": {
		"0": "Present", 
		"2": "Missing", 
		"3": "Missing Confirmed"
	}
	}, 
	"vehicleManufacturerSparePartNumber": {
	"bytesascii": true, 
	"bytescount": 10, 
	"byte": true, 
	"bitscount": 80, 
	"comment": "Spare Part Number"
	}, 
	"CANV.USA": {
	"bitscount": 2, 
	"lists": {
		"0": "Present", 
		"2": "Missing", 
		"3": "Missing Confirmed"
	}
	}, 
	"IO.Loudspeaker_Number": {
	"comment": "loudspeaker line", 
	"lists": {
		"1": "front left loudspeaker line", 
		"2": "front right loudspeaker line", 
		"3": "rear right loudspeaker line", 
		"4": "rear left loudspeaker line", 
		"5": "subwoofer line"
	}
	}, 
	"CANV.USM": {
	"bitscount": 2, 
	"lists": {
		"0": "Present", 
		"2": "Missing", 
		"3": "Missing Confirmed"
	}
	}, 
	"Threshold of OTP temperature configuration": {
	"scaled": true, 
	"comment": "Threshold of OTP temperature configuration", 
	"unit": "\u00b0C"
	}, 
	"CANV.ClusterCounter": {
	"bitscount": 6, 
	"lists": {
		"0": "0", 
		"1": "1", 
		"2": "2", 
		"3": "3", 
		"4": "4", 
		"5": "5", 
		"6": "6", 
		"7": "7", 
		"8": "8", 
		"9": "9", 
		"10": "10", 
		"11": "11", 
		"12": "12", 
		"13": "13", 
		"14": "14", 
		"15": "15", 
		"16": "16", 
		"17": "17", 
		"18": "18", 
		"19": "19", 
		"20": "20", 
		"21": "21", 
		"22": "22", 
		"23": "23", 
		"24": "24", 
		"25": "25", 
		"26": "26", 
		"27": "27", 
		"28": "28", 
		"29": "29", 
		"30": "30", 
		"31": "31", 
		"32": "32", 
		"33": "33", 
		"34": "34", 
		"35": "35", 
		"36": "36", 
		"37": "37", 
		"38": "38", 
		"39": "39", 
		"40": "40", 
		"63": "Not Checked"
	}
	}, 
	"CANM.Mute": {
	"bitscount": 2, 
	"lists": {
		"0": "Present", 
		"2": "Missing", 
		"3": "Missing Confirmed"
	}
	}, 
	"Charging standard and version of receiver": {
	"comment": "Charging standard and version of receiver", 
	"lists": {
		"0": "Unavailable", 
		"1": "WPC 1.0", 
		"2": "WPC 1.1", 
		"3": "WPC 1.2", 
		"4": "WPC x.x", 
		"5": "PMA", 
		"6": "A4WP"
	}
	}, 
	"Received power reported by receiver": {
	"scaled": true, 
	"comment": "Received power reported by receiver", 
	"unit": "W"
	}, 
	"DTCFormatIdentifier": {
	"lists": {
		"0": "SAE_J2012-DA_DTCFormat", 
		"1": "ISO_14229-1_DTCFormat", 
		"2": "SAE_J1939-73_DTCFormat", 
		"3": "ISO_11992-4_DTCFormat", 
		"4": "SAE_J2012-DA_WWHOBD_DTCFormat"
	}
	}, 
	"Phone detected": {
	"comment": "Phone detected", 
	"lists": {
		"0": "Unavailable", 
		"1": "No", 
		"2": "Yes"
	}
	}, 
	"Graphic display test": {
	"lists": {
		"0": "Control in progress", 
		"1": "Control complete and OK", 
		"2": "Control complete and NOK"
	}
	}, 
	"Parametric guidelines command": {
	"lists": {
		"0": "Control in progress", 
		"1": "Control complete and OK", 
		"2": "Control complete and NOK"
	}
	}, 
	"CANM.RefMessagerie": {
	"comment": "version \u00e9dition du document d\u00e9crivant la messagerie CAN-M", 
	"bytescount": 2, 
	"byte": true, 
	"bitscount": 16
	}, 
	"Time from engine stopped": {
	"scaled": true, 
	"bytescount": 2, 
	"bitscount": 16, 
	"comment": "Time from engine stopped"
	}, 
	"Degraded mode cumulated duration": {
	"scaled": true, 
	"bytescount": 2, 
	"bitscount": 16, 
	"comment": "Degraded mode cumulated duration"
	}, 
	"DTCFailureType": {
	"lists": {
		"0": "Device and failure type ODB codding", 
		"1": "General Electrical Failure", 
		"2": "General signal failure", 
		"3": "FM / PWM Failures", 
		"4": "System Internal Failures", 
		"5": "System Programming Failures", 
		"6": "Algorithm Based Failures", 
		"7": "Mechanical Failures", 
		"8": "Bus Signal / Message Failures", 
		"9": "Component Failures", 
		"17": "circuit short to ground", 
		"18": "circuit short to battery", 
		"19": "circuit open", 
		"20": "circuit short to ground or open", 
		"21": "circuit short to battery or open", 
		"22": "circuit voltage below threshold", 
		"23": "circuit voltage above threshold", 
		"24": "circuit current below threshold", 
		"25": "circuit current above threshold", 
		"26": "circuit resistance below threshold", 
		"27": "circuit resistance above threshold", 
		"28": "circuit voltage out of range", 
		"29": "circuit current out of range", 
		"30": "circuit resistance out of range", 
		"31": "circuit intermittent", 
		"33": "signal amplitude < minimum", 
		"34": "signal amplitude > maximum", 
		"35": "signal stuck low", 
		"36": "signal stuck high", 
		"37": "signal shape / waveform failure", 
		"38": "signal rate of change below threshold", 
		"39": "signal rate of change above threshold", 
		"40": "signal level out of range/zero adjustment failure", 
		"41": "signal signal invalid", 
		"47": "signal erratic", 
		"49": "no signal", 
		"50": "signal low time < minimum", 
		"51": "signal low time > maximum", 
		"52": "signal high time < minimum", 
		"53": "signal high time > maximum", 
		"54": "signal frequency too low", 
		"55": "signal frequency too high", 
		"56": "signal frequency incorrect", 
		"57": "incorrect has too few pulses", 
		"58": "incorrect has too many pulses", 
		"65": "general checksum failure", 
		"66": "general memory failure", 
		"67": "special memory failure", 
		"68": "data memory failure", 
		"69": "program memory failure", 
		"70": "calibration / parameter memory failure", 
		"71": "watchdog / safety \u00b5C failure", 
		"72": "supervision software failure", 
		"73": "internal electronic failure", 
		"74": "incorrect component installed", 
		"75": "over temperature", 
		"81": "not programmed", 
		"82": "not activated", 
		"83": "deactivated", 
		"84": "missing calibration", 
		"85": "not configured", 
		"97": "signal calculation failure", 
		"98": "signal compare failure", 
		"99": "circuit / component protection time-out", 
		"100": "signal plausibility failure", 
		"101": "signal has too few transitions / events", 
		"102": "signal has too many transitions / events", 
		"103": "signal incorrect after event", 
		"104": "event information", 
		"113": "actuator stuck", 
		"114": "actuator stuck open", 
		"115": "actuator stuck closed", 
		"116": "actuator slipping", 
		"117": "emergency position not reachable", 
		"118": "wrong mounting position", 
		"119": "commanded position not reachable", 
		"120": "alignment or adjustment incorrect", 
		"121": "mechanical linkage failure", 
		"122": "fluid leak or seal failure", 
		"123": "low fluid level", 
		"129": "invalid serial data received", 
		"130": "alive / sequence counter incorrect / not updated", 
		"131": "value of signal protection calculation incorrect", 
		"132": "signal below allowable range", 
		"133": "signal above allowable range", 
		"134": "signal invalid", 
		"135": "missing message", 
		"136": "bus off", 
		"143": "erratic", 
		"145": "parametric", 
		"146": "performance or incorrect operation", 
		"147": "no operation", 
		"148": "unexpected operation", 
		"149": "incorrect assembly", 
		"150": "component internal failure", 
		"151": "Component | system operation obstructed or blocked", 
		"152": "component or system over temperature"
	}
	}, 
	"StatusOfDTC": {
	"scaled": true, 
	"comment": "StatusOfDTC"
	}, 
	"IO.RearviewCameraActivation": {
	"comment": "RearViewCameraActivation", 
	"lists": {
		"0": "OFF", 
		"1": "ON"
	}
	}, 
	"BootVersion.ModuleNumber": {
	"comment": "ModuleNumber", 
	"byte": true
	}, 
	"DTCDeviceAndFailureTypeOBD": {
	"bytescount": 2, 
	"bitscount": 16
	}, 
	"CANM.HMDCounter": {
	"bitscount": 6, 
	"lists": {
		"0": "0", 
		"1": "1", 
		"2": "2", 
		"3": "3", 
		"4": "4", 
		"5": "5", 
		"6": "6", 
		"7": "7", 
		"8": "8", 
		"9": "9", 
		"10": "10", 
		"11": "11", 
		"12": "12", 
		"13": "13", 
		"14": "14", 
		"15": "15", 
		"16": "16", 
		"17": "17", 
		"18": "18", 
		"19": "19", 
		"20": "20", 
		"21": "21", 
		"22": "22", 
		"23": "23", 
		"24": "24", 
		"25": "25", 
		"26": "26", 
		"27": "27", 
		"28": "28", 
		"29": "29", 
		"30": "30", 
		"31": "31", 
		"32": "32", 
		"33": "33", 
		"34": "34", 
		"35": "35", 
		"36": "36", 
		"37": "37", 
		"38": "38", 
		"39": "39", 
		"40": "40", 
		"63": "Not Checked"
	}
	}, 
	"VehicleManufacturerSparePartNumber_N": {
	"bytesascii": true, 
	"bytescount": 10, 
	"byte": true, 
	"bitscount": 80, 
	"comment": "VehicleManufacturerSparePartNumber_N"
	}, 
	"Fan activation counter": {
	"scaled": true, 
	"comment": "Fan activation counter"
	}, 
	"Input current": {
	"scaled": true, 
	"divideby": 100.0, 
	"step": 5.0, 
	"comment": "Input current", 
	"unit": "A"
	}, 
	"CANM.Ampli": {
	"bitscount": 2, 
	"lists": {
		"0": "Present", 
		"2": "Missing", 
		"3": "Missing Confirmed"
	}
	}, 
	"CANM.AmpliCounter": {
	"bitscount": 6, 
	"lists": {
		"0": "0", 
		"1": "1", 
		"2": "2", 
		"3": "3", 
		"4": "4", 
		"5": "5", 
		"6": "6", 
		"7": "7", 
		"8": "8", 
		"9": "9", 
		"10": "10", 
		"11": "11", 
		"12": "12", 
		"13": "13", 
		"14": "14", 
		"15": "15", 
		"16": "16", 
		"17": "17", 
		"18": "18", 
		"19": "19", 
		"20": "20", 
		"21": "21", 
		"22": "22", 
		"23": "23", 
		"24": "24", 
		"25": "25", 
		"26": "26", 
		"27": "27", 
		"28": "28", 
		"29": "29", 
		"30": "30", 
		"31": "31", 
		"32": "32", 
		"33": "33", 
		"34": "34", 
		"35": "35", 
		"36": "36", 
		"37": "37", 
		"38": "38", 
		"39": "39", 
		"40": "40", 
		"63": "Not Checked"
	}
	}, 
	"CANV.Mute": {
	"bitscount": 2, 
	"lists": {
		"0": "Present", 
		"2": "Missing", 
		"3": "Missing Confirmed"
	}
	}, 
	"DTCStatus.confirmedDTC": {
	"comment": "Confirmation of DTC", 
	"bitscount": 1, 
	"lists": {
		"0": "No", 
		"1": "Yes"
	}
	}, 
	"DTCCount": {
	"bytescount": 2, 
	"byte": true, 
	"bitscount": 16
	}, 
	"Fingerprint": {
	"comment": "Fingerprint", 
	"bytescount": 16, 
	"byte": true, 
	"bitscount": 128
	}, 
	"Mileage": {
	"comment": "Mileage", 
	"bytescount": 3, 
	"byte": true, 
	"bitscount": 24
	}, 
	"CANV.BCM": {
	"bitscount": 2, 
	"lists": {
		"0": "Present", 
		"2": "Missing", 
		"3": "Missing Confirmed"
	}
	}, 
	"DTCExtendedData.DTCOccurrenceCounter": {
	"scaled": true
	}, 
	"CANM.Cluster": {
	"bitscount": 2, 
	"lists": {
		"0": "Present", 
		"2": "Missing", 
		"3": "Missing Confirmed"
	}
	}, 
	"OutputControlCommand": {
	"comment": "Control Parameter", 
	"lists": {
		"0": "Stop test", 
		"1": "Reset to default", 
		"2": "Freeze test", 
		"3": "Start test"
	}
	}, 
	"EE architecture configuration": {
	"comment": "EE Architecture configuration", 
	"lists": {
		"0": "C1A/T4VS (gateway)", 
		"1": "G1", 
		"2": "Others"
	}
	}, 
	"Message_Authentication_Code": {
	"comment": "Message_Authentication_Code", 
	"bytescount": 20, 
	"byte": true, 
	"bitscount": 160
	}, 
	"ID of receiver's charging IC": {
	"comment": "ID of receiver's charging IC", 
	"bytescount": 4, 
	"byte": true, 
	"bitscount": 32
	}, 
	"CANM.CSWCounter": {
	"bitscount": 6, 
	"lists": {
		"0": "0", 
		"1": "1", 
		"2": "2", 
		"3": "3", 
		"4": "4", 
		"5": "5", 
		"6": "6", 
		"7": "7", 
		"8": "8", 
		"9": "9", 
		"10": "10", 
		"11": "11", 
		"12": "12", 
		"13": "13", 
		"14": "14", 
		"15": "15", 
		"16": "16", 
		"17": "17", 
		"18": "18", 
		"19": "19", 
		"20": "20", 
		"21": "21", 
		"22": "22", 
		"23": "23", 
		"24": "24", 
		"25": "25", 
		"26": "26", 
		"27": "27", 
		"28": "28", 
		"29": "29", 
		"30": "30", 
		"31": "31", 
		"32": "32", 
		"33": "33", 
		"34": "34", 
		"35": "35", 
		"36": "36", 
		"37": "37", 
		"38": "38", 
		"39": "39", 
		"40": "40", 
		"63": "Not Checked"
	}
	}, 
	"IO.Tuner_Band": {
	"comment": "Tuner settings band", 
	"lists": {
		"1": "FM band", 
		"2": "FM 2 band", 
		"17": "AM band", 
		"33": "DAB band"
	}
	}, 
	"ECU temperature": {
	"scaled": true, 
	"comment": "ECU temperature", 
	"unit": "\u00b0C"
	}, 
	"DTCStatus.testFailed": {
	"comment": "DTC Test failed", 
	"bitscount": 1, 
	"lists": {
		"0": "No", 
		"1": "Yes"
	}
	}
}
}